Game,Câu hỏi,Đáp án
Rise of Kingdoms,Đột biến rất quan trọng vì chúng mang lại điều gì?,Biến thể di truyền là cần thiết để một quần thể có thể tiến hóa
Rise of Kingdoms,Cuốn sách nào sau đây được viết bởi Mary Shelley?,Frankenstein
Rise of Kingdoms,Kỹ năng nào sau đây KHÔNG phải là một kỹ năng của El Cid?,Tinh thần hiệp sĩ
Rise of Kingdoms,Lựa chọn nào sau đây mô tả người theo đạo độc thần?,Một người tôn thờ 1 vị thần
Rise of Kingdoms,Đơn vị nào là đơn vị đặc biệt của nền văn minh Viking?,Cuồng nhân (Chiến binh điên cuồng)
Rise of Kingdoms,"Theo truyền thuyết Arthur, trận chiến cuối cùng giữa Vua Arthur và Mordred diễn ra ở đâu?",Camlann
Rise of Kingdoms,Chỉ huy quân sự nào được gọi là “Người Giải Phóng Teutoburg”?,Hermann
Rise of Kingdoms,Tác phẩm nào sau đây được viết bởi nhà biên kịch người Pháp Pierre Corneille?,Le Cid
Rise of Kingdoms,Nền văn minh nào sau đây có thể tăng năng lực chữa lành?,Pháp
Rise of Kingdoms,Điều nào sau đây không phải là mục đích của thần thoại Hy Lạp?,Tạo ra một con đường cứu rỗi
Rise of Kingdoms,Người sáng lập của Kentucky Fried Chicken (KFC) được trao cấp bậc danh dự nào?,Đại tá
Rise of Kingdoms,Wales chính thức trở thành một phần của Vương quốc Anh dưới triều đại của vị Vua nào?,Henry VIII
Rise of Kingdoms,Cần trang bị bao nhiêu vật phẩm có cùng chất lượng để hoàn thành “Sẵn Sàng Chiến Đấu”,6
Rise of Kingdoms,Những người đàn ông và phụ nữ trốn tránh điều gì ở ngoại ô Florence trong bộ tiểu thuyết “Mười Ngày”?,Cái chết đen
Rise of Kingdoms,Hai tác phẩm chính được cho là của Homer là?,Odyssey và Iliad
Rise of Kingdoms,Yi Seong-gye là chuyên gia về lĩnh vực nào sau đây?,Đồn trú
Rise of Kingdoms,Kiến trúc nào dưới đây dùng để tập hợp quân đội Liên Minh?,Lâu đài
Rise of Kingdoms,Kỹ năng nào sau đây KHÔNG phải là một trong những kỹ năng của Matilda xứ Flanders?,Dòng máu Celtic
Rise of Kingdoms,Ai là người sở hữu tất cả mọi thứ trong vương quốc Ai Cập cổ đại?,Pharoah
Rise of Kingdoms,Gấu trúc có 5 ngón chân có móng vuốt và một ngón chân thứ sáu. Gấu trúc sử dụng ngón chân thứ sáu để làm gì?,Để cầm tre ăn
Rise of Kingdoms,Nhà khảo cổ học người Anh Howard Carter đã phát hiện ngôi mộ của Pharaoh Ai Cập cổ đại nào vào năm 1922?,Tutankhamun
Rise of Kingdoms,Chỉ Huy nào sau đây có khả năng chuyển một số đơn vị tử trận thành đơn vị bị thương nặng khi tấn công thành phố?,Charlemagne
Rise of Kingdoms,“Trận Navas de Tolosa” là một bước ngoặt lớn trong cuộc xung đột nào?,Reconquista
Rise of Kingdoms,Nhạc cụ nào sau đây có sáu dây?,Guitar
Rise of Kingdoms,Tuyên ngôn độc lập Hoa Kỳ được viết vào năm nào?,1776
Rise of Kingdoms,"Trong sách Xuất Hành, ai là người dẫn dân Do Thái đến Vùng Đất Hứa?",Moses
Rise of Kingdoms,"Trong Chiếc Rương Thần Osiris, liên minh đầu tiên chiếm đóng bút tháp nhận được bao nhiêu dịch chuyển?",8
Rise of Kingdoms,Tổ chức nghệ thuật nào được biết đến như là “kho báu quốc gia” của Canada?,Cirque du Soleil
Rise of Kingdoms,Ai là tác giả đã viết cuốn sách nổi tiếng “Sapiens: Lược Sử Loài Người”?,Yuval Noah Harari
Rise of Kingdoms,Nước Anh đã đối đầu với quốc gia nào trong Trận Agincourt?,Pháp
Rise of Kingdoms,Pharaoh nào đã ra lệnh xây dựng đền Abu Simbel?,Ramesses II
Rise of Kingdoms,Chúng ta thường ăn bộ phận nào của cây khoai tây?,Thân
Rise of Kingdoms,Người Ai Cập làm giấy từ nguyên liệu nào?,Giấy cói
Rise of Kingdoms,Điều hòa được phát minh ở nước nào?,Mỹ
Rise of Kingdoms,Chữ tượng hình thuộc hệ thống chữ viết chính thức của quốc gia nào?,Ai Cập cổ đại
Rise of Kingdoms,Lục địa nào có nhiệt độ trung bình thấp nhất?,Nam Cực
Rise of Kingdoms,Câu nào sau đây là của Tomoe Gozen?,Sức mạnh của ta đến ma quỷ cũng phải kinh hoàng
Rise of Kingdoms,Da gấu Bắc Cực có màu gì?,Đen
Rise of Kingdoms,Ai là thầy giáo của Plato?,Socrates
Rise of Kingdoms,Công Nghệ Liên Minh “Người Bảo Vệ Lãnh Thổ” tăng đặc tính nào của đội quân khi chiến đấu trong lãnh thổ Liên Minh?,Tấn công
Rise of Kingdoms,Buff nào sau đây có hiệu lực trong trận chiến Hẻm Núi Hoàng Hôn?,Buff từ trang bị
Rise of Kingdoms,"Quốc tịch của Pierre de Fermat, người đề xuất Định Lý Cuối Cùng Của Fermat là?",Pháp
Rise of Kingdoms,Cuốn sách cuối cùng của Darwin chủ yếu thảo luận về ảnh hưởng của loài vật nào đối với đất?,Giun đất
Rise of Kingdoms,Mô tả nào sau đây là chính xác về tầng bình lưu?,Ở trên ấm ở dưới lạnh
Rise of Kingdoms,Ai là người đã thiết kế “Pháo Basilic”?,Urban
Rise of Kingdoms,Nền văn minh nào sau đây không thể tăng sức mạnh cho kỵ binh?,Ottoman
Rise of Kingdoms,Vị vua duy nhất của nước Anh bị xử tử là ai?,Charles I
Rise of Kingdoms,Người thợ mộc trứ danh Lỗ Ban đã phát minh ra công cụ hữu ích nào?,Cưa
Rise of Kingdoms,Đáp án nào sau đây KHÔNG tăng giới hạn thành viên của Liên Minh?,Bổ nhiệm sĩ quan
Rise of Kingdoms,Hành tinh nào trong hệ mặt trời quay nhanh nhất?,Sao Mộc
Rise of Kingdoms,Lựa chọn nào sau đây là “Kỹ Năng Chủ Động” của Minamoto no Yoshitsune?,Kyohachiryu
Rise of Kingdoms,Ai đã thành lập “Hạm đội Tây Ban Nha”?,Philip II
Rise of Kingdoms,Ai đã chỉ huy Quân đội kiểu mới do Quốc hội thành lập trong cuộc Nội Chiến Anh?,Cromwell
Rise of Kingdoms,Vật phẩm Tăng Cường Tấn Công (Cao Cấp) sẽ tăng tấn công lên bao nhiêu?,10%
Rise of Kingdoms,Quốc gia nào sau đây gần Bắc Cực nhất?,Phần Lan
Rise of Kingdoms,Di Sản Thế Giới Đội Quân Đất Nung được tìm thấy ở đâu?,Trong lăng mộ hoàng gia
Rise of Kingdoms,Người phụ nữ đầu tiên đoạt giải Nobel là ai?,Marie Curie
Rise of Kingdoms,Thần Taranis trong thần thoại Celtic là vị thần nào?,Thần Sấm
Rise of Kingdoms,Giải Gấu Vàng được trao tại liên hoan phim nào?,Liên hoan phim Berlin
Rise of Kingdoms,Tôn hiệu của vị hoàng đế cuối cùng của triều đại nhà Thanh của Trung Quốc là gì?,Tuyên Thống
Rise of Kingdoms,Đâu là thành phố lớn nhất Vương Quốc Anh tính theo diện tích?,London
Rise of Kingdoms,Pablo Picasso sinh ra ở đâu?,Iberia
Rise of Kingdoms,Mục đích ban đầu của Đại kim tự tháp Giza là gì?,Lăng mộ của Pharaoh Khufu
Rise of Kingdoms,Ashoka Đại đế là vị vua của vương quốc Ấn Độ cổ đại nào?,Maurya
Rise of Kingdoms,Chỉ huy nào được biết đến với tên gọi “Búa Bất Diệt”?,Charles Martel
Rise of Kingdoms,Công trình nào sau đây là công trình kinh tế?,Trung Tâm Liên Minh
Rise of Kingdoms,Kỹ năng nào sau đây KHÔNG phải là một trong các kỹ năng của Tào Tháo ?,Trận Chiến Đau Buồn
Rise of Kingdoms,Nền kinh tế Ai Cập chủ yếu dựa vào điều gì?,Nông nghiệp
Rise of Kingdoms,Ai là người đã chinh phục “Vương quốc Vandal và Alan” trong chiến tranh Vandal?,Belisarius
Rise of Kingdoms,Động vật lớn nhất hành tinh là?,Cá voi xanh
Rise of Kingdoms,Richard Tim Sư Tử và Saladin đã ký thỏa thuận ngừng bắn vào năm nào?,1192
Rise of Kingdoms,Gà trống Gaul là biểu tượng quốc gia chính thức của nước nào?,Pháp
Rise of Kingdoms,Biệt danh trong trò chơi của Cleopatra VII là gì?,Nữ Hoàng Ai Cập
Rise of Kingdoms,"Trong truyền thuyết Arthur, nữ hoàng Guinevere đã yêu Hiệp Sĩ Bàn Tròn nào?",Lancelot
Rise of Kingdoms,Hoạt động nào dưới đây KHÔNG thưởng Tín Dụng Cá Nhân?,Tấn công Người Man Rợ
Rise of Kingdoms,Thành phần chính trong muối là gì?,Natri clorua
Rise of Kingdoms,"Trong Chiếc Rương của Thần Osiris, Chiếc rương cần được lấy ở đâu?",Một tòa nhà không phải của kẻ địch
Rise of Kingdoms,Cầu Dom Luís I của Bồ Đào Nha nối liền hai thành phố nào?,"Porto, Vila Nova de Gaia"
Rise of Kingdoms,Đế quốc Mughal đã mang đạo Hồi đến đâu?,Hầu hết Ấn Độ
Rise of Kingdoms,Nhân vật nào sau đây KHÔNG phải là một trong “Ngũ Hiền Đế” của triều đại Nerva-Antonine trong lịch sử La Mã cổ đại?,Commodus
Rise of Kingdoms,"Được tạo ra lần đầu tiên ở Hy Lạp cổ đại, lời thề Hippocrates áp dụng cho nghề nghiệp nào?",Bác sĩ
Rise of Kingdoms,Tài nguyên nào sau đây không có trong quần jean?,Chì
Rise of Kingdoms,"Trong truyện tranh của hãng DC, tên thật của Batman là gì?",Bruce Wayne
Rise of Kingdoms,Ai đã viết “Yến Hội”?,Plato
Rise of Kingdoms,Tháp Kim Mậu ở Thượng Hải cao bao nhiêu tầng?,88
Rise of Kingdoms,Công ty Walt Disney có trụ sở tại bang nào?,California
Rise of Kingdoms,"“Trận Phì Thủy”, trận đánh mà một số lượng nhỏ binh lính đã chiến thắng một lực lượng khổng lồ hơn hẳn, diễn ra vào thời đại nào của lịch sử Trung Quốc?",Nhà Đông Tấn
Rise of Kingdoms,Công nghệ nào nằm ngay trước Kiếm Sĩ?,Gia công sắt
Rise of Kingdoms,"Pierre de Coubertin, người sáng lập Ủy ban Olympic Quốc tế, đã giữ danh hiệu nào?",Nam tước
Rise of Kingdoms,Chỉ huy nào thường được coi là minh chứng cho lý tưởng của “Tinh thần Bushido”?,Kusunoki Masashige
Rise of Kingdoms,Phát minh nào sau đây KHÔNG ra đời trong cuộc Cách Mạng Công Nghiệp lần thứ nhất?,Điện thoại
Rise of Kingdoms,Ai đã giết Hector và Achilles đã chết như thế nào?,"Achilles, Mũi tên xuyên qua gót chân"
Rise of Kingdoms,Xu đạp du nhập vào Châu Âu vào thế kỷ nào?,Thế kỷ 19
Rise of Kingdoms,Tiểu thuyết Tam Quốc Diễn Nghĩa bắt đầu tại gần cuối triều đại nào của Trung Quốc?,Hán
Rise of Kingdoms,"Somme, chiến trường khét tiếng nhất trong Thế Chiến Thứ Nhất, nằm ở quốc giá nào?",Pháp
Rise of Kingdoms,Công nghệ nào sau đây KHÔNG phải là tiền đề của Công Nghệ Quân Sự Bản Đồ?,Đạn Đạo
Rise of Kingdoms,Nhà soạn nhạc nào đã viết vở opera “Chiếc nhẫn của người Nibelung”?,Wagner
Rise of Kingdoms,"Chỉ huy nào sau đây là người cai trị thực sự vương quốc của mình, nhưng chưa bao giờ chính thức là một hoàng đế?",Charles Martel
Rise of Kingdoms,Cuộc Chiến Trăm Năm giữa Anh và Pháp kéo dài bao lâu?,116 năm
Rise of Kingdoms,"Trong thần thoại Hy Lạp cổ đại, ai là cha của Hermes?",Zeus
Rise of Kingdoms,"Khi Achilles từ chối chiến đấu, Patroclus đã mặc áo giáp của Achilles, chiến đấu với quân Troia và chết, Patroclus bị giết bởi ai?",Hector
Rise of Kingdoms,Minamoto no Yoshitsune đã cùng ai xây dựng một đội quân để chiến đấu với Taira no Kiyomori?,Minamoto no Yoritomo
Rise of Kingdoms,Tác phẩm của dàn nhạc “1812 Overture” được sáng tác để tưởng nhớ chiến thắng của ai?,Đế Quốc Nga
Rise of Kingdoms,Căn bệnh nào sau đây có thể là do thiếu Vitamin D?,Còi Xương
Rise of Kingdoms,Spartacus khi còn là nô lệ đã làm công việc gì trước khi lãnh đạo cuộc nổi dậy của nô lệ lớn nhất ở La Mã đổ đại?,Đấu sĩ
Rise of Kingdoms,Chỉ số nào sau đây giảm xuống có thể biểu thị trạng thái gần hơn với trạng thái chân không?,Áp suất không khí
Rise of Kingdoms,Tại sao y tá người Anh Florence Nightingale được gọi là “Người phụ nữ cầm đèn”?,Bà thường kiểm tra bệnh nhân vào ban đêm
Rise of Kingdoms,Hiệu ứng nào sau đây KHÔNG phải do kỹ năng của Æthelflæd,Chữa lành đơn vị bị thương nhẹ
Rise of Kingdoms,Công trình nào sau đây là công trình quân sự,Trại Trinh sát
Rise of Kingdoms,Quốc gia nào sau đây KHÔNG phải là một “quốc gia vùng đất thấp” của Châu Âu?,Vương Quốc Anh
Rise of Kingdoms,La Mã cổ đại và đế chế cổ đại nào đã chiến đấu trong Chiến tranh Punic?,Carthage cổ đại
Rise of Kingdoms,Chương trình “Late Show with David Letterman” được công chiếu lần đầu tiên vào năm nào?,1993
Rise of Kingdoms,Bảng chữ cái Hy Lạp có nguồn gốc từ hệ chữ viết nào?,Tiếng Phoenicia
Rise of Kingdoms,Nhà lãnh đạo quân sự Charles Martel KHÔNG được biết đến với chức vụ nào sau đây?,Lãnh đạo đơn vị kỵ binh
Rise of Kingdoms,Hoạt động nào dưới đây là một giai đoạn trong sự kiện Thống đốc hùng mạnh nhất?,Đánh bại kẻ thù
Rise of Kingdoms,"Trong thần thoại Bắc Âu, Cây Thế Giới là loại cây nào?",Cây tần bì
Rise of Kingdoms,Tù trưởng nào trong sự kiện “Khủng Hoảng Ceroli” giỏi về ma thuật độc?,Dekar
Rise of Kingdoms,Tên của eo biển Thổ Nhĩ Kỳ phân chia châu Âu với châu Á là gì?,Bosphorus
Rise of Kingdoms,Đơn vị nào nhận được lợi ích mạnh mẽ từ kỹ năng “Bật Thầy Chiến Lược” của Tôn Tử?,Bộ binh
Rise of Kingdoms,Công nghệ nào sau đây xuất hiện trước “Thuật Cưỡi Ngựa”?,Kỹ Luật Quân Đội
Rise of Kingdoms,Sự thích nghi đến từ?,Cả đột biến và tái tổ hợp di truyền
Rise of Kingdoms,FIFA World Cup được tổ chức bao lâu một lần?,4 năm một lần
Rise of Kingdoms,Biểu tượng nào sau đây KHÔNG phải là một phần trong lá cờ Mexico?,Lạc đà
Rise of Kingdoms,Điểm quy tụ của cuộc Thập tự chinh đầu tiên là ở đâu?,Constantinople
Rise of Kingdoms,Chỉ huy nào được biết đến với tên gọi Người chinh phục Hỗn mang?,Tào Tháo
Rise of Kingdoms,Cuộc chiến tranh giành vương vị nước Anh giữa nhà Lancaster và York của nước Anh là cuộc chiến nào?,Cuộc chiến Hoa hồng
Rise of Kingdoms,Công nghệ nào nằm ngay trước Kỵ Binh Hạng Nặng?,Áo giáp vảy cá
Rise of Kingdoms,Bộ luật nào của Babylon là bộ luật thành văn đầu tiên trong lịch sử được ghi lại?,Bộ luật Hammurabi
Rise of Kingdoms,Einstein đã xuất bản bốn cuốn Annus Mirabilis(“Bài Báo Kỳ Diệu”) vào năm nào?,1905
Rise of Kingdoms,Nước nào đăng cai Thế vận hội Mùa đông đầu tiên vào ngày 25/01/1924?,Pháp
Rise of Kingdoms,Thánh địa nào sau đây thưởng tốc độ hành quân?,Thánh Đường Gió Lốc
Rise of Kingdoms,Zarathustra trong bài thơ giao hưởng “Thus Spoke Zarathustra” đến từ nước nào?,Ba Tư
Rise of Kingdoms,"Chỉ huy nào nổi tiếng với câu nói, “Ta đến, ta thấy, ta chinh phục”?",Julius Caesar
Rise of Kingdoms,"Kể từ khi thành lập vào năm 1963, Ủy ban Chữ thập đỏ Quốc tế đã đoạt giải Nobel Hòa bình bao nhiêu lần?",3
Rise of Kingdoms,“Năm ánh sáng” là đơn vị đo?,Khoảng cách
Rise of Kingdoms,"Trong cuộc chiến thành Troia, chiến binh Hy Lạp nào đã giết Hector?",Achilles
Rise of Kingdoms,Nền văn minh nào có nhà vệ sinh công cộng đầu tiên?,La Mã cổ đại
Rise of Kingdoms,Ai là người đã sáng lập “Vương Quốc Malacca”?,Parameswara
Rise of Kingdoms,"Ở Tòa Thị Chính cấp 17 trở lên, các thống đốc có thể phái đi bao nhiêu đội quân?",4
Rise of Kingdoms,"Bạn có thể hỗ trợ đồng minh xây dựng/nâng cấp công trình, nghiên cứu công nghệ và chữa lành đội quân. Tuy nhiên, mỗi hành động hỗ trợ sẽ làm đầy bao nhiêu phần của thanh tiến trình?","0,01"
Rise of Kingdoms,Gai xương rồng thực chất là một dạng biến đổi của bộ phận khác nào của cây?,Lá
Rise of Kingdoms,Nếu một người đàn ông thuộc nhóm máu AB và một người phụ nữ thuộc nhóm máu B có con với nhau thì câu nào sau đây là sai?,Đứa con có thể thuộc nhóm máu O
Rise of Kingdoms,Cần bao nhiêu Điểm Hoạt Động hàng ngày trong “Cuộn Giấy Lucerne” để nhận phần thưởng manh mối Quà Tặng Hàng Ngày?,50
Rise of Kingdoms,"Theo thần thoại Hy Lạp, ai là người đã đánh bại Nhân Sư?",Oedipus
Rise of Kingdoms,Chiến tranh Kế Vị Áo diễn ra khi nào?,1740-1748
Rise of Kingdoms,Ngày Elbe là ngày diễn ra cuộc gặp gỡ của hai quân đội nào trong Chiến tranh thế giới thứ hai?,"Hoa Kỳ, Liên Xô"
Rise of Kingdoms,Tại sao ếch và các sinh vật khác sinh rất nhiều trứng/con?,"Càng sinh nhiều con, chúng càng có khả năng sống sót."
Rise of Kingdoms,Khương Tử Nha đã giúp thành lập triều đại nào của Trung Quốc?,Nhà Chu
Rise of Kingdoms,Ai được coi là “Cha đẻ của Thế vận hội Olympic hiện đại”?,Pierre de Coubertin
Rise of Kingdoms,Chỉ huy nào sau đây là một nhân vật trong Chiến tranh Trăm Năm?,Joan xứ Arc
Rise of Kingdoms,"Mốc địa điểm nào ở Sydney, Úc có hình cánh buồm?",Nhà hát Opera Sydney
Rise of Kingdoms,"Trong thần thoại Hy Lạp, mối quan hệ giữa Zeus và Hermes là gì?",Cha và con
Rise of Kingdoms,Cấp Tọa Thị Chính cao nhất có thể đạt được trong RoK là cấp cao nhiêu?,25
Rise of Kingdoms,"Trong trang XEM CHỈ HUY, chỉ huy giữ vai trò “Lính Cảnh Binh” nhận được hiệu ứng tăng gì?",Không có đáp án nào chính xác
Rise of Kingdoms,khi tòa thị chính của thống đốc đạt cấp 25 thống đốc có thể xây bao nhiêu trang trại,4
Rise of Kingdoms,"Trong thần thoại Hy Lạp, đâu là điểm yếu duy nhất của Achilles",Gót chân
Rise of Kingdoms,Chính khách nổi tiếng nào là tướng quân đầu tiên của Mạc Phủ Edo vào cuối thời Chiến quốc Nhật Bản?,Tokugawa leyasu
Rise of Kingdoms,Hoạt động nào sau đây cho điểm hoạt động hằng ngày?,Đánh bại quân man rợ
Rise of Kingdoms,Tòa nhà nào sau đây không thể nâng cấp?,Trạm đưa thư
Rise of Kingdoms,Mũi tên chống trả dùng để làm gì?,Nâng cấp Tháp canh
Rise of Kingdoms,Ông già Noel đi trên chiếc xe trượt tuyết được kéo bởi con vật nào?,Tuần lộc
Rise of Kingdoms,Vua của vương quốc là người nào?,Thủ lĩnh của Liên minh đã chinh phục Đền thờ thất thủ
Rise of Kingdoms,Bộ thơ anh hùng ca “Iliad” của Homer tập trung vào các sự kiện xảy ra trong cuộc chiến hay trận đánh nào?,Cuộc chiến thành Troia
Rise of Kingdoms,"Ai đã đề xuất ý tưởng triết học “Tôi tư duy, nên tôi tồn tại”?",Descartes
Rise of Kingdoms,Làm thế nào để kiếm Điểm Công Nghệ Liên Minh?,Đóng góp cho nghiên cứu Công nghệ liên minh
Rise of Kingdoms,Kiến trúc nào sau đây được xây dựng theo lệnh của Shah Jahan để tưởng nhớ người vợ Mumtaz Mahal?,Taj Mahal
Rise of Kingdoms,Thành phố nào sau đây ở Brazil đã đăng cai Thế Vận Hội Olympic?,Rio de Janeiro
Rise of Kingdoms,Nhà thiên văn nào đã đề xuất thuyết nhật tâm vào thế kỷ 16?,Nicolaus Copernicus
Rise of Kingdoms,Nhà thám hiểm người Bồ Đào Nha là người Châu Âu đầu tiên đi thuyền đến mũi phía nam Châu Phi?,Bartolomeu Dias
Rise of Kingdoms,Chỉ huy Lohar sinh ra ở đâu?,Một bộ lạc man rợ xa xôi
Rise of Kingdoms,"Ngoài “Số Trinh Sát” và “Sức Mạnh”, thông số nào sau đây của Trại Trinh Sát cũng có thể được nâng cấp?",Tốc Độ Hành Quân của Trinh Sát và Phạm Vi Do Thám
Rise of Kingdoms,Tại sao bệnh scurvy từng là một vấn đề thường thấy đối với các thủy thủ?,Thiếu trái cây tươi và rau quả trong những chuyến đi dài
Rise of Kingdoms,Hoạt động nào sau đây KHÔNG cho điểm Kinh nghiệm chỉ huy?,Tấn công người chơi khác
Rise of Kingdoms,Loại đơn vị nào chống Kỵ binh hiệu quả?,Bộ binh
Rise of Kingdoms,Hoàng đế của Đệ Nhất Đế chế Pháp là ai?,Napoléon Bonaparte
Rise of Kingdoms,Ai là người được Ấn Độ trao danh hiệu “Mahatma”?,Mohandas Karamchand Gandhi
Rise of Kingdoms,"Ở Ai Cập Cổ Đại, điều nào sau đây KHÔNG phải là một đặc quyền của “Người ghi chép”?",Miễn chi phí khám chữa bệnh nếu ốm đau
Rise of Kingdoms,Móng tay người được làm từ chất liệu gì?,Alpha-keratin
Rise of Kingdoms,Chủng người tiền sử có tên là “homo floresiensis” còn được gọi phổ biến bằng cái tên nào?,Hobbit
Rise of Kingdoms,Cầu thủ bóng đá Lionel Messi có thời gian phục vụ lâu nhất cho câu lạc bộ nào?,Barcelona
Rise of Kingdoms,Nhạc reggae bắt nguồn từ đâu?,Jamaica
Rise of Kingdoms,Ai là người đã nghĩ ra ý tưởng Ngựa Troia? Ai đã chiến thắng Cuộc chiến thành Troia?,Odysseus; Người Hy Lạp
Rise of Kingdoms,Câu hỏi Học Giả Vô Song Rok,️ Câu trả lời
Rise of Kingdoms,"Sau khi học viên Vườn Trí Tuệ Lyceum học xong bài, họ sẽ trở về công trình nào trong thành phố",Học Viện
Rise of Kingdoms,Năm nhuận có bao nhiêu ngày?,366 ngày
Rise of Kingdoms,Chủ đề thành phố nào trong giống như một phương tiện giao thông?,Ngự hải chinh phong
Rise of Kingdoms,"Trong truyện tranh của hãng DC, Nhân vật Batman tên thật là gì?",Bruce Wayne
Rise of Kingdoms,"Trong Rok, chỉ huy nào sao đây giỏi dẫn dắt đơn vị bao vây?",Margaret I
Rise of Kingdoms,Toà thị chính phải đạt cấp bao nhiêu thì mới có thể lên Thời Kỳ Đồ Sắt?,Cấp 10
Rise of Kingdoms,“Machu Picchu” là di tích nổi bật của nền văn minh nào?,người Inca
Rise of Kingdoms,“Đồng Vạn Thành” là thủ đô của dân tộc nào ở Trung Quốc cổ đại?,người Hung Nô
Rise of Kingdoms,Việc giảm số liệu nào sau đây có thể cho thấy trạng thái chân không đang ngày càng gần hơn?,Áp suất không khí
Rise of Kingdoms,"Theo câu chuyện về Sói cái trong thần thoại La Mã, điều gì đã xảy ra với cặp song sinh mà cô nuôi dưỡng, Romulus và Remus?",Romulus trở thành người sáng lập và vị vua đầu tiên của Rome
Rise of Kingdoms,"Ưu điểm của máy in của Johannes Gutenberg bao gồm tất cả những điều sau đây, ngoại trừ",Tăng quyền lực của nhà thờ
Rise of Kingdoms,"Sau khi Venus Flytrap bắt côn trùng, nó tiêu hóa và hấp thụ con mồi như thế nào?",Mặt trong của lá tiết ra dịch tiêu hóa
Rise of Kingdoms,"Sau khi thành lập vào thế kỷ thứ 6 trước Công nguyên, cơ quan nào của Cộng hòa La Mã đóng vai trò là quốc hội tư vấn?",Thượng viện
Rise of Kingdoms,Lịch sử Ai Cập cổ đại trải qua bao nhiêu vương quốc?,"3 – Cũ, Trung, Mới"
Rise of Kingdoms,"Ngoài “Số lượng Hướng đạo sinh” và “Sức mạnh”, thông số nào sau đây của Trại Hướng đạo cũng có thể được nâng cấp?",Phạm vi thám hiểm và tốc độ trinh sát tháng 3
Rise of Kingdoms,Vật phẩm Quân đánh lạc hướng làm giả thông tin nào sau đây cho trinh sát kẻ thù?,Số lượng đơn vị trong thành phố của bạn
Rise of Kingdoms,"Trong sự kiện Khủng hoảng Ceroli, tù trưởng nào giỏi về ma thuật độc",Dekar
Rise of Kingdoms,"Ngoài “Số lần bạn có thể được giúp đỡ” và “Sức mạnh”, thông số nào sau đây của Trung tâm Liên minh cũng có thể được nâng cấp?",Năng lực quân tăng cường
Rise of Kingdoms,Ashoka vĩ đại là vua của vương quốc cổ đại nào?,Triều đại Maurya
Rise of Kingdoms,Ở cấp độ VIP nào bạn có thể mở khóa vĩnh viễn hàng đợi tòa nhà thứ hai?,Cấp 6
Rise of Kingdoms,"Trước khi lãnh đạo cuộc nổi dậy nô lệ lớn nhất của La Mã cổ đại, Spartacus là gì?",đấu sĩ
Rise of Kingdoms,Bông cải xanh giàu vitamin nào?,Vitamin C
Rise of Kingdoms,Gai xương rồng thực chất là một dạng biến đổi của bộ phận nào khác của cây?,Lá
Rise of Kingdoms,Charles Macintosh đã chế tạo ra phiên bản đầu tiên của áo mưa từ chất liệu nào?,Cao su
Rise of Kingdoms,"Định dạng hài kịch phác thảo xuyên âm của Trung Quốc bắt nguồn từ ba địa điểm: Tianqiao ở Bắc Kinh, Quanty Bazaar ở Thiên Tân và ở đâu ở Nam Kinh?",Fuzimiao
Rise of Kingdoms,Thiên Đàn của Trung Quốc được xây dựng dưới triều đại của vị hoàng đế nào?,Hoàng đế Vĩnh Lạc (Chu Di)
Rise of Kingdoms,Cuốn sách las của Darwin chủ yếu thảo luận về ảnh hưởng của loài nào đến đất?,Giun đất
Rise of Kingdoms,"Trong thời Chiến Quốc của Trung Quốc, nước nào đã đánh bại sáu nước còn lại và xây dựng nên đế chế Trung Hoa thống nhất?",tần
Rise of Kingdoms,"Trong thời Phục hưng, tại sao Florence lại có ý nghĩa quan trọng?",Nơi sinh của thời Phục hưng
Rise of Kingdoms,"Trong Chiến tranh Punic lần thứ hai, trong trận chiến nào Hannibal đông hơn rất nhiều đã đánh bại quân đội La Mã?",Trận chiến Cannae
Rise of Kingdoms,"Trong cuộc chiến thành Troy, chiến binh Hy Lạp nào đã giết Hector?",Achilles
Rise of Kingdoms,Đấu trường La Mã được hoàn thành vào triều đại của hoàng đế nào?,Tít
Rise of Kingdoms,Trong mùa nào đêm tương đối ngắn và ngày tương đối dài?,Mùa hè
Rise of Kingdoms,"Edward VIII trở thành Vua nước Anh vào tháng 1 năm 1936. Cuối năm đó, ông từ bỏ ngai vàng vào tháng nào?",Tháng 12
Rise of Kingdoms,Nền kinh tế Ai Cập chủ yếu dựa vào cái gì?,Nông nghiệp
Rise of Kingdoms,Nền kinh tế Ai Cập chủ yếu dựa vào?,Nông nghiệp
Rise of Kingdoms,Người Ai Cập làm giấy từ chất liệu nào?,giấy cói
Rise of Kingdoms,Ngày Elbe là cuộc gặp gỡ của hai đội quân nào trong Thế chiến thứ hai?,"Mỹ, Liên Xô"
Rise of Kingdoms,Anh trai của Zeus,Poseidon
Rise of Kingdoms,Trang bị có phần thưởng tài năng đặc biệt sẽ được tăng cường thuộc tính bao nhiêu phần trăm khi trang bị cho người chỉ huy có tài năng tương ứng?,30%
Rise of Kingdoms,"Kính mắt được cấu tạo từ thạch anh, cát và những gì?",Dầu mỏ
Rise of Kingdoms,Vị tướng đầu tiên của Mạc phủ Edo?,Tokugawa Ieyasu
Rise of Kingdoms,"Edward Jenner, cha đẻ của ngành miễn dịch học, đã phát triển vắc-xin cho căn bệnh nào?",bệnh đậu mùa
Rise of Kingdoms,Người sáng lập Edo Bakufu,Tokugawa Ieyasu
Rise of Kingdoms,Pháp và Đức đều từng là một phần của Vương quốc phong kiến ​​nào?,Pháp
Rise of Kingdoms,Ngày Quốc khánh Pháp 14/7 trùng với sự kiện lịch sử nào?,Tấn công Bastille
Rise of Kingdoms,"Từ thế kỷ 17 đến thế kỷ 19, Vương quốc Phổ chủ yếu nằm ở quốc gia hiện đại nào?",nước Đức
Rise of Kingdoms,"Từ thế kỷ 8 đến thế kỷ 11 CN, người châu Âu thường gọi những kẻ xâm lược Scandinavia thường xuyên tàn phá vùng đất của họ là gì?",người Viking
Rise of Kingdoms,Thí nghiệm Tháp nghiêng Pisa của Galileo đã lật đổ lý thuyết của nhà khoa học Hy Lạp cổ đại nào?,Aristote
Rise of Kingdoms,"Được tổ chức vào năm 1929, lễ trao giải Oscar (“Giải Oscar”) đầu tiên kéo dài bao lâu?",15 phút
Rise of Kingdoms,Henry I lên ngôi nước Anh vào năm 1100 sau đó người thân nào qua đời?,Anh trai của anh ấy
Rise of Kingdoms,người chỉ huy nào sau đây xuất sắc trong việc lãnh đạo Calvary?,Minamoto no Yoshitsune
Rise of Kingdoms,Chữ tượng hình là một phần của hệ thống chữ viết chính thức của quốc gia nào?,Ai Cập cổ đại
Rise of Kingdoms,‘The Iliad’ của Homer tập trung vào các sự kiện xảy ra trong cuộc chiến hay trận chiến nào?,Cuộc chiến thành Troy
Rise of Kingdoms,Saladin đã thay đổi Trung Đông như thế nào?,Palestine
Rise of Kingdoms,Làm thế nào để bạn nhận được tín dụng Công nghệ Liên minh?,Bằng cách quyên góp cho Liên minh
Rise of Kingdoms,Cuộc chiến Trăm Năm kéo dài bao lâu?,116 năm
Rise of Kingdoms,Thời gian tăng cường “Mở rộng quân đội cơ bản” kéo dài bao lâu?,4 giờ
Rise of Kingdoms,Vật phẩm Tuyển dụng Thợ xây kéo dài bao lâu?,2 ngày
Rise of Kingdoms,Một thống đốc có thể có bao nhiêu điểm hành động?,1000
Rise of Kingdoms,Một người trưởng thành có bao nhiêu xương?,206
Rise of Kingdoms,Bạn cần bao nhiêu Điểm hoạt động hàng ngày trong “Lucerne Scrolls” để nhận phần thưởng manh mối Quà tặng hàng ngày?,50
Rise of Kingdoms,Có bao nhiêu Chỉ huy Tinh nhuệ trong trò chơi?,5
Rise of Kingdoms,Mỗi bàn tay của nhân vật hoạt hình chuột Mickey có bao nhiêu ngón tay?,4
Rise of Kingdoms,Tôi nên trang bị bao nhiêu vật phẩm cùng chất lượng để hoàn thành “Sẵn sàng chiến đấu”?,6
Rise of Kingdoms,Có bao nhiêu chữ cái được sử dụng trong phiên bản tiếng Anh ngày nay?,26
Rise of Kingdoms,Jesse Owens người Mỹ gốc Phi đã giành được bao nhiêu huy chương vàng Olympic vào năm 1936?,4
Rise of Kingdoms,Sự kiện The Mightiest Governor có bao nhiêu giai đoạn?,5
Rise of Kingdoms,Có bao nhiêu rương phần thưởng được trao khi đạt 60 điểm hoạt động hàng ngày?,3
Rise of Kingdoms,Đế chế Mông Cổ đã bị chia cắt thành bao nhiêu hãn quốc hoặc đế chế riêng biệt vào thời điểm Hốt Tất Liệt qua đời vào năm 1294?,4
Rise of Kingdoms,Bạn có thể nhận được trợ giúp liên minh bao nhiêu lần nếu trung tâm liên minh của bạn ở cấp 25?,30
Rise of Kingdoms,Ký tự 1 được sử dụng bao nhiêu lần khi bạn viết từ số 1 đến số 99?,20
Rise of Kingdoms,Thống đốc có thể cử bao nhiêu quân với Tòa thị chính cấp 17 trở lên?,4
Rise of Kingdoms,Bạn có thể mua bao nhiêu điểm VIP với 200 viên đá quý?,200
Rise of Kingdoms,Có bao nhiêu năm cách nhau giữa mỗi Thế vận hội Olympic mùa đông?,4
Rise of Kingdoms,Vật phẩm Tấn công nâng cao (Nâng cao) sẽ tăng sức tấn công của bạn đến mức nào?,10%
Rise of Kingdoms,Vật phẩm Thu thập Nâng cao sẽ tăng tốc độ thu thập của bạn lên bao nhiêu?,50%
Rise of Kingdoms,Kinh thánh Gutenberg được đưa vào sản xuất hàng loạt như thế nào?,Máy in loại di động
Rise of Kingdoms,"Năm 1998, Giải vô địch bóng đá thế giới lần thứ 16 được tổ chức ở nước nào?",Pháp
Rise of Kingdoms,"Ở Ai Cập cổ đại, điều nào sau đây KHÔNG phải là đặc quyền của ‘Người ghi chép’?",Miễn thanh toán chi phí y tế nếu bị bệnh
Rise of Kingdoms,"Ở Hy Lạp cổ đại, triết gia nào thích thảo luận về các ý tưởng trên một con phố mà lúc đó có biệt danh là Trường phái Peripatetic?",Aristote
Rise of Kingdoms,"Trong thần thoại Hy Lạp cổ đại, cha của Hermes là ai?",thần Zeus
Rise of Kingdoms,"Trong thần thoại Hy Lạp cổ đại, ai là vợ của Hades, vua địa ngục?",Persephone
Rise of Kingdoms,Trong Ark of Osiris có thể sử dụng tính năng tăng tốc nào?,Tăng tốc độ chữa bệnh
Rise of Kingdoms,"Trong Ark of Osiris, liên minh đầu tiên chiếm giữ một đài tưởng niệm kiếm được bao nhiêu lần dịch chuyển?",8
Rise of Kingdoms,"Trong Ark of Osiris, bạn phải lấy Ark ở đâu?",Hộ tống Ark đến tòa nhà không có kẻ thù
Rise of Kingdoms,"Vào thời nhà Hán của Trung Quốc, ai đã mở Con đường tơ lụa theo lệnh của Hoàng đế Wu?",Trương Khiên
Rise of Kingdoms,"Trong thần thoại Hy Lạp, vị anh hùng nào đi tìm bộ lông cừu vàng?",Jason
Rise of Kingdoms,"Trong thần thoại Hy Lạp, hoàng tử thành Troia Paris đã tặng quả táo vàng có khắc hình nữ thần xinh đẹp nhất cho ai?",Aphrodite
Rise of Kingdoms,"Trong thần thoại Hy Lạp, Nữ thần Eos được gọi là gì?",Nữ thần bình minh
Rise of Kingdoms,"Trong thần thoại Hy Lạp, điểm yếu duy nhất của Achilles là gì?",gót chân của anh ấy
Rise of Kingdoms,"Trong thần thoại Hy Lạp, con chó 3 đầu của Hades canh giữ cổng Địa ngục tên là gì?",Cerberus
Rise of Kingdoms,"Trong thần thoại Hy Lạp, vị anh hùng nào đã yêu cầu Bộ lông cừu vàng?",Jason
Rise of Kingdoms,"Trong mã Morse, độ dài dấu chấm giữa hai từ là bao nhiêu?",7
Rise of Kingdoms,"Trong hầu hết các trường hợp, loại muỗi nào sẽ uống máu động vật?",Muỗi cái
Rise of Kingdoms,"Trong hầu hết các trường hợp, loại sư tử nào có bờm?",Nam trưởng thành
Rise of Kingdoms,"Trong Thần thoại Bắc Âu, Cây Thế giới là loại cây gì?",Tro
Rise of Kingdoms,"Trong thần thoại Bắc Âu, chiếc búa Mjolnir thuộc về ai?",Thor
Rise of Kingdoms,"Trong thần thoại Bắc Âu, ai sử dụng vũ khí Gungnir?",Odin
Rise of Kingdoms,"Ở ROK, Cataphract là đơn vị đặc biệt của nền văn minh nào?",Byzantium
Rise of Kingdoms,"Ở ROK, Hwarang là đơn vị đặc biệt của nền văn minh nào?",Hàn Quốc
Rise of Kingdoms,"Ở Hàn Quốc, Ném Rìu là đơn vị đặc biệt của nền văn minh",Pháp
Rise of Kingdoms,"Trong lịch sử nước Nga, Sa hoàng đầu tiên được đặt cho biệt danh nào vì sự chuyên chế của họ?",Ivan khủng khiếp
Rise of Kingdoms,"Trong Sách Xuất Hành, ai là người dẫn dắt dân Do Thái đến Đất Hứa?",Môi-se
Rise of Kingdoms,"Trong trang Chế độ xem Chỉ huy, các chỉ huy đóng vai trò là “Đội trưởng tiên phong” nhận được buff gì?",1% Tấn công tập hợp & Tốc độ tập hợp quân hành quân
Rise of Kingdoms,"Trong trang Chế độ xem chỉ huy, các chỉ huy đóng vai trò là “Lính bảo vệ giáp sắt” nhận được buff gì?",1% máu quân đội
Rise of Kingdoms,"Trong trang Chế độ xem chỉ huy, các chỉ huy đóng vai trò là “Đốc Quân” nhận được buff gì?",1% Phòng thủ và máu của quân đội
Rise of Kingdoms,"Trong trang Chế độ xem chỉ huy, các chỉ huy đóng vai trò là “Lính cảnh binh” nhận được buff gì?",Tăng và sát thương 5% XP so với Barbarians (không có câu trả lời nào trong số này)
Rise of Kingdoms,"Trong trang Chế độ xem chỉ huy, các chỉ huy đóng vai trò là “Đội trưởng cung ứng” nhận được buff gì?",5% tốc độ thu thập và tải quân
Rise of Kingdoms,"Trong trang Chế độ xem chỉ huy, các chỉ huy đóng vai trò là “Nhân viên thuế quan” nhận được buff gì?",Tốc độ thu thập 5%
Rise of Kingdoms,"Trong trang Chế độ xem Chỉ huy, các chỉ huy đóng vai trò là “thợ khoan” sẽ nhận được buff gì?",Tấn công quân đội 1%
Rise of Kingdoms,Trận chiến Marengo diễn ra ở quốc gia nào?,Ý
Rise of Kingdoms,“Trận chiến sông Phỉ” diễn ra vào thời đại nào trong lịch sử Trung Quốc khi một số ít binh sĩ đã chinh phục được một lực lượng vượt trội hơn rất nhiều?,Nhà Đông Tấn
Rise of Kingdoms,Einstein xuất bản bốn Annus Mirabilis (“Giấy tờ thần kỳ”) vào năm nào?,1905
Rise of Kingdoms,Tượng Nàng Tiên Cá của Đan Mạch nằm ở thành phố nào?,Copenhagen
Rise of Kingdoms,Cuộc chiến tranh Carlist diễn ra ở quốc gia nào trong thế kỷ 19?,Tây ban nha
Rise of Kingdoms,Stonehenge bí ẩn nằm ở quốc gia nào?,Vương quốc Anh
Rise of Kingdoms,Máy điều hòa được phát minh ở nước nào?,Hoa Kỳ
Rise of Kingdoms,"Tập đoàn Carlsberg, nhà sản xuất bia hàng đầu, được thành lập vào năm 1847 ở quốc gia nào?",Đan Mạch
Rise of Kingdoms,Nhà chiến lược quân sự và cách mạng nổi tiếng Simón Bolívar sinh ra ở nước nào?,Venezuela
Rise of Kingdoms,Kính hiển vi được phát minh ở nước nào?,Hà Lan
Rise of Kingdoms,"Somme, chiến trường nổi tiếng nhất trong Thế chiến thứ nhất, nằm ở quốc gia nào?",Pháp
Rise of Kingdoms,Mì ăn liền được phát minh đầu tiên ở nước nào?,Nhật Bản
Rise of Kingdoms,“Star Chamber” tọa lạc ở cung điện nước Anh nào?,Cung điện Westminster
Rise of Kingdoms,Bức tranh Mona Lisa hiện đang được trưng bày ở phòng trưng bày nào?,bảo tàng Louvre
Rise of Kingdoms,Đế chế Srivijaya nằm ở khu vực nào?,Đông Nam Á
Rise of Kingdoms,Bản giao hưởng số 5 cung C thứ của Beethoven được ra mắt tại nhà hát nào vào năm 1808?,Nhà hát an der Wien
Rise of Kingdoms,The Beatles được thành lập vào năm 1960 ở thành phố nào của Vương quốc Anh?,Liverpool
Rise of Kingdoms,Alexander Fleming đã khám phá ra penicillin vào năm nào?,1928
Rise of Kingdoms,Richard và Saladin ký hiệp định đình chiến vào năm nào?,1192
Rise of Kingdoms,Richard the Lionheart và Saladin ký hiệp định đình chiến vào năm nào?,1192
Rise of Kingdoms,Trận Quan Độ diễn ra vào năm nào?,200
Rise of Kingdoms,Ấn bản đầu tiên của “Nhật ký Anne Frank” được xuất bản vào năm nào?,1947
Rise of Kingdoms,Giải quần vợt Wimbledon đầu tiên được tổ chức vào năm nào?,1877
Rise of Kingdoms,Bộ luật Napoléon được ban hành vào năm nào?,1804
Rise of Kingdoms,Ăn không đủ nguyên tố nào có thể gây ra bệnh phì đại tuyến giáp?,Iốt
Rise of Kingdoms,nguyên nhân địa hình núi đá vôi,sự hòa tan của đá hòa tan
Rise of Kingdoms,Keira từng thách thức sự kỳ vọng của thế giới về cô trong một trận chiến vẻ vang. Trận chiến này diễn ra ở đâu?,Hẻm núi hoàng hôn
Rise of Kingdoms,Không dung nạp Lactose là do thiếu chất gì?,Lactase
Rise of Kingdoms,"Vị chỉ huy huyền thoại của triều đại Joseon, Yi Sun-sin, đã hy sinh mạng sống trong trận chiến nổi tiếng nào?",Trận Noryang
Rise of Kingdoms,Thành phố đã mất,người Inca
Rise of Kingdoms,Loại di động được sử dụng lần đầu tiên ở nước nào?,Trung Quốc
Rise of Kingdoms,Đột biến là sự thay đổi về cái gì?,ADN
Rise of Kingdoms,Đột biến rất quan trọng vì chúng mang lại kết quả gì?,Sự biến đổi di truyền cần thiết cho quần thể tiến hóa
Rise of Kingdoms,Quốc huy của Ireland,đàn hạc
Rise of Kingdoms,Những người theo chủ nghĩa nhân văn phương Bắc như Erasmus được biết đến nhiều nhất vì điều gì?,Quan tâm đến tôn giáo và hình thức xã hội
Rise of Kingdoms,"Trong 12 con giáp của Trung Quốc, con nào đứng trước?",Chuột / Chuột
Rise of Kingdoms,"Trong số các chỉ huy dưới đây, tướng nào phù hợp nhất để dẫn quân CHỐNG LẠI kẻ thù là cung thủ?",Tào Tháo
Rise of Kingdoms,"Trong số các chỉ huy dưới đây, tướng nào phù hợp nhất để dẫn quân CHỐNG kỵ binh địch?",Tôn Tử
Rise of Kingdoms,"Trong số các chỉ huy dưới đây, ai là người phù hợp nhất để dẫn quân chống lại kẻ thù bộ binh?",Hermann
Rise of Kingdoms,"Trong số các chỉ huy dưới đây, ai là người phù hợp nhất để dẫn quân khi thu thập tài nguyên?",Seondeok
Rise of Kingdoms,"Trong các quốc gia sau đây, quốc gia nào có diện tích nhỏ nhất?",Thành phố Vatican
Rise of Kingdoms,"Trong số những điều sau đây, điều nào có nhiều khả năng trực tiếp dẫn đến Thời đại đồ đồng nhất?",Đồng cứng hơn và bền hơn các kim loại khác hiện có vào thời điểm đó.
Rise of Kingdoms,Biện pháp chính thức Martin Luther,Sắc lệnh của sâu bọ
Rise of Kingdoms,phần cũ của đế chế mà đất nước châu Á đặt chân lên,Iran
Rise of Kingdoms,"Trong chuyến hành trình đầu tiên bi thảm, đích đến dự định của tàu Titanic là gì?",New York
Rise of Kingdoms,Người hầu đầu tiên sống ở lục địa nào?,Châu phi
Rise of Kingdoms,Loài người thường được cho là có nguồn gốc ở lục địa nào?,Châu phi
Rise of Kingdoms,Một “ngày” trên sao Kim xấp xỉ bằng bao nhiêu ngày trên trái đất?,243 ngày
Rise of Kingdoms,Gấu trúc có 5 ngón chân có móng vuốt cũng như ngón chân thứ sáu. Gấu trúc sử dụng chữ số thứ sáu để làm gì?,Để cầm tre khi ăn.
Rise of Kingdoms,Nữ hoàng Guinevere đã yêu Hiệp sĩ Bàn tròn nào theo truyền thuyết Arthurian?,Lancelot
Rise of Kingdoms,Nữ hoàng Victoria của Anh là thành viên của hoàng gia nào?,Ngôi nhà của Hannover
Rise of Kingdoms,Raphael được biết đến nhiều nhất với tác phẩm nào sau đây?,Trường học Athens
Rise of Kingdoms,Raphael được biết đến nhiều nhất?,Trường học Athens
Rise of Kingdoms,"Các họa sĩ thời Phục hưng ở Flanders, cũng như ở Ý, có xu hướng sáng tác loại tác phẩm nghệ thuật nào?",thực tế
Rise of Kingdoms,Ông già Noel đi trên chiếc xe trượt tuyết do con vật nào kéo?,tuần lộc
Rise of Kingdoms,"Kể từ khi thành lập năm 1863, Ủy ban Chữ Thập Đỏ Quốc tế đã bao nhiêu lần đoạt giải Nobel Hòa bình?",3
Rise of Kingdoms,“Trận Las Navas de Tolosa” là bước ngoặt lớn trong cuộc xung đột nào?,Người tái chinh phục
Rise of Kingdoms,Một số nhà sử học coi “Ngày Ngói” là ngày đánh dấu sự khởi đầu của Cách mạng Pháp. Nó diễn ra ở thành phố nào?,Grenoble
Rise of Kingdoms,“Dao cắt chuồn chuồn” là vũ khí được chiến binh huyền thoại nào lựa chọn?,Honda Tadakatsu
Rise of Kingdoms,“Nút thắt Windsor” được vị vua nào của nước Anh phổ biến?,Edward VIII
Rise of Kingdoms,Rương thành tích 1000 điểm bao gồm:,Tác phẩm điêu khắc chỉ huy sử thi
Rise of Kingdoms,Không khí thường có cảm giác trong lành hơn sau cơn giông vì đã được làm giàu bằng khí nào?,ôzôn
Rise of Kingdoms,“Giấc mơ Mỹ” bắt nguồn từ tài liệu nào sau đây?,Tuyên ngôn độc lập
Rise of Kingdoms,"Bastille, nhà tù từng nằm ở trung tâm Paris, Pháp, ban đầu phục vụ mục đích gì?",Pháo đài phòng thủ
Rise of Kingdoms,Bức tượng khổng lồ ở Rhodes mô tả vị thần mặt trời nào?,Helios
Rise of Kingdoms,Khái niệm “phân chia quyền lực” xuất phát từ tác phẩm nào của Montesquieu?,Tinh thần của pháp luật
Rise of Kingdoms,Gió hình nón của lốc xoáy có tác dụng gì?,Quay
Rise of Kingdoms,"Sự khác biệt giữa các loài, giống như các mỏ chim khác nhau, được gọi là",Các biến thể
Rise of Kingdoms,Hiện tượng “El Nino” được đặt theo tên của lễ hội nào sau đây?,Giáng sinh
Rise of Kingdoms,Mục đích biện minh cho phương tiện là niềm tin then chốt của tác giả “Hoàng tử”. Tên anh ấy là gì?,Machiavelli
Rise of Kingdoms,Sử thi “Bài thơ El Cid” có nguồn gốc từ nước nào?,Tây ban nha
Rise of Kingdoms,Quốc kỳ nước nào giữ kỷ lục thế giới là quốc kỳ được sử dụng liên tục lâu đời nhất?,Đan Mạch
Rise of Kingdoms,"Bốn vở nhạc kịch lớn nhất thế giới là Cats, Les Miserables, Miss Sài Gòn, và?",Bóng ma của nhà hát Opera
Rise of Kingdoms,"Bốn loại đàn Guzheng chính ở Trung Quốc cổ đại là Hao Zhong, Luqi, Jiaowei và…?",Nhiêu Lương
Rise of Kingdoms,"Asoka vĩ đại, vị vua của vương quốc Ấn Độ cổ đại",Maurya
Rise of Kingdoms,Bảng chữ cái Hy Lạp có nguồn gốc từ hệ thống chữ viết nào khác?,người Phoenician
Rise of Kingdoms,“Tuần hành Độc lập” là quốc ca của nước nào?,Thổ Nhĩ Kỳ
Rise of Kingdoms,Danh hiệu ‘Nữ hoàng’ của vương quốc làm tăng điều nào sau đây?,Tốc độ tập hợp
Rise of Kingdoms,Nhà lãnh đạo quân sự Charles Martel KHÔNG được biết đến vì điều nào sau đây?,Đơn vị kỵ binh dẫn đầu
Rise of Kingdoms,Một quần thể càng có nhiều biến thể di truyền thì càng có nhiều khả năng một cá thể nào đó sẽ làm gì?,Tồn tại
Rise of Kingdoms,Đế quốc Mughal đã đưa đạo Hồi tới đâu?,Hầu hết Ấn Độ
Rise of Kingdoms,Tiểu thuyết Tam Quốc Diễn Nghĩa bắt đầu gần cuối triều đại Trung Hoa,Hàn
Rise of Kingdoms,Tiểu thuyết Tam Quốc Diễn Nghĩa bắt đầu vào gần cuối triều đại nào của Trung Quốc?,Hàn
Rise of Kingdoms,Pantheon là nơi chôn cất nhiều nghệ sĩ quan trọng kể từ thời Phục hưng. Nghệ sĩ nào sau đây được chôn cất ở đó?,Raphael
Rise of Kingdoms,Nền văn minh Phoenician có nguồn gốc ở khu vực nào trên thế giới?,Đông Địa Trung Hải
Rise of Kingdoms,Quá trình kết hợp các nguyên tử được gọi là gì?,Sự kết hợp
Rise of Kingdoms,Quá trình phân tách nguyên tử được gọi là,sự phân hạch
Rise of Kingdoms,Cuộc chiến tranh Punic được tiến hành bởi La Mã cổ đại và Đế chế cổ đại nào khác?,Carthage cổ đại
Rise of Kingdoms,Thời kỳ Phục hưng là sự “tái sinh” của,Văn hóa cổ điển
Rise of Kingdoms,Câu nói “Đế chế mặt trời không bao giờ lặn” ban đầu được dùng để chỉ đế quốc của nước nào?,Tây ban nha
Rise of Kingdoms,Taj Mahal được xây dựng từ triều đại nào của Ấn Độ?,Triều đại Mughal
Rise of Kingdoms,"Ba nhà triết học vĩ đại của Hy Lạp cổ đại là Plato, Aristotle, và?",Socrates.
Rise of Kingdoms,"Ba vương quốc của Hàn Quốc nơi Bách Tế, Tân La và?",Goguryeo
Rise of Kingdoms,Người ném rìu là đơn vị đặc biệt của nền văn minh nào?,Pháp
Rise of Kingdoms,Hai thủ đô của Áo – Hungary là Budapest và?,Viên
Rise of Kingdoms,Zeppelin được phát minh bởi các kỹ sư từ nước nào?,nước Đức
Rise of Kingdoms,“Đội cận vệ Varangian” thuộc về đội quân nào?,Quân đội Byzantine
Rise of Kingdoms,Ấn Độ đã trao danh hiệu mahatma cho ai?,Mohandas Karamchand Gandhi
Rise of Kingdoms,Khủng hoảng eo biển Thổ Nhĩ Kỳ chia cắt châu Âu và châu Á,Bosporus
Rise of Kingdoms,"Trong điều kiện bình thường, chúng ta có thể nhìn thấy lớp nào của mặt trời bằng mắt thường?",quang quyển
Rise of Kingdoms,Loại đơn vị mạnh chống lại Bộ binh?,Cung thủ
Rise of Kingdoms,Wales chính thức trở thành một phần của Vương quốc Anh dưới thời trị vì của vị vua nào?,Vua Henry VIII
Rise of Kingdoms,Gia đình giàu có ở Florence,thuốc
Rise of Kingdoms,“Tigris” được đặt theo tên của loài động vật nào trong tiếng Hy Lạp cổ đại?,Con hổ
Rise of Kingdoms,Mũi tên kháng chiến được sử dụng để làm gì?,Nâng cấp Tháp canh
Rise of Kingdoms,Sách Giao Ước dùng để làm gì?,Nâng cấp lâu đài
Rise of Kingdoms,Kích thước của sương mù được xóa sạch bởi vật phẩm trên Bản đồ Vương quốc là bao nhiêu?,10×10
Rise of Kingdoms,Những hình nón hình gió của cơn lốc xoáy nổi tiếng vì điều gì?,Quay
Rise of Kingdoms,Việc nghiên cứu “Toán học” ở Học viện mang lại lợi ích gì?,Tăng tốc độ nghiên cứu
Rise of Kingdoms,Công nghệ “Masonry” có thể giúp bạn cải thiện điều gì?,Tốc độ xây dựng các tòa nhà trong thành phố của bạn
Rise of Kingdoms,Điều gì gây ra cái chết của Pericles?,Một bệnh dịch.
Rise of Kingdoms,Điều gì đã gây ra cái chết của chính khách và chiến lược gia quân sự kiệt xuất Pericles?,Một bệnh dịch
Rise of Kingdoms,Nguyên nhân gây ra nguyệt thực?,Trái đất chuyển động trực tiếp giữa mặt trời và mặt trăng
Rise of Kingdoms,Nguyên nhân gây ra mùi đặc biệt trong không khí sau khi trời mưa?,Ảnh hưởng của xạ khuẩn
Rise of Kingdoms,Che Guevara đã học gì ở trường đại học?,Thuốc
Rise of Kingdoms,Spartacus đã làm gì khi còn là nô lệ trước khi lãnh đạo cuộc nổi dậy nô lệ lớn nhất ở La Mã cổ đại?,Một đấu sĩ
Rise of Kingdoms,"Theodorus van Gogh, em trai của họa sĩ nổi tiếng người Hà Lan Vincent Van Gogh, làm gì để kiếm sống?",Đại lý nghệ thuật
Rise of Kingdoms,Khám phá nào đã giúp việc giải mã chữ tượng hình trở nên khả thi?,Đá Rosetta.
Rise of Kingdoms,Kỹ năng liên minh “được nạp đầy đủ” có tác dụng gì?,Tăng tốc độ thu thập của các thành viên liên minh đối với một loại tài nguyên.
Rise of Kingdoms,Kỹ năng liên minh “món quà của thiên nhiên” có tác dụng gì?,Triệu hồi điểm tài nguyên trong khu vực đã chọn (không thể sử dụng ở vương quốc đã mất)
Rise of Kingdoms,Từ “Công thức” trong “Đua xe Công thức 1” ám chỉ điều gì?,Nội quy xe tham gia phải tuân theo
Rise of Kingdoms,Oda Nobunaga đã sống bằng bốn từ nào?,Thống trị bằng sức mạnh tuyệt đối
Rise of Kingdoms,Năm ánh sáng là thước đo của gì?,Khoảng cách
Rise of Kingdoms,Người theo chủ nghĩa độc thần là gì?,Chỉ tin vào một vị thần.
Rise of Kingdoms,Biệt danh của Belisarius là gì?,Người La Mã cuối cùng
Rise of Kingdoms,Cuốn sách nào được biết đến sớm nhất về chiến lược quân sự của Trung Quốc?,“Nghệ thuật chiến tranh” của Tôn Tử
Rise of Kingdoms,Chỉ huy Baybars giỏi về cái gì?,Đơn vị kỵ binh dẫn đầu
Rise of Kingdoms,Chỉ huy Eulji Mundeok giỏi về cái gì?,Đơn vị bộ binh dẫn đầu
Rise of Kingdoms,Chỉ huy Hermann giỏi về cái gì?,Cung thủ hàng đầu
Rise of Kingdoms,Chỉ huy Keira giỏi cái gì?,Cung thủ hàng đầu
Rise of Kingdoms,Chỉ huy Lancelot giỏi về cái gì?,Đơn vị kỵ binh dẫn đầu
Rise of Kingdoms,Chỉ huy Osman mà tôi giỏi là gì?,Tấn công thành phố
Rise of Kingdoms,Tướng quân Tôn Tử giỏi cái gì?,Các đơn vị đồn trú hàng đầu của thành phố.
Rise of Kingdoms,Biệt danh của Julius Caesar là gì?,Vua vô danh
Rise of Kingdoms,Thủ đô của Cộng hòa Chile là gì?,Santiago
Rise of Kingdoms,Tâm bão gọi là gì?,Mắt
Rise of Kingdoms,Biệt danh của nhà vô địch Keira là gì?,Tắc kè hoa đỏ
Rise of Kingdoms,Chỉ huy Hannibal Barca giỏi gì?,Tấn công các thành phố
Rise of Kingdoms,Tỷ lệ chuyển đổi của ampe (A) thành milliamperes (mA) là bao nhiêu?,1/1000
Rise of Kingdoms,Sức chứa quân mặc định khi lâu đài của bạn ở cấp 25 là bao nhiêu?,2 triệu
Rise of Kingdoms,Năng lực vận chuyển mặc định là bao nhiêu nếu điểm giao dịch của bạn là Cấp 25?,5 triệu
Rise of Kingdoms,Thời hạn của mục Tuyển dụng Thợ xây là bao lâu?,2 ngày
Rise of Kingdoms,Phần cứng nhất của cơ thể con người là gì?,Men răng
Rise of Kingdoms,Cấp độ cao nhất mà Tòa thị chính có thể đạt được trong Rise of Kingdoms là bao nhiêu?,25
Rise of Kingdoms,Động vật lớn nhất trên hành tinh là gì?,Cá voi xanh
Rise of Kingdoms,Chiều dài của một cuộc chạy marathon tính bằng km là bao nhiêu?,"42,2 km"
Rise of Kingdoms,Vị trí của hòn đá bí ẩn là gì?,nước Đức
Rise of Kingdoms,Mục đích chính của bạch cầu trong cơ thể con người là gì?,Chống nhiễm trùng và bệnh tật
Rise of Kingdoms,Nguyên tố nào có nhiều nhất trong vỏ trái đất?,Ôxy
Rise of Kingdoms,Tên điện được sản xuất bằng năng lượng nước sử dụng các đập lớn trên sông là gì?,Thủy điện
Rise of Kingdoms,Tên điện được sản xuất bằng nước sử dụng các đập lớn trên sông là gì?,Năng lượng thủy điện
Rise of Kingdoms,Tên của hiện tượng mà những sinh vật thích nghi tốt hơn với môi trường sống sót để truyền lại những đặc điểm cho con cái của chúng là gì?,Chọn lọc tự nhiên
Rise of Kingdoms,Tên của năng lượng tái tạo có nguồn gốc từ việc đốt các vật liệu hữu cơ như gỗ và rượu là gì?,Năng lượng sinh khối
Rise of Kingdoms,Cuộc cách mạng năm 1688 thành lập chế độ quân chủ lập hiến ở Anh có tên là gì?,Cách mạng vẻ vang
Rise of Kingdoms,Tên của eo biển Thổ Nhĩ Kỳ phân chia châu Âu và châu Á là gì?,Bosphorus
Rise of Kingdoms,"Quốc tịch của Pierre de Fermat, người đề xuất Định lý cuối cùng của Fermat là gì?",Pháp
Rise of Kingdoms,Sao chổi chu kỳ ngắn duy nhất được biết đến thường xuyên có thể nhìn thấy bằng mắt thường từ Trái đất là gì?,Sao chổi Halley
Rise of Kingdoms,Nguyên nhân chính hình thành địa hình karst là gì?,Sự hòa tan của đá hòa tan
Rise of Kingdoms,Nguyên nhân gốc rễ của chứng say độ cao là gì?,Tiếp xúc nhanh với lượng oxy thấp ở độ cao
Rise of Kingdoms,Vật liệu mềm nhất được nhân loại biết đến là gì?,bột talc
Rise of Kingdoms,Phần thưởng sức khỏe của quân đội bạn có thể nhận được từ Bệnh viện được nâng cấp hoàn toàn là gì?,1%
Rise of Kingdoms,Liên hoan phim lâu đời nhất thế giới là gì?,Liên hoan phim Venice
Rise of Kingdoms,Đóng góp nổi bật nào cho khoa học đã mang lại cho nhà sinh vật học Karl Landsteiner giải thưởng Nobel?,Khám phá nhóm máu con người
Rise of Kingdoms,Điều gì đã cung cấp sự hỗ trợ kinh tế lớn cho thời kỳ phục hưng?,Khách hàng giàu có
Rise of Kingdoms,"Chủng tộc sinh vật nào, thần thoại hay nói cách khác, sống trên Asgard theo thần thoại Bắc Âu?",Aesir
Rise of Kingdoms,Hai quốc gia nào cùng nhau tạo nên “Liên minh Iberia”?,Bồ Đào Nha và Tây Ban Nha
Rise of Kingdoms,Hai tác phẩm chính nào được cho là của homer?,Odyssey và Iliad
Rise of Kingdoms,Người thợ mộc nổi tiếng Lỗ Ban đã phát minh ra công cụ hữu ích nào?,Cái cưa
Rise of Kingdoms,"Một cách sử dụng khác của rượu gin, ngoài việc là một thức uống phổ biến, vào thế kỷ 18 là gì?",Thuốc
Rise of Kingdoms,Biệt danh Belisarius là gì?,Bản La Mã cuối cùng
Rise of Kingdoms,Bài phát biểu nổi tiếng của Otto von Bismarck năm 1862 là gì?,Máu và Sắt
Rise of Kingdoms,Tên vua của vị hoàng đế cuối cùng của triều đại nhà Thanh của Trung Quốc là gì?,Huyền Thông
Rise of Kingdoms,Mối quan hệ giữa các vị tướng nổi tiếng Tolui và Thành Cát Tư Hãn là gì?,Cha và con trai
Rise of Kingdoms,Những người đàn ông và phụ nữ đang trốn tránh điều gì ở vùng ngoại ô Florence trong bộ sưu tập tiểu thuyết ngắn ‘The Decameron’?,Bệnh dịch đen
Rise of Kingdoms,Những người đàn ông và phụ nữ đang trốn ở ngoại ô Florence trong tuyển tập tiểu thuyết ngắn “The Decameron” là gì?,Bệnh dịch đen
Rise of Kingdoms,Kỹ năng liên minh “Thợ thủ công khéo léo” có tác dụng gì khi sử dụng?,Tăng đáng kể tốc độ xây dựng cờ liên minh.
Rise of Kingdoms,Nguyên nhân chính hình thành dãy Himalaya là gì?,Va chạm giữa các tấm
Rise of Kingdoms,"Khi tòa thị chính của thống đốc đạt cấp 25, họ có thể xây dựng bao nhiêu trang trại?",4
Rise of Kingdoms,"Khi Achilles từ chối chiến đấu, Patroclus mặc áo giáp Achilles, chiến đấu với trojan và chết, Patroclus bị giết bởi ai?",Hector
Rise of Kingdoms,"Khi bắt và thả cá biển sâu, tại sao việc chọc thủng bong bóng của chúng lại quan trọng?",Để ngăn chúng chết vì bong bóng căng phồng
Rise of Kingdoms,Khủng long xuất hiện lần đầu tiên khi nào?,kỷ Trias
Rise of Kingdoms,Tuyên bố độc lập khi nào?,1776
Rise of Kingdoms,Ngày Quốc tế Rừng là khi nào?,ngày 21 tháng 3
Rise of Kingdoms,Ngày Thế giới Không Thuốc lá là khi nào?,ngày 31 tháng 5
Rise of Kingdoms,Tuyên ngôn độc lập được viết khi nào?,1776
Rise of Kingdoms,Thành Cát Tư Hãn bắt đầu xây dựng Đế chế Mông Cổ của mình ở đâu?,Châu Á
Rise of Kingdoms,Vua John của Anh đã đồng ý với Magna Carta vào năm 1215 ở đâu?,Runnymede
Rise of Kingdoms,Vua Louis XIV của Pháp đã chuyển triều đình đến đâu vào năm 1682?,Cung điện Versailles
Rise of Kingdoms,Vua Louis XIV của Pháp chuyển đến triều đình ở đâu vào năm 1682?,Cung điện Versailles
Rise of Kingdoms,Trận chiến cuối cùng giữa vua Arthur và Mordred diễn ra ở đâu theo truyền thuyết Arthurian?,Camlann
Rise of Kingdoms,Thời kỳ phục hưng bắt đầu từ đâu?,Ý
Rise of Kingdoms,Những người lính La Mã cổ đại lấy vũ khí và áo giáp ở đâu?,Bản thân
Rise of Kingdoms,Sự thích ứng đến từ đâu?,Cả đột biến và tái tổ hợp di truyền.
Rise of Kingdoms,Hầu hết các cơn bão bắt đầu từ đâu?,Trên biển mở
Rise of Kingdoms,Thủ đô của Scotland ở đâu?,Edinburgh
Rise of Kingdoms,Napoléon Bonaparte bị lưu đày ở đâu sau thất bại ở Waterloo?,Thánh Helena
Rise of Kingdoms,Đâu là điểm tập hợp của cuộc Thập tự chinh đầu tiên?,Constantinople
Rise of Kingdoms,Đội quân đất nung di sản thế giới được tìm thấy ở đâu?,Trong lăng mộ hoàng gia
Rise of Kingdoms,Nền văn minh cổ đại nào đã xây dựng nên “Thành phố đã mất” Machu Picchu?,người Inca
Rise of Kingdoms,Nhà khảo cổ học người Anh Howard Carter đã phát hiện ra lăng mộ của pharao Ai Cập cổ đại nào vào năm 1992?,Tutankhamun
Rise of Kingdoms,Nhà vật lý Hy Lạp cổ đại nào đã phát hiện ra khái niệm nổi trong khi tắm?,Archimedes
Rise of Kingdoms,Học giả Hy Lạp cổ đại nào đã đặt nền móng cho toán học châu Âu trong tương lai và là tác giả của cuốn “Các phần tử” của hình học?,Euclid
Rise of Kingdoms,Nhóm nghệ thuật nào được mệnh danh là “Báu vật quốc gia” của Canada?,Cirque du Soleil
Rise of Kingdoms,Nghệ sĩ nào đã thiết kế Vương cung thánh đường Thánh Phêrô ở Vatican?,Michelangelo
Rise of Kingdoms,Nghệ sĩ nào được chôn cất tại Pantheon?,Raphael
Rise of Kingdoms,Họa sĩ nào đã vẽ bức tranh “Cô gái đeo bông tai ngọc trai” nổi tiếng thế giới?,Johannes Vermeer
Rise of Kingdoms,Nhà thiên văn học nào đã đề xuất thuyết nhật tâm vào thế kỷ 16?,Nicolaus Copernicus
Rise of Kingdoms,Loại đồ uống nào được phát minh bởi dược sĩ người Mỹ John Pemberton?,cola
Rise of Kingdoms,Buff nào có thể nhận được khi chiếm giữ Thánh đường Dũng cảm?,Tăng EXP mà chỉ huy nhận được
Rise of Kingdoms,Tòa nhà nào ban đầu được xây dựng ở Luân Đôn để làm nơi tổ chức Triển lãm lớn về ngành công nghiệp xây dựng của tất cả các quốc gia được tổ chức vào năm 1851?,Cung điện pha lê
Rise of Kingdoms,Giang Tử Nha đã giúp thành lập triều đại nào ở Trung Quốc?,Nhà Chu
Rise of Kingdoms,Thành phố nào đã đánh bại Sparta trong “Trận chiến Leuctra”?,Thebes
Rise of Kingdoms,Thành phố nào đăng cai Thế vận hội Mùa hè 2000?,Sydney
Rise of Kingdoms,Thành phố nào của Hy Lạp cổ đại được biết đến với sự dũng cảm và huấn luyện quân sự tàn bạo?,Sparta
Rise of Kingdoms,Nền văn minh nào thưởng thêm 5% tấn công cho các đơn vị kỵ binh?,nước Đức
Rise of Kingdoms,Nền văn minh nào giúp tăng công suất bệnh viện?,Byzantine.
Rise of Kingdoms,Vị chỉ huy nào thường được coi là gương mẫu cho lý tưởng “Tinh thần võ sĩ đạo”?,Kusunoki Masashige
Rise of Kingdoms,Vị chỉ huy nào được mệnh danh là “Búa Bất Tử”?,Charles Martel
Rise of Kingdoms,Chỉ huy nào được gọi là Barbarossa?,Frederick I
Rise of Kingdoms,Người chỉ huy nào được mệnh danh là lãnh chúa của Kamakura?,Minamoto no Yoshitsune
Rise of Kingdoms,Người chỉ huy nào được mệnh danh là Kẻ chinh phục sự hỗn loạn?,Tào Tháo
Rise of Kingdoms,Người chỉ huy nào được mệnh danh là Lady of the Mercians?,Æthelflæd
Rise of Kingdoms,Chỉ huy nào được mệnh danh là tử thần hydromel?,Sarka
Rise of Kingdoms,Vị chỉ huy nào được mệnh danh là “Cung cách mạng”?,Yi Seong Gye
Rise of Kingdoms,Chỉ huy nào có biệt danh là Người bảo vệ của Carthage?,Hannibal Barca
Rise of Kingdoms,Vị chỉ huy nào được mệnh danh là Cha đẻ của cuộc chinh phục?,Baibars
Rise of Kingdoms,Chỉ huy nào có biệt danh là Kẻ man rợ gầm thét?,Lohar
Rise of Kingdoms,"Người chỉ huy nào được cho là đã nói “Tôi đến, tôi thấy, tôi chinh phục”?",Julius César
Rise of Kingdoms,Vị chỉ huy nào đã thể hiện thiên tài quân sự của mình trong trận Poitiers vào thế kỷ thứ 8 sau Công nguyên?,Charles Martel
Rise of Kingdoms,Vị chỉ huy nào đã thể hiện thiên tài quân sự của mình trong trận Tours vào thế kỷ thứ 8 sau Công nguyên?,Charles Martel
Rise of Kingdoms,Vị chỉ huy nào đã ký hiệp ước hòa bình với Saladin vào năm 1192?,Richard I
Rise of Kingdoms,Vị chỉ huy nào bị coi là kẻ thù của La Mã ngay từ khi còn nhỏ?,Hannibal Barca
Rise of Kingdoms,Chỉ huy nào phụ trách chiếm Constantinople ở tuổi 21?,Mehmed II
Rise of Kingdoms,Chỉ huy nào được biết đến với cái tên Celtic Rose?,Boudica
Rise of Kingdoms,Vị chỉ huy nào được mệnh danh là đồng cỏ tử thần?,Sarka
Rise of Kingdoms,Chỉ huy nào được ghép đôi với Minamoto?,Tomoe Gozen
Rise of Kingdoms,Kỹ năng chủ động của chỉ huy nào có thể gây ra sự im lặng,Hermann
Rise of Kingdoms,Nhạc sĩ nào đã sáng tác vở opera “Chiếc nhẫn của Nibelung”?,Wagner
Rise of Kingdoms,Châu lục nào là nơi ra đời của nền văn minh Maya?,Châu Mỹ
Rise of Kingdoms,Nhà thơ nổi tiếng Dante Alighieri đến từ đất nước nào?,Ý
Rise of Kingdoms,"Zarathustra, trong bài thơ có giai điệu “Zarathustra đã nói như vậy”, đến từ đất nước nào?",Ba Tư
Rise of Kingdoms,Nước nào tặng tượng Nữ thần Tự do cho người dân Mỹ?,Pháp
Rise of Kingdoms,Quốc gia nào ở châu Á trùng lặp với đế chế Parthia trước đây?,Iran
Rise of Kingdoms,Catalhoyuk (Çatalhöyük) nằm ở quốc gia nào?,Thổ Nhĩ Kỳ
Rise of Kingdoms,Quốc gia nào không thuộc Châu Âu?,Ai Cập
Rise of Kingdoms,Quốc gia nào bắt đầu truyền thống ngày làm việc 8 giờ?,Vương quốc Anh
Rise of Kingdoms,Nước Anh đã chiến đấu với nước nào trong trận Agincourt?,Pháp
Rise of Kingdoms,"Marco Polo, nhà thám hiểm và thương gia nổi tiếng sinh ra ở nước nào?",Cộng hòa Venice
Rise of Kingdoms,Nước nào phát minh ra nước hoa đầu tiên?,Síp
Rise of Kingdoms,"Vị á thần nào bắt được Cerberus, “con chó săn ba đầu của Hades”, theo thần thoại Hy Lạp?",Hercules
Rise of Kingdoms,Nhà khoa học Hà Lan nào được mệnh danh là “cha đẻ của vi sinh vật”?,Antonie van Leeuwenhoek
Rise of Kingdoms,Vị hoàng đế nào đã ban hành Tuyên bố Milan?,Constantine I
Rise of Kingdoms,Vị hoàng đế nào được nhiều người du mục Thổ Nhĩ Kỳ khác nhau mệnh danh là “Hãn thiên” trong triều đại nhà Tùy và nhà Đường?,Hoàng đế Thái Tông nhà Đường
Rise of Kingdoms,Dân tộc nào đã sáng lập nền văn minh sớm nhất của Lưỡng Hà?,Người Sumer
Rise of Kingdoms,Vị vua của nước châu Âu nào đã tài trợ cho chuyến thám hiểm nổi tiếng của Christopher Columbus?,Tây ban nha
Rise of Kingdoms,"Người châu Âu nào đã viết tạp chí du lịch đầu tiên mô tả chi tiết về lịch sử, văn hóa và nghệ thuật của Trung Quốc?",Marco Polo
Rise of Kingdoms,"Công tước Lorenzo, người bảo trợ nghệ thuật nổi tiếng thời Phục hưng, thuộc về gia đình nổi tiếng và có ảnh hưởng nào?",thuốc
Rise of Kingdoms,Vị vua Pháp nào được biết đến với cái tên Saint Louis?,Louis IX
Rise of Kingdoms,Loại khí nào chiếm hơn 90% bầu khí quyển của sao Hỏa?,Khí cacbonic
Rise of Kingdoms,Nhà tâm lý học người Đức nào đã phát hiện ra đường cong quên lãng của não người?,Hermann Ebbinghaus
Rise of Kingdoms,Taranis là vị thần nào trong thần thoại Celtic?,Thần Sấm
Rise of Kingdoms,Nhóm nào đã chinh phục Đế quốc Byzantine?,người Ottoman
Rise of Kingdoms,Nhân vật lịch sử nào được chôn cất trong Đền khắc của Palenque?,Pakal Đại đế
Rise of Kingdoms,Người sáng lập Kentucky Fried Chicken (KFC) được trao cấp bậc danh dự nào?,Đại tá
Rise of Kingdoms,Điều gì sẽ xảy ra nếu các phép bổ trợ sau có thể có hiệu lực trong các trận chiến tại Sunset Canyon?,Buff từ trang bị
Rise of Kingdoms,Nhà phát minh nào đã chế tạo ra đầu máy điện đầu tiên trên thế giới vào năm 1837?,Robert Davidson
Rise of Kingdoms,Đâu KHÔNG phải là Kỹ năng Vua?,Sự cứu tế
Rise of Kingdoms,Truyện nào được Sách Kỷ lục Guinness Thế giới công nhận là có lượng phát hành tích lũy lớn nhất so với bất kỳ truyện tranh một tác giả nào?,Eiichiro Oda/One Piece
Rise of Kingdoms,Rãnh nào được biết đến sâu nhất trên thế giới?,Rãnh Mariana
Rise of Kingdoms,Dãy núi lục địa nào dài nhất trên trái đất?,Dãy Andes
Rise of Kingdoms,Loài rắn nào nhỏ nhất được biết đến?,Rắn chủ đề Barbados
Rise of Kingdoms,"Địa danh nào ở Sydney, Úc có hình cánh buồm?",Nhà Hát Opera Sydney
Rise of Kingdoms,Suidae thuộc bộ động vật có vú nào?,Artiodactyla
Rise of Kingdoms,Vị chỉ huy quân sự nào được mệnh danh là “Người giải phóng Teutoburg”?,Hermann
Rise of Kingdoms,Nhà hát Globe của Shakespeare được xây dựng ở thành phố hiện đại nào?,Luân Đôn
Rise of Kingdoms,Nhạc cụ nào có sáu dây?,đàn ghi-ta
Rise of Kingdoms,Nhạc sĩ nào sáng tác “Cuộc hôn nhân của Figaro”?,Mozart
Rise of Kingdoms,Quốc gia nào KHÔNG tham gia vào Trận Waterloo?,Ý
Rise of Kingdoms,Bộ luật nào của Babylon là bộ luật thành văn đầy đủ đầu tiên trong lịch sử được ghi lại?,Bộ luật Hammurabi
Rise of Kingdoms,Nhân vật nào dưới đây không phải là Hiệp sĩ Bàn tròn của Vua Arthur?,Merlin
Rise of Kingdoms,Điều nào sau đây mô tả chính xác Vòng Bắc Cực,Ngày Cực và Đêm Cực là những hiện tượng xảy ra ở đó
Rise of Kingdoms,Thành tích nào sau đây phải được hoàn thành trước thành tích “Bông tuyết đặc biệt”?,Tấn công tầm xa
Rise of Kingdoms,Điều nào sau đây thưởng điểm hoạt động hàng ngày?,Đánh bại quân man rợ trên bản đồ
Rise of Kingdoms,Điều nào sau đây mô tả đúng nhất về Cá hề?,Cá biển nhiệt đới
Rise of Kingdoms,Vật nào sau đây không thể tìm thấy trong Rương bạc ở quán rượu?,Cấp độ. 3 Cuốn sách kiến ​​thức
Rise of Kingdoms,Điều nào sau đây KHÔNG thể tìm thấy trong Cửa hàng Liên minh?,Chìa Khóa Vàng
Rise of Kingdoms,Giống mèo nào sau đây được biết đến là không có lông?,Sphynx
Rise of Kingdoms,Thành phố nào sau đây là thành phố đầu tiên có hệ thống vận chuyển nhanh chóng dưới lòng đất?,Luân Đôn
Rise of Kingdoms,Nền văn minh nào sau đây không thể buff kỵ binh của họ?,người Ottoman
Rise of Kingdoms,Nền văn minh nào sau đây tăng 5% sát thương của các kỹ năng chỉ huy tích cực?,người Ottoman
Rise of Kingdoms,Người chỉ huy nào sau đây xuất sắc trong việc thu thập tài nguyên?,Cleopatra VII
Rise of Kingdoms,Chỉ huy nào sau đây xuất sắc trong việc tấn công các thành phố của đối phương?,Caesar
Rise of Kingdoms,Người chỉ huy nào sau đây xuất sắc trong việc dẫn đầu các cung thủ?,Yi Seong Gye
Rise of Kingdoms,Chỉ huy nào sau đây giỏi dẫn đầu kỵ binh?,Minamoto no Yoshitsune
Rise of Kingdoms,Chỉ huy nào sau đây xuất sắc trong việc chỉ huy bộ binh?,Richard I
Rise of Kingdoms,Người chỉ huy nào sau đây đã tham gia cuộc nổi dậy chống lại chính chồng mình?,Constance
Rise of Kingdoms,"Người chỉ huy nào sau đây thực sự là người cai trị vương quốc của họ, nhưng chưa bao giờ chính thức là nguyên thủ quốc gia?",Charles Martel
Rise of Kingdoms,Người chỉ huy nào sau đây là một phần của Trận chiến Xích Xích?,Tào Tháo
Rise of Kingdoms,Vị chỉ huy nào sau đây là một phần của cuộc chiến trăm năm?,Joan xứ Arc
Rise of Kingdoms,Quốc gia nào sau đây nằm hoàn toàn ở Bắc bán cầu?,Không có câu trả lời nào trong số này là đúng
Rise of Kingdoms,Điều nào sau đây mô tả một người theo thuyết độc thần?,Ai đó đã chiến đấu với 1 vị thần.
Rise of Kingdoms,Desiderius Erasmus và Thomas More có điểm gì chung?,Cả hai đều được coi là những người theo chủ nghĩa nhân văn
Rise of Kingdoms,Điều nào sau đây KHÔNG xảy ra trong Chiến tranh Hy Lạp-Ba Tư?,Trận Agincourt
Rise of Kingdoms,Bác sĩ nào sau đây là người đầu tiên mô tả đầy đủ và chi tiết về hệ tuần hoàn và chức năng của tim?,William Harvey
Rise of Kingdoms,Điều nào sau đây không cấp Tín dụng Cá nhân?,Cung cấp tài nguyên cho đồng minh.
Rise of Kingdoms,Điều nào sau đây KHÔNG cung cấp cho chỉ huy EXP?,Tấn công người chơi khác
Rise of Kingdoms,Vòng tròn Olympic màu xanh lá cây đại diện cho điều nào sau đây?,Châu Đại Dương
Rise of Kingdoms,Yếu tố nào sau đây cho phép một số đồ uống hỗn hợp nhất định được xếp lớp?,Tỉ trọng
Rise of Kingdoms,Vị vua nào sau đây của Pháp được mệnh danh là Vua Mặt Trời?,Louis XIV
Rise of Kingdoms,Loại quả nào sau đây được mệnh danh là “đào sói” bị lầm tưởng là có độc?,cà chua
Rise of Kingdoms,Thiếu vitamin D có thể gây ra bệnh nào sau đây?,Bệnh còi xương
Rise of Kingdoms,Phát minh nào sau đây không xuất hiện trong cuộc cách mạng công nghiệp lần thứ nhất?,Điện thoại
Rise of Kingdoms,Công trình nào sau đây là công trình trang trí?,Trống đá
Rise of Kingdoms,Chất nào sau đây là nhiên liệu hóa thạch được hình thành từ các sinh vật biển thường được tìm thấy ở dạng lớp gấp hoặc nghiêng và được sử dụng để sưởi ấm và nấu ăn?,Khí thiên nhiên
Rise of Kingdoms,Chất nào sau đây là nhiên liệu hóa thạch lỏng được hình thành từ các sinh vật biển được đốt cháy để lấy năng lượng và được sử dụng để sản xuất nhựa?,Dầu
Rise of Kingdoms,Tên nào sau đây là tên của đá trầm tích được hình thành từ xác thực vật mục nát ở vùng đầm lầy?,Than
Rise of Kingdoms,"Nguồn năng lượng nào sau đây là nguồn năng lượng không thể tái tạo (như than, dầu hoặc khí tự nhiên)?",Nhiên liệu hóa thạch
Rise of Kingdoms,Nguồn năng lượng nào sau đây là nguồn năng lượng không thể tái tạo?,Nước
Rise of Kingdoms,Điều nào sau đây là Giai đoạn của Thống đốc hùng mạnh nhất?,Loại bỏ kẻ thù
Rise of Kingdoms,Điều nào sau đây là thuật ngữ chỉ một loại vật liệu có giá trị có nguồn gốc địa chất có thể được khai thác từ trái đất,Tài nguyên thiên nhiên
Rise of Kingdoms,Câu nào sau đây mô tả chính xác về khí hậu Địa Trung Hải?,"Mùa hè nóng, khô và mùa đông mát, ẩm ướt."
Rise of Kingdoms,Nguồn năng lượng nào sau đây là nguồn năng lượng thay thế dựa trên việc tách các nguyên tử nặng thành nguyên tử nhẹ hơn để giải phóng năng lượng?,Năng lượng hạt nhân
Rise of Kingdoms,Nguồn năng lượng nào sau đây là nguồn năng lượng vô tận dựa vào magma nóng hoặc đá khô nóng dưới mặt đất?,địa lý
Rise of Kingdoms,Cái nào sau đây là tên gọi khác của “Cái chết đen” hoành hành khắp châu Âu vào cuối thời Trung cổ?,Yersinia pestis
Rise of Kingdoms,Chất nào sau đây được coi là tài nguyên kim loại?,Sắt
Rise of Kingdoms,Nguồn nào sau đây được coi là nguồn năng lượng?,Dầu mỏ
Rise of Kingdoms,Điều nào sau đây có nhiều khả năng nhất đã trực tiếp dẫn đến thời đại đồ đồng?,Đồng cứng hơn và bền hơn các kim loại khác vào thời điểm đó
Rise of Kingdoms,Nước nào sau đây KHÔNG phải là “nước thấp” của châu Âu?,Vương quốc Anh
Rise of Kingdoms,Điều nào sau đây không phải là đặc điểm của nghệ thuật Phục hưng?,phẳng/hai chiều
Rise of Kingdoms,Tài nguyên nào sau đây không phải là tài nguyên thiên nhiên?,Quần áo
Rise of Kingdoms,Điều nào sau đây không phải là lý do tại sao thời kỳ phục hưng bắt đầu ở Ý?,Bệnh dịch hạch đen không tấn công Ý nhờ dãy Alps
Rise of Kingdoms,Điều nào sau đây KHÔNG phải là bộ trong poker?,Gió
Rise of Kingdoms,Điều nào sau đây không phải là mục tiêu của thần thoại Hy Lạp?,Cung cấp một con đường cho sự cứu rỗi
Rise of Kingdoms,Kỹ năng nào sau đây không phải là Kỹ năng Vua?,Sự cứu tế
Rise of Kingdoms,Điều nào sau đây KHÔNG phải là một trong những kỹ năng của Belisarius?,Lực lượng sấm sét
Rise of Kingdoms,Điều nào sau đây KHÔNG phải là một trong những kỹ năng của El Cid?,Tinh thần hiệp sĩ
Rise of Kingdoms,Điều nào sau đây KHÔNG phải là một trong những kỹ năng của Keira?,Máu ngang ngược
Rise of Kingdoms,Điều nào sau đây KHÔNG phải là một trong những kỹ năng của Lohar?,Sự hủy diệt hoàn toàn
Rise of Kingdoms,Điều nào sau đây KHÔNG phải là một trong những kỹ năng của Matilda of Flanders?,Dòng máu Celtic
Rise of Kingdoms,Điều nào sau đây KHÔNG phải là một trong những kỹ năng của Mulan?,Đội quân bất khuất
Rise of Kingdoms,Điều nào sau đây KHÔNG phải là một trong những kỹ năng của Osman I?,Chiến thuật xiên
Rise of Kingdoms,Điều nào sau đây KHÔNG phải là một trong những kỹ năng bị động của Pelagius?,Thù lao
Rise of Kingdoms,Điều nào sau đây không phải là một trong những số phận của thần thoại Bắc Âu?,Nghiệp chướng
Rise of Kingdoms,Chất nào sau đây KHÔNG phải là một trong những khí nhà kính chính trong khí quyển trái đất?,Nitơ
Rise of Kingdoms,Phần nào sau đây không phải là một phần của quốc kỳ Mexico.?,Con lạc đà
Rise of Kingdoms,Câu nào sau đây mô tả đúng về tầng bình lưu?,Ở trên ấm và lạnh ở dưới
Rise of Kingdoms,Công viên nào sau đây là công viên quốc gia đầu tiên trên thế giới?,Công viên quốc gia Yellowstone
Rise of Kingdoms,Hòn đảo nào sau đây là hòn đảo lớn nhất thế giới?,Greenland
Rise of Kingdoms,Người nào sau đây là anh trai của Zeus trong Thần thoại Geek?,Poseidon
Rise of Kingdoms,Loại nước trái cây nào sau đây có trong loại cocktail cổ điển “Bloody Mary”?,Nước ép cà chua
Rise of Kingdoms,Mô tả nào về danh hiệu vương quốc sau đây KHÔNG ĐÚNG?,Thủ tướng đã tăng cường quân tấn công.
Rise of Kingdoms,Loài sinh vật biển nào sau đây tồn tại lâu nhất?,Nautilus
Rise of Kingdoms,Nhà vật lý nào sau đây sinh vào ngày giỗ của Galileo Galilei và mất vào ngày giỗ của Albert Einstein?,Stephen Hawking
Rise of Kingdoms,Tài nguyên nào sau đây không thể tìm thấy trong quần jean của bạn?,Chỉ huy
Rise of Kingdoms,Loài hoa nào sau đây được coi là quốc hoa của Philippines?,Sampaguita
Rise of Kingdoms,Bài phát biểu nào sau đây của Thủ tướng Phổ Otto von Bismarck vào tháng 9 năm 1862?,Máu và Sắt
Rise of Kingdoms,Câu chuyện nào sau đây không phải là truyện cổ Grimm?,Nàng tiên cá nhỏ
Rise of Kingdoms,Công nghệ nào sau đây có trước “Kỵ sĩ”?,Kỷ luật quân đội
Rise of Kingdoms,Loại vitamin nào sau đây hữu ích nhất để duy trì thị lực tốt?,Vitamin A
Rise of Kingdoms,Vị tướng nào sau đây là vị tướng trong Chiến tranh Genpei của Nhật Bản?,Tomoe Gozen
Rise of Kingdoms,Ai sau đây là Hiệp sĩ Bàn tròn?,Lancelot
Rise of Kingdoms,Điều nào sau đây là phong trào trí tuệ thời Phục hưng trong đó các nhà tư tưởng nghiên cứu các văn bản cổ điển và tập trung vào tiềm năng và thành tựu của con người?,chủ nghĩa nhân văn
Rise of Kingdoms,Nước nào sau đây còn được gọi là Đế chế Đông La Mã?,Đế quốc Byzantine
Rise of Kingdoms,Ai sau đây là kẻ thù của Richard the Lionheart?,Saladin
Rise of Kingdoms,Công trình nào sau đây được xây dựng theo lệnh của Shah Jahan để tưởng nhớ người vợ Mumtaz Mahal của ông?,Taj Mahal
Rise of Kingdoms,Điều nào sau đây không phải là trụ cột của thời Phục hưng?,Chủ nghĩa lịch sự
Rise of Kingdoms,Vật nào sau đây KHÔNG được phát minh ở Trung Quốc?,Máy ghi địa chấn
Rise of Kingdoms,Điều nào sau đây được đồng hương của ông ca ngợi là đại diện dân chủ trung thực và tốt nhất của Hy Lạp cổ đại?,Pericles
Rise of Kingdoms,Điều nào sau đây được viết bởi Mary Shelley?,Frankenstein
Rise of Kingdoms,Điều nào sau đây không phải là lợi ích khi trở thành Người ghi chép của Ai Cập cổ đại?,Ngoại trừ chì bệnh được thanh toán y tế
Rise of Kingdoms,Người nào sau đây sinh cùng năm với ca sĩ Luciano Pavarotti?,Elvis Presley
Rise of Kingdoms,Tác phẩm nào sau đây dựa trên Trận chiến đèo Roncevaux do Charlemagne và các hiệp sĩ của ông chiến đấu?,Bài hát của Roland
Rise of Kingdoms,Tác phẩm nào sau đây được viết bởi nhà viết kịch người Pháp Pierre Corneille?,Lê Cid
Rise of Kingdoms,Điều nào sau đây KHÔNG phải là một trong những kỹ năng của Baybar?,Lực lượng sấm sét
Rise of Kingdoms,Kỳ quan nào trong số bảy kỳ quan thế giới được tạo ra để chữa khỏi nỗi nhớ nhà của Nữ hoàng Babylon mới?,Vườn treo
Rise of Kingdoms,Kỹ năng chủ động nào sau đây thuộc về Charles Martel?,Khiên bất tử
Rise of Kingdoms,Sĩ quan nào trong số những sĩ quan liên minh này sẽ tăng Tốc độ Nghiên cứu?,cố vấn
Rise of Kingdoms,Nghệ sĩ nào trong số này KHÔNG phải là họa sĩ người Baraque?,Vincent Van Gogh
Rise of Kingdoms,Tòa nhà nào sau đây KHÔNG phải là một trong Bảy kỳ quan mới của thế giới?,Cung điện Versailles
Rise of Kingdoms,Thành phố nào sau đây đã tổ chức Thế vận hội vào năm 1900?,Paris
Rise of Kingdoms,Thành phố nào sau đây ở Brazil đã tổ chức Thế vận hội Olympic?,Rio de Janeiro
Rise of Kingdoms,Chỉ huy nào trong số này có khả năng chuyển đổi một số đơn vị bị giết thành đơn vị bị thương nặng khi tấn công một thành phố?,Charlemagne
Rise of Kingdoms,Ai trong số những người chỉ huy này có khả năng chuyển đổi một số đơn vị bị giết?,Charlemagne
Rise of Kingdoms,Ai trong số những chỉ huy này đã có thể đánh bại Charles vĩ đại trong trận chiến?,Henry V
Rise of Kingdoms,Quốc gia nào sau đây KHÔNG tham gia Chiến tranh Bảy năm phương Bắc (1563-1570)?,Vương quốc Anh
Rise of Kingdoms,Kinh tuyến gốc đi qua quốc gia nào sau đây?,Mali
Rise of Kingdoms,Quốc gia nào sau đây KHÔNG phải là thành viên sáng lập của NATO (năm 1949)?,Thổ Nhĩ Kỳ
Rise of Kingdoms,Hiệu ứng nào KHÔNG phải do kỹ năng của Aethelflaed gây ra?,Chữa lành các đơn vị bị thương nhẹ
Rise of Kingdoms,Mô tả nào sau đây không chính xác về “Trận chiến Poitiers”?,Chiến dịch diễn ra trong Thế chiến thứ nhất
Rise of Kingdoms,Mô tả nào sau đây là không chính xác về “Mare Imbrium” trên mặt trăng?,Nó chứa một lượng nước trầm tích nhất định
Rise of Kingdoms,Cái nào sau đây không phải là nền văn minh cổ xưa của Châu Mỹ?,Người Sumer
Rise of Kingdoms,Ai trong số này KHÔNG được coi là một trong “Năm vị hoàng đế tốt” của triều đại Nerva-Antonine ở La Mã cổ đại?,hàng hóa
Rise of Kingdoms,Cái nào trong số này là một trong những “Kỹ năng chủ động” của Minamoto no Yoshitune?,Kyohachiryu
Rise of Kingdoms,Cái nào trong số này là quốc hoa của Ấn Độ?,hoa sen
Rise of Kingdoms,Cái nào trong số này được sử dụng để tập hợp quân đội liên minh?,Lâu đài
Rise of Kingdoms,Vật phẩm nào KHÔNG thể có được bằng cách đánh bại những kẻ man rợ?,Điểm VIP
Rise of Kingdoms,Những mặt hàng nào sau đây KHÔNG thể mua được trong Cửa hàng Thương gia Bí ẩn?,Trang hộ chiếu
Rise of Kingdoms,Ai trong số những nhà hàng hải này là người châu Âu đầu tiên đến Brazil?,Pedro Alvares Cabral
Rise of Kingdoms,Giải Nobel nào sau đây được trao cho Marie Curie vào năm 1903?,Giải Nobel Vật lý
Rise of Kingdoms,Cái nào trong số hai cái này được tạo ra bởi Leonardo da Vinci?,"Bữa tối cuối cùng, Mona Lisa"
Rise of Kingdoms,Ai trong số này là vị chỉ huy duy nhất đánh bại Cyrus vĩ đại trong trận chiến?,Tomyris
Rise of Kingdoms,Tác phẩm nào trong văn học Monogatari của Nhật Bản mô tả truyền thuyết về “Kaguya-hime”?,Câu chuyện người chặt tre
Rise of Kingdoms,Biện pháp chính thức nào quy định việc cung cấp thức ăn hoặc chỗ ở cho Martin Luther là một tội ác?,Sắc lệnh của sâu bọ
Rise of Kingdoms,Điều nào sau đây không phải là một trong những kỹ năng của Hermann?,không thể cưỡng lại
Rise of Kingdoms,Con vật nào KHÔNG đẻ trứng?,dơi
Rise of Kingdoms,Rượu sẽ ảnh hưởng đến phần nào của não?,tiểu não
Rise of Kingdoms,Bộ phận nào của cơ thể con người chứa chủ yếu là nước?,Nhãn cầu
Rise of Kingdoms,"Giai đoạn nào của lịch sử châu Âu, kéo dài từ năm 1300 đến năm 1600, chứng kiến ​​sự quan tâm mới đến văn hóa cổ điển và dẫn đến những thay đổi sâu rộng trong nghệ thuật, học tập và quan điểm về thế giới?",Phục hưng
Rise of Kingdoms,Pharaoh nào đã ra lệnh xây dựng đền thờ Abu Simbel?,Ramesses II
Rise of Kingdoms,Triết gia nào đã viết “Không tưởng”?,Plato
Rise of Kingdoms,Hành tinh nào trong hệ mặt trời của chúng ta quay nhanh nhất?,Sao Mộc
Rise of Kingdoms,Nhà thám hiểm người Bồ Đào Nha nào đã đi thuyền từ Mũi Hảo Vọng đến Ấn Độ?,Vasco de Gama
Rise of Kingdoms,Nhà thám hiểm người Bồ Đào Nha nào là người châu Âu đầu tiên đi thuyền tới cực nam châu Phi?,Bartolomeu Dias
Rise of Kingdoms,Chính khách nổi tiếng nào từng là vị tướng đầu tiên của Mạc phủ Edo vào cuối thời Chiến Quốc của Nhật Bản?,Tokugawa Ieyasu
Rise of Kingdoms,Chính khách nổi tiếng nào từng là vị tướng đầu tiên của Mạc phủ Edo vào cuối thời kỳ chiến quốc của Nhật Bản?,Tokugawa Ieyasu
Rise of Kingdoms,Hoàng đế La Mã nào được đặt tên là Augustus sau khi kết thúc cuộc nội chiến?,Gaius Octavius
Rise of Kingdoms,Georges Seurat sẽ là đại diện của trường phái hội họa nào?,chủ nghĩa chấm điểm
Rise of Kingdoms,Trường phái tư tưởng nào được sáng lập bởi triết gia Trung Quốc Lão Tử?,Đạo giáo
Rise of Kingdoms,Bộ luật Hammurabi được khắc trên đá bằng chữ viết nào?,chữ hình nêm
Rise of Kingdoms,Tiểu bang nào là trụ sở của Công ty Walt Disney?,California
Rise of Kingdoms,Công nghệ nào có trước Pavise?,Mũi tên Bodkin
Rise of Kingdoms,Công nghệ nào có trước Swordsman?,Gia công sắt
Rise of Kingdoms,Công nghệ nào có trước Kỵ binh hạng nặng?,Giáp vảy
Rise of Kingdoms,"Pierre de Coubertin, người sáng lập Ủy ban Olympic Quốc tế, đã giữ chức danh gì?",Nam tước
Rise of Kingdoms,Cầu Dom Luis của Bồ Đào Nha kết nối hai thành phố nào?,"Porta, Vila Nova de Gaia"
Rise of Kingdoms,Kênh đào Panama nối liền hai đại dương nào?,Thái Bình Dương và Đại Tây Dương
Rise of Kingdoms,Loại thánh địa nào cấp tiền thưởng tấn công quân đội?,Bàn thờ lửa
Rise of Kingdoms,Loại thiên tai nào được đo bằng thang Richter?,Động đất
Rise of Kingdoms,Đơn vị nào nhận được lợi ích mạnh mẽ từ kỹ năng Chiến lược gia bậc thầy của Tôn Tử?,bộ binh
Rise of Kingdoms,Đơn vị nào mạnh hơn bộ binh?,Cung thủ
Rise of Kingdoms,Loại đơn vị nào mạnh hơn khi chống lại Cung thủ?,kỵ binh
Rise of Kingdoms,Loại đơn vị nào mạnh hơn khi chống lại Kỵ binh?,bộ binh
Rise of Kingdoms,Cuộc chiến nào đã chấm dứt sự cai trị của Nhà Plantagenet và bắt đầu sự cai trị của Nhà Tudor ở Anh?,Cuộc chiến hoa hồng
Rise of Kingdoms,Cuộc chiến nào đã diễn ra giữa các gia đình Lancaster và York của Anh để giành lấy ngai vàng nước Anh?,Cuộc chiến hoa hồng
Rise of Kingdoms,Cuộc chiến nào đã diễn ra giữa các gia tộc Bristish ở Lancaster và York để giành lấy ngai vàng của nước Anh?,Cuộc chiến hoa hồng
Rise of Kingdoms,Cuộc chiến nào đã diễn ra giữa người Anh?,Cuộc chiến hoa hồng
Rise of Kingdoms,Ngọn hải đăng nào được xây dựng sau khi Macedonia chinh phục Ai Cập và lãng phí bảy kỳ quan của thế giới cổ đại?,Ngọn Hải Đăng Alexandria
Rise of Kingdoms,Nền văn minh cổ đại duy nhất phát triển trong khu rừng nhiệt đới chứ không phải lưu vực sông?,người Inca
Rise of Kingdoms,Liên Xô được thành lập vào năm nào?,1922
Rise of Kingdoms,Ai “sở hữu” Đảo Phục Sinh?,Chilê
Rise of Kingdoms,Ai là tác giả cuốn tiểu thuyết “Không còn là con người”?,Osamu Dazai
Rise of Kingdoms,Ai là người chiến thắng trong “Trận chiến Hastings”?,William kẻ chinh phục
Rise of Kingdoms,Ai đã nghĩ ra ý tưởng về con ngựa thành Troy?,Odysseus
Rise of Kingdoms,Ai đã nghĩ ra ý tưởng Con ngựa thành Troy? Ai đã thắng trong cuộc chiến thành Troy?,Odysseus; người Hy Lạp
Rise of Kingdoms,Ai chỉ huy Quân đội Mẫu Mới do Quốc hội thành lập trong Nội chiến Anh?,Cromwell
Rise of Kingdoms,Ai đã đánh bại Nhân sư theo truyền thuyết Hy Lạp?,Oedipus
Rise of Kingdoms,Ai đã thiết kế “Pháo Cannon”?,Đô thị
Rise of Kingdoms,Boudica đã lãnh đạo các bộ lạc ở Anh nổi dậy chống lại ai?,Đế chế La Mã thần thánh
Rise of Kingdoms,Ai là người đầu tiên thực hiện Lịch Julian ở Rome?,Julius Caesar
Rise of Kingdoms,Ai đã thành lập “Vương quốc Malacca”?,Parameswara
Rise of Kingdoms,Ai là người thành lập “Hạm đội Tây Ban Nha”?,Philip II
Rise of Kingdoms,Ai đã thành lập Đế chế Ba Tư đầu tiên?,Cyrus Đại đế
Rise of Kingdoms,Ai là người sáng lập ra triều đại Joseon?,Yi Seong Gye
Rise of Kingdoms,Ai là người sáng lập Mạc phủ Kamakura?,Minamoto no Yoritomo
Rise of Kingdoms,Ai đã thành lập Vương quốc Asturias?,Pelagius
Rise of Kingdoms,Ai đã tài trợ cho chuyến đi của Christopher Colombus?,Tây ban nha
Rise of Kingdoms,Ai đã có bài phát biểu nổi tiếng “Tôi có một giấc mơ”?,Martin Luther King Jr.
Rise of Kingdoms,Ai đã khởi xướng Tháng Ba Muối đầu tiên?,Mahatma Gandhi
Rise of Kingdoms,Ai đã thiết lập Lịch Julian?,Julius Caesar
Rise of Kingdoms,Ai đã phát minh ra máy in?,Johann Gutenberg
Rise of Kingdoms,Ai chịu trách nhiệm đưa các chiến binh dũng cảm vào Valhalla sau khi chết trong thần thoại Bắc Âu?,Valkyrie
Rise of Kingdoms,‘Thần tình yêu’ trong thần thoại Bắc Âu là ai?,Freyja
Rise of Kingdoms,“Thần chết” trong thần thoại Hy Lạp cổ đại là ai?,thanatos
Rise of Kingdoms,Ai là “Thần chiến tranh” trong thần thoại Hy Lạp cổ đại?,Ares
Rise of Kingdoms,Người chỉ huy được coi là kẻ thù của Rome từ nhỏ là ai?,Hannibal Barca
Rise of Kingdoms,Ai là người Ý đầu tiên nhận được “Giải thưởng Kiến trúc Pritzker”?,Aldo Rossi
Rise of Kingdoms,Vua của Vương quốc là ai?,Thủ lĩnh liên minh chinh phục ngôi đền thất lạc
Rise of Kingdoms,"Mẹ của Cupid, vị thần tình yêu có khuôn mặt trẻ thơ trong thần thoại La Mã là ai?",sao Kim
Rise of Kingdoms,Ai là người bảo trợ và bảo vệ Athens trong thần thoại Hy Lạp cổ đại?,Athena
Rise of Kingdoms,Ai đã giết Hector và Achilles chết như thế nào?,Achilles; Mũi tên xuyên qua gót chân
Rise of Kingdoms,"Ai đã giết Odin, vua của các vị thần, trong Ragnarok trong thần thoại Bắc Âu?",Fenrir
Rise of Kingdoms,Ai là người đã chinh phục “Vương quốc Vandal và Alans” trong Chiến tranh Vandal?,Belisarius
Rise of Kingdoms,Ai đã lãnh đạo Vương quốc Phổ trong Chiến tranh Bảy năm?,Frederick II
Rise of Kingdoms,Ai đã đưa ra ý tưởng “Troy”?,Odysseus
Rise of Kingdoms,Ai sở hữu mọi thứ ở Vương quốc Ai Cập cổ đại?,Pha-ra-ôn
Rise of Kingdoms,Ai đã vẽ Bữa Tiệc Ly?,Leonardo Da Vinci
Rise of Kingdoms,Ai đã vẽ bức Mona Lisa?,Leonardo da Vinci
Rise of Kingdoms,Ai đã đưa ra quan điểm triết học “Tôi tư duy nên tôi tồn tại”?,Descartes
Rise of Kingdoms,Ai được cho là nguyên mẫu của vua trái tim trong poker?,Charlemagne
Rise of Kingdoms,Ai được mệnh danh là “Napoléon tội phạm” trong một số câu chuyện của Sherlock Holmes?,Giáo sư Moriarty
Rise of Kingdoms,Thầy của Plato là ai?,Socrates
Rise of Kingdoms,Ai được người đồng hương ca ngợi là đại diện dân chủ trung thực và xuất sắc nhất của Hy Lạp cổ đại?,Pericles
Rise of Kingdoms,Ai là hoàng đế của Đế quốc Pháp đầu tiên?,Napoléon Bonaparte
Rise of Kingdoms,Ai là phi hành gia đầu tiên bước vào không gian vũ trụ?,yuri gagarin
Rise of Kingdoms,Ai là lãnh sự đầu tiên của Cộng hòa La Mã?,Lucius Junius Brutus
Rise of Kingdoms,Ai là Hoàng đế đầu tiên của Rome?,Gaius Octavius ​​Augustus
Rise of Kingdoms,Ai là người phụ nữ đầu tiên được Hephaestus tạo ra trong thần thoại Hy Lạp?,Pandora
Rise of Kingdoms,Ai là vị vua đầu tiên của Ý sau khi thống nhất vào năm 1861?,Victor Emmanuel II
Rise of Kingdoms,Ai là người con đầu tiên của Henry VIII cai trị nước Anh?,Edward VI
Rise of Kingdoms,Ai là người phụ nữ đầu tiên đoạt giải Nobel?,Marie Curie
Rise of Kingdoms,Ai là người sáng lập Bakufu Edo của Nhật Bản?,Tokugawa Ieyasu
Rise of Kingdoms,Ai là người sáng lập Đế quốc Mông Cổ?,Thành Cát Tư Hãn
Rise of Kingdoms,Vị hoàng đế cuối cùng của toàn nước Nga là ai?,Nicholas II
Rise of Kingdoms,Vị hoàng đế cuối cùng của Đế chế La Mã thần thánh là ai?,Francis II
Rise of Kingdoms,Ai là nữ Pharaoh cuối cùng của triều đại Ptolemy?,Cleopatra VII
Rise of Kingdoms,"Ai là người chỉ huy quân đội phương Tây trong trận Sekigahara, diễn ra trong thời kỳ Sengoku của Nhật Bản?",Ishida Mitsunari
Rise of Kingdoms,Tổng thống Mỹ duy nhất tại vị hơn 2 nhiệm kỳ là ai?,Franklin D. Roosevelt
Rise of Kingdoms,Ai là người leo núi đầu tiên được ghi nhận lên tới đỉnh Mt.Everest?,Tenzing Norgay và Edmund Hilary
Rise of Kingdoms,Ai đã thắng trong cuộc chiến thành Troy?,người Hy Lạp
Rise of Kingdoms,"Ai đã viết “Human, All Too Human”?",Nietzsche
Rise of Kingdoms,Ai đã viết “Hội nghị chuyên đề”?,Plato
Rise of Kingdoms,Ai đã viết Nghệ thuật chiến tranh?,Tôn Tử
Rise of Kingdoms,Ai đã viết vở opera Carmen?,Georges Bizet
Rise of Kingdoms,Ai đã viết cuốn sách nổi tiếng “Lược sử thời gian”?,Stephen Hawking
Rise of Kingdoms,Ai đã viết cuốn sách nổi tiếng “Sapiens: Lược sử loài người”?,Yuval Noah Harari
Rise of Kingdoms,Ai đã viết bộ truyện khoa học viễn tưởng nổi tiếng “Dune”,Frank Herbert
Rise of Kingdoms,Cuốn tự truyện “Sống để kể chuyện” của ai đã đoạt giải Nobel Văn học?,Gabriel García Márquez
Rise of Kingdoms,Vẻ đẹp của ai được cho là nguyên nhân gây ra cuộc chiến thành Troy?,Helen
Rise of Kingdoms,Tác phẩm “1812 Overture” của dàn nhạc được sáng tác để tưởng nhớ chiến thắng của ai?,Đế quốc Nga
Rise of Kingdoms,Tại sao những đặc điểm có lợi lại có nhiều khả năng được truyền lại cho con cái?,bởi vì chúng có nhiều khả năng sống sót và sản xuất hơn…
Rise of Kingdoms,Tại sao ếch và các sinh vật khác lại đẻ nhiều trứng/con cái như vậy?,càng sinh ra nhiều con thì chúng càng có nhiều khả năng sống sót
Rise of Kingdoms,Tại sao uống cà phê khiến con người tỉnh táo hơn?,Nó chứa caffeine
Rise of Kingdoms,Tại sao nữ y tá người Anh Florence Nightingale được biết đến với biệt danh “Quý cô cầm đèn”?,Cô ấy sẽ kiểm tra bệnh nhân vào ban đêm
Rise of Kingdoms,Tại sao bệnh scorbut từng là một vấn đề phổ biến đối với các thủy thủ?,Thiếu trái cây và rau quả tươi trong những chuyến đi dài
Rise of Kingdoms,Tại sao biển chết lại được đặt tên này?,Nước có độ mặn cao ngăn cản thực vật và động vật phát triển gần nó.
Rise of Kingdoms,Tại sao mũi và đuôi thuyền dài của người Viking được thiết kế đối xứng?,Để đảo ngược hướng một cách nhanh chóng mà không cần quay lại
Rise of Kingdoms,Minamoto no Yoshitsune đã cùng ai xây dựng quân đội để chiến đấu với Taira no Kiyomori?,Minamoto no Yoritomo
Rise of Kingdoms,"Nếu không sử dụng buff, thống đốc có thể có bao nhiêu điểm hành động?",1
Rise of Kingdoms,Một miệng núi lửa ở phía xa của Mặt Trăng được đặt theo tên của quan chức Trung Quốc nào?,Wan Hu
Rise of Kingdoms,Giảm chỉ số nào sau đây có thể biểu thị trạng thái gần chân không?,Áp suất không khí
Rise of Kingdoms,Móng tay người được cấu tạo từ chất gì?,Alpha-keratin
Rise of Kingdoms,Luật nào trong Ba Định Luật Robot của Isaac Asimov quy định robot không được gây hại cho con người?,Luật thứ nhất
Rise of Kingdoms,"Theo thần thoại Hy Lạp, hai vị thần nào biến thành cá trong biểu tượng cung Song Ngư?",Aphrodite và Eros
Rise of Kingdoms,Giai đoạn Tiền Cổ điển muộn trong niên đại Maya rơi vào khoảng thời gian nào?,1 TCN đến 159 SCN
Rise of Kingdoms,Chỉ huy nào trong ROK có kỹ năng gây hiệu ứng câm lặng?,Hermann
Rise of Kingdoms,Tác phẩm nào sau đây được viết bởi Mary Shelley?,Frankenstein
Rise of Kingdoms,Cuốn sách nào sau đây được viết bởi Yuval Noah Harari?,Sapiens: Lược Sử Loài Người
Rise of Kingdoms,"Trong ROK, chỉ huy nào có biệt danh “vẻ đẹp & trí tuệ”?",Cleopatra VII
Call of Dragons,What do Barricades do?,Slow down enemy Land Legions
Call of Dragons,Rào chắn làm gì?,Làm chậm quân đoàn trên bộ của kẻ thù
Call of Dragons,What is the name of Kregg’s beloved pet wyvern?,Spike
Call of Dragons,Tên của con wyvern thú cưng yêu quý của Kregg là gì?,gai
Call of Dragons,What is the name of Madeline’s sword?,Sword Edge
Call of Dragons,Thanh kiếm của Madeline tên là gì?,Lưỡi kiếm
Call of Dragons,"When a Hero has 0 Stamina, which of these actions is still possible?",Talking to them in your City
Call of Dragons,"Khi Anh hùng có 0 Sức chịu đựng, hành động nào sau đây vẫn có thể thực hiện được?",Nói chuyện với họ trong Thành phố của bạn
Call of Dragons,Which of the following actions does not grant you Member Points in your Alliance?,Joining Rallies
Call of Dragons,Hành động nào sau đây không cấp cho bạn Điểm Thành viên trong Liên minh của bạn?,Tham gia các cuộc biểu tình
Call of Dragons,Which of these actions can increase a Hero’s Trust Level?,Talking to them
Call of Dragons,Hành động nào sau đây có thể tăng Cấp độ tin cậy của Anh hùng?,Nói chuyện với họ
Call of Dragons,How do you deploy Legions to an open space?,"Tap the space, select “deploy” from the popup"
Call of Dragons,Làm cách nào để bạn triển khai Quân đoàn đến một không gian mở?,"Nhấn vào khoảng trắng, chọn “triển khai” từ cửa sổ bật lên"
Call of Dragons,What is Nico and Nika’s relationship?,Older sister/younger brother
Call of Dragons,Mối quan hệ của Nico và Nika là gì?,Chị gái/em trai
Call of Dragons,Which of these is not an Alliance Officer title?,Prime Minister
Call of Dragons,Chức danh nào trong số này không phải là chức danh Sĩ quan Liên minh?,Thủ tướng
Call of Dragons,"When you have 0 CP, which of these actions is not possible?",Attacking Dark Creatures
Call of Dragons,"Khi bạn có 0 CP, hành động nào sau đây là không thể thực hiện được?",Tấn công sinh vật bóng tối
Call of Dragons,Which of these Heroes is the oldest?,Theia
Call of Dragons,Anh hùng nào trong số này là lâu đời nhất?,Theia
Call of Dragons,Which of these describes Atheus’s appearance?,He has wings
Call of Dragons,Điều nào trong số này mô tả sự xuất hiện của Atheus?,Anh ấy có đôi cánh
Call of Dragons,Who does Kregg call “my pretty”?,Spike
Call of Dragons,Kregg gọi ai là “người đẹp của tôi”?,gai
Call of Dragons,What is Keystone Copper used to forge?,Universal Artifact Key
Call of Dragons,Keystone Copper dùng để rèn cái gì?,Chìa khóa tạo tác phổ quát
Call of Dragons,Which of these items can open Universal Artifact Compendiums?,Universal Artifact Key
Call of Dragons,Vật phẩm nào trong số này có thể mở được Bản tổng hợp hiện vật phổ quát?,Chìa khóa tạo tác phổ quát
Call of Dragons,What is the name of Kella’s animal companion?,Dronkey
Call of Dragons,Tên của con vật đồng hành cùng Kella là gì?,Say rượu
Call of Dragons,Which of the following is not a type of City building?,Defensive buildings
Call of Dragons,Công trình nào sau đây không phải là một loại công trình của Thành phố?,tòa nhà phòng thủ
Call of Dragons,"How old is Ordo in 1196, the year the game begins?",56
Call of Dragons,"Ordo bao nhiêu tuổi vào năm 1196, năm trò chơi bắt đầu?",56
Call of Dragons,What is the name of Kregg’s most beloved explosive?,Super Boom Barrel
Call of Dragons,Tên thuốc nổ được yêu thích nhất của Kregg là gì?,Thùng siêu nổ
Call of Dragons,Where does Chakcha come from?,A remote village
Call of Dragons,Chakcha đến từ đâu?,Một ngôi làng xa xôi
Call of Dragons,"In the Season Stories, who teaches our heroes the art of purification?",Atheus
Call of Dragons,"Trong Câu chuyện mùa, ai dạy các anh hùng của chúng ta nghệ thuật thanh tẩy?",Atheus
Call of Dragons,"In the Season Story “The Gods Wish, the Stones Weep”, what substance are our heroes investigating?",Manastone
Call of Dragons,"Trong Câu chuyện mùa “Điều ước của các vị thần, những viên đá khóc”, các anh hùng của chúng ta đang nghiên cứu nội dung gì?",đá mana
Call of Dragons,How many heads does a Hydra have?,3
Call of Dragons,Hydra có bao nhiêu đầu?,3
Call of Dragons,Where was Gwanwyn,Moonvale
Call of Dragons,Gwanwyn ở đâu,Thung lũng mặt trăng
Call of Dragons,What creature at the Goblin Market building?,Giant Lizard
Call of Dragons,Sinh vật nào ở tòa nhà Chợ Goblin?,Thằn lằn khổng lồ
Call of Dragons,What is the symbol on the emblem in the Honorary Membership screen?,Pine Cone
Call of Dragons,Biểu tượng trên biểu tượng trong màn hình Thành viên danh dự là gì?,Nón thông
Call of Dragons,What kind of War Spoils do you receive for destroying a Darkling Fort?,Fort War Spoils
Call of Dragons,Bạn nhận được loại Chiến lợi phẩm nào khi phá hủy Pháo đài bóng tối?,Chiến lợi phẩm pháo đài
Call of Dragons,How many topknots does Ordo wear on his head?,2
Call of Dragons,Ordo đội bao nhiêu búi tóc trên đầu?,2
Call of Dragons,What do Peacekeeping Talents help a Hero to do?,Fight Darklings and Dark Creatures
Call of Dragons,Tài năng gìn giữ hòa bình giúp Anh hùng làm gì?,Chiến đấu với Darklings và sinh vật bóng tối
Call of Dragons,What color is Waldyr’s cloak?,Blue
Call of Dragons,Áo choàng của Waldyr có màu gì?,Màu xanh da trời
Call of Dragons,Legend has it that any adventurer who can solve the riddle of Cortac Isle will gain the treasure buried beneath it. How many Generals are mentioned in the Song in Chapter,Corlac? 5
Call of Dragons,Truyền thuyết kể rằng bất kỳ nhà thám hiểm nào giải được câu đố của Đảo Cortac sẽ giành được kho báu chôn giấu bên dưới nó. Có bao nhiêu Tướng được nhắc đến trong Bài ca trong Chương,Corlac? 5
Call of Dragons,"Bạn nhận được loại Chiến lợi phẩm nào khi tiêu diệt một
Pháo đài bóng tối?",Chiến lợi phẩm pháo đài
Call of Dragons,"What position does Bertrand, the debonair son of House Laegar, hold?",High Treasurer of Aurion
Call of Dragons,"Bertrand, con trai nhà Laegar, giữ chức vụ gì?",Thủ quỹ cấp cao của Aurion
Call of Dragons,"What does Pan, the “Dream Herald”, suffer from?",Insomnia
Call of Dragons,"Pan, “Dream Herald”, phải chịu đựng điều gì?",Mất ngủ
Call of Dragons,Which Hero is called the Sorceress of Flames?,Liliya
Call of Dragons,Anh hùng nào được mệnh danh là Phù thủy lửa?,hoa huệ
Call of Dragons,"Sweetdew has a refreshing, sweet flavor, and makes for a perfect gift. Where is it produced?",A holy mountain
Call of Dragons,"Sweetdew có hương vị tươi mát, ngọt ngào và là một món quà hoàn hảo. Nó được sản xuất ở đâu?",Một ngọn núi thiêng
Call of Dragons,The Compendium of Legendary Beasts tells of a creature that lost an eye fighting for the God of Light. What is it?,Phoenix
Call of Dragons,Bản tóm tắt về những con thú huyền thoại kể về một sinh vật bị mất một mắt khi chiến đấu vì Thần ánh sáng. Nó là gì?,Phượng hoàng
Call of Dragons,Cyclopes are powerful killing machines. Which Orcish clan do the War Shamans who control them belong to?,Witchtongue Clan
Call of Dragons,Cyclopes là cỗ máy giết người mạnh mẽ. War Shaman điều khiển họ thuộc tộc Orcish nào?,Gia tộc phù thủy
Call of Dragons,Which of these characters was once Chieftain of Wilderburg?,Kurrata
Call of Dragons,Nhân vật nào sau đây từng là Thủ lĩnh của Wilderburg?,Một tỏi tây
Call of Dragons,Which mercenary organization was founded by mages who shunned orthodox magic?,The Reavers
Call of Dragons,Tổ chức lính đánh thuê nào được thành lập bởi các pháp sư xa lánh ma thuật chính thống?,Reavers
Call of Dragons,Which of these descriptions of Kella is correct?,She wears circular earrings
Call of Dragons,Mô tả nào sau đây về Kella là đúng?,Cô ấy đeo khuyên tai hình tròn
Call of Dragons,Which of these Heroes was made a general for their efforts on the battlefield?,Hosk
Call of Dragons,Ai trong số những Anh hùng này được phong làm tướng vì những nỗ lực của họ trên chiến trường?,Hosk
Rise of Kingdoms,Quốc kỳ của quốc gia nào giữ kỷ lục thế giới là quốc kỳ được sử dụng liên tục lâu đời nhất?,Đan mạch
Rise of Kingdoms,Khí nào chiếm hơn 90% bầu khí quyển của sao Hỏa?,Cạc-bon đi-ô-xít
Rise of Kingdoms,Kỹ năng nào sau đây KHÔNG phải là một trong những kỹ năng của Lohar?,Sự hủy diệt hoàn toàn
Rise of Kingdoms,Điều nào sau đây không phải là Kỹ năng Vua?,Cứu trợ
Rise of Kingdoms,"Ai là người đưa ra ý tưởng ""Troy""?",Odysseus
Rise of Kingdoms,"Tên gọi nào sau đây là tên gọi khác của ""Cái chết đen"" hoành hành khắp châu Âu trong thời kỳ Hậu Trung Cổ?",Yersinia petis
Rise of Kingdoms,Bức tượng Nàng tiên cá của Đan Mạch được đặt ở thành phố nào?,Copenhagen
Rise of Kingdoms,Cuốn sách chiến lược quân sự được biết đến sớm nhất của Trung Quốc là gì?,"Tôn Tử ""Nghệ thuật chiến tranh"""
Rise of Kingdoms,"Trong thần thoại Hy Lạp, tên của con chó 3 đầu của Hades canh giữ cổng của Thế giới ngầm là gì",Cerberus
Rise of Kingdoms,Người đẹp được cho là nguyên nhân của cuộc chiến thành Troy?,Helen
Rise of Kingdoms,Những nhà Nhân văn phương Bắc như Erasmus được biết đến nhiều nhất vì điều gì?,Mối quan tâm đến tôn giáo và hình thái xã hội
Rise of Kingdoms,Nhà tâm lý học người Đức nào đã khám phá ra đường cong quên lãng của não người?,Hermann Ebbinghaus
Rise of Kingdoms,Tỷ số chuyển đổi của ampe (A) sang miliampe (mA) là?,1/1000
Rise of Kingdoms,Desiderius Erasmus và Thomas More có điểm chung nào sau đây?,Cả hai đều được coi là những người theo chủ nghĩa nhân văn
Rise of Kingdoms,Đảo nào sau đây là đảo lớn nhất thế giới?,Greenland
Rise of Kingdoms,Vị chỉ huy nào đã ký hòa ước với Saladin năm 1192?,Richard tôi
Rise of Kingdoms,Ai là người phụ nữ đầu tiên được tạo ra bởi Hephaestus trong thần thoại Hy Lạp?,Pandora
Rise of Kingdoms,Chỉ huy nào đã chỉ huy đánh chiếm Constantinople khi mới 21 tuổi?,Mehmed II
Rise of Kingdoms,"Quả nào sau đây, được gọi là ""đào sói"", bị cho là có độc?",Cà chua
Rise of Kingdoms,Nền nào sau đây còn được gọi là Đế chế Đông La Mã?,Đế chế Byzantine
Rise of Kingdoms,Vị vua nào sau đây của Pháp được gọi là Vua Mặt trời?,thời vua Louis thứ XIV
Rise of Kingdoms,Nhà phát minh nào đã chế tạo đầu máy điện đầu tiên trên thế giới vào năm 1837?,Robert Davidson
Rise of Kingdoms,Loại thánh địa nào cấp tiền thưởng tấn công quân?,Bàn thờ lửa
Rise of Kingdoms,Điều nào sau đây KHÔNG thể tìm thấy trong các Cửa hàng Liên minh?,chìa khóa vàng
Rise of Kingdoms,Vị vua của quốc gia châu Âu nào đã tài trợ cho chuyến thám hiểm nổi tiếng của Christopher Columbus?,Tây ban nha
Rise of Kingdoms,"Từ thế kỷ 17 đến thế kỷ 19, Vương quốc Phổ chủ yếu là một quốc gia hiện đại",nước Đức
Rise of Kingdoms,Spartacus đã làm gì với tư cách nô lệ trước khi lãnh đạo cuộc nổi dậy nô lệ lớn nhất của La Mã cổ đại?,Một đấu sĩ
Rise of Kingdoms,"Ai đã đề xuất ý tưởng triết học về ""Tôi nghĩ, do đó tôi là""?",Descartes
Rise of Kingdoms,Nước nào đã tặng Tượng Nữ thần Tự do cho người dân Mỹ làm quà?,Pháp
Rise of Kingdoms,Nhà vật lý nào sau đây sinh vào ngày giỗ của Galileo Galilei và mất vào ngày sinh của Albert Einstein?,Stephen Hawking
Rise of Kingdoms,"Ai được gọi là ""Napoléon của tội ác"" trong một số câu chuyện của Sherlock Holmes?",Giáo sư Moriarty
Rise of Kingdoms,Đảo nào sau đây lớn nhất thế giới?,Greenland
Rise of Kingdoms,Tòa nhà nào ban đầu được xây dựng ở London để tổ chức Triển lãm lớn về ngành công trình của tất cả các quốc gia được tổ chức vào năm 1851?,Cung điện Pha lê
Rise of Kingdoms,Công trình nào sau đây được xây dựng theo lệnh của Shah Jahan để tưởng nhớ vợ ông là Mumtaz Mahal?,Taj Mhal
Rise of Kingdoms,Cuộc chiến nào đã xảy ra giữa nhà Bristish của Lancaster và York để giành lấy ngai vàng của nước Anh?,Cuộc chiến của hoa hồng
Rise of Kingdoms,Tiêu thụ không đủ yếu tố nào có thể dẫn đến bệnh to tuyến giáp?,Iốt
Rise of Kingdoms,Vị vua nào của Pháp được gọi là Saint Louis?,Louis IX
Rise of Kingdoms,Vật liệu mềm nhất mà loài người biết đến là gì?,Talc
Rise of Kingdoms,Một trong những Hiệp sĩ Bàn tròn,Lancelot
Rise of Kingdoms,"Ba vương quốc của Hàn Quốc nơi Baekje, Silla, và?",Goguryeo
Rise of Kingdoms,"Nguồn nào sau đây là nguồn năng lượng không thể tái sinh (như than đá, dầu mỏ hoặc khí đốt tự nhiên)?",Nhiên liệu hoá thạch
Rise of Kingdoms,Nguồn nào sau đây là nguồn năng lượng thay thế dựa trên sự phân tách các nguyên tử nặng thành những nguyên tử nhẹ hơn để giải phóng năng lượng?,Năng lượng hạt nhân
Rise of Kingdoms,Cuộc chiến nào đã kết thúc sự thống trị của House of Plantagenet và bắt đầu sự thống trị của những người Tudors ở Anh?,Cuộc chiến của hoa hồng
Rise of Kingdoms,Chỉ huy nào được mệnh danh là tử thần?,Sarka
Rise of Kingdoms,Cái nào trong số này không phải là tài nguyên thiên nhiên?,Quần áo
Rise of Kingdoms,Các cuộc chiến tranh Punic đã được chiến đấu bởi La Mã Cổ đại và những Đế chế Cổ đại nào khác?,Carthage
Rise of Kingdoms,Nữ Pharaoh cuối cùng của Vương triều Ptolemy là ai?,Cleopatra VII
Rise of Kingdoms,Raphael được biết đến nhiều nhất với việc tạo ra tác phẩm nào sau đây?,Trường học Athens
Rise of Kingdoms,Có bao nhiêu giai đoạn trong sự kiện The Mightiest Governor?,5.0
Rise of Kingdoms,Chỉ huy nào được gọi là lãnh chúa của Kamakura?,Minamoto no Yoshitsune
Rise of Kingdoms,Cấp cao nhất mà Tòa thị chính có thể đạt được trong Rise of Kingdoms là gì?,25.0
Rise of Kingdoms,Quốc gia nào bắt đầu truyền thống của ngày làm việc 8 giờ?,Vương quốc Anh
Rise of Kingdoms,Điều nào sau đây KHÔNG được phát minh ở Trung Quốc?,Máy đo địa chấn
Rise of Kingdoms,"Trong khi Gutenberg giới thiệu máy in ở châu Âu, phát minh của ông bị ảnh hưởng bởi quốc gia nào, người đầu tiên phát triển loại có thể chuyển động?",Trung Quốc
Rise of Kingdoms,"Bốn giống Guzheng chính ở Trung Quốc cổ đại là Haozhong, Luqi, Jiaowei, và ...?",Raoliang
Rise of Kingdoms,Kỹ năng nào sau đây KHÔNG phải là một trong những kỹ năng của El Cid?,Tinh thần hiệp sĩ
Rise of Kingdoms,Minamoto no Yoshitsune đã cùng ai gây dựng một đội quân để chống lại Taira no Kiyomori?,Minamoto no Yoritomo
Rise of Kingdoms,Màu da của gấu bắc cực là gì?,Đen
Rise of Kingdoms,"Sự khác biệt giữa các loài, như mỏ chim khác nhau, được gọi là",Các biến thể
Rise of Kingdoms,Độ dài của marathon tính bằng km là bao nhiêu?,"42,2 km"
Rise of Kingdoms,Rượu sẽ ảnh hưởng đến bộ phận nào của não?,Tiểu não
Rise of Kingdoms,Phần thưởng sức khỏe quân đội bạn có thể nhận được từ Bệnh viện được nâng cấp hoàn chỉnh là gì?,0.01
Rise of Kingdoms,Sách Giao ước được dùng để làm gì?,Nâng cấp lâu đài
Rise of Kingdoms,Loại đơn vị nào mạnh khi chống lại Cung thủ?,kỵ sĩ
Rise of Kingdoms,Loại đơn vị nào mạnh chống lại Kỵ binh?,Bộ binh
Rise of Kingdoms,Người chỉ huy được coi là kẻ thù của La Mã từ khi còn nhỏ?,Hannibal Barca
Rise of Kingdoms,Ai vẽ Bữa Tiệc Ly?,Leonardo Da Vinci
Rise of Kingdoms,Lịch sử Ai Cập cổ đại trải dài bao nhiêu vương quốc?,"3 - Cũ, Trung, Mới"
Rise of Kingdoms,Đặc điểm nào sau đây không phải là đặc điểm của mỹ thuật thời kỳ phục hưng?,Phẳng / Hai chiều
Rise of Kingdoms,Người bảo trợ nghệ thuật thời Phục hưng nổi tiếng là Công tước Lorenzo thuộc gia đình nào?,Medici
Rise of Kingdoms,Điều nào sau đây không phải là trụ cột của thời kỳ Phục hưng?,Cách cư xử
Rise of Kingdoms,"Điều nào sau đây là một phong trào trí thức thời Phục hưng, trong đó các nhà tư tưởng nghiên cứu các văn bản cổ điển và tập trung vào tiềm năng và thành tựu của con người?",Chủ nghĩa nhân văn
Rise of Kingdoms,"Giai đoạn nào của lịch sử châu Âu, kéo dài từ năm 1300 đến năm 1600, đã chứng kiến ​​sự quan tâm trở lại đối với văn hóa cổ điển và dẫn đến những thay đổi sâu rộng trong nghệ thuật, học tập và quan điểm về thế giới?",Thời phục hưng
Rise of Kingdoms,Đơn vị nào mạnh chống bộ binh?,Người bắn cung
Rise of Kingdoms,hich trong số các chỉ huy sau đây xuất sắc dẫn đầu Calvary?,Minamoto no Yoshitsune
Rise of Kingdoms,Điều nào sau đây không đạt được Tín chỉ cá nhân?,Cung cấp tài nguyên cho đồng minh.
Rise of Kingdoms,Tại sao ếch và các sinh vật khác sinh ra nhiều trứng / con?,càng nhiều con đẻ ra càng có nhiều khả năng sống sót
Rise of Kingdoms,"Các họa sĩ thời Phục hưng ở Flanders, cũng như ở Ý, có xu hướng sản xuất loại tác phẩm nghệ thuật nào?",Thực tế
Rise of Kingdoms,Điều gì đã cung cấp hỗ trợ kinh tế chính cho thời kỳ phục hưng?,Những người bảo trợ giàu có
Rise of Kingdoms,Tại sao những đặc điểm thuận lợi có nhiều khả năng được truyền cho con cái hơn?,vì chúng có nhiều khả năng sống sót và sản xuất ...
Rise of Kingdoms,"Sau khi thành lập vào thế kỷ thứ 6 trước Công nguyên, thể chế nào của Cộng hòa La Mã phục vụ như một quốc hội tham vấn?",Thượng nghị viện
Rise of Kingdoms,Tên của điện được sản xuất bằng năng lượng nước sử dụng các đập lớn trên sông là gì?,Thủy điện
Rise of Kingdoms,Quá trình tách nguyên tử được gọi là,Sự phân hạch
Rise of Kingdoms,Ông già Noel đi trên xe trượt tuyết do con vật nào kéo?,Tuần lộc
Rise of Kingdoms,Cuộc chiến nào đã xảy ra giữa nhà Lancaster và York để tranh giành ngai vàng của nước Anh?,Cuộc chiến của hoa hồng
Rise of Kingdoms,Ai trong số này là chỉ huy duy nhất đánh bại Cyrus vĩ đại trong trận chiến?,Tomyris
Rise of Kingdoms,Người chỉ huy nào sau đây đã tham gia cuộc nổi dậy chống lại chính chồng cô?,Constance
Rise of Kingdoms,Người chỉ huy nào có biệt danh là Người rợ rống?,Lohar
Rise of Kingdoms,Chỉ huy nào được ghép với Minamoto?,Tomoe Gozen
Rise of Kingdoms,Vị tướng nào sau đây là tướng trong Chiến tranh Genpei của Nhật Bản?,Tomoe Gozen
Rise of Kingdoms,"Trong thần thoại Hy Lạp, chàng hoàng tử xứ sở Paris đã tặng quả táo vàng có khắc hình nữ thần xinh đẹp nhất cho ai?",Aphrodite
Rise of Kingdoms,"Trong 12 con giáp của Trung Quốc, con giáp nào đứng trước?",Chuột / Chuột
Rise of Kingdoms,Nền văn minh nào đầu tiên có nhà vệ sinh công cộng?,Rome cổ đại
Rise of Kingdoms,Loại nào sau đây là nhiên liệu hóa thạch được hình thành từ các sinh vật biển thường được tìm thấy trong các lớp gấp khúc hoặc nghiêng và được sử dụng để sưởi ấm và nấu ăn?,Khí tự nhiên
Rise of Kingdoms,Nguồn nào sau đây là nguồn năng lượng vô tận phụ thuộc vào magma nóng hoặc đá khô nóng dưới mặt đất?,Địa nhiệt
Rise of Kingdoms,Vật nào sau đây được coi là nguồn năng lượng?,Dầu mỏ
Rise of Kingdoms,"Ưu điểm của máy in Johannes Gutenberg bao gồm tất cả những điều sau, ngoại trừ",Tăng quyền lực của nhà thờ
Rise of Kingdoms,Ai là người phát minh ra máy in?,Johann Gutenberg
Rise of Kingdoms,Ai là người thành lập Vương quốc Asturias?,Pelagius
Rise of Kingdoms,Raphael được biết đến nhiều nhất vì?,Trường học Athens
Rise of Kingdoms,Giai đoạn nào sau đây là giai đoạn của Thống đốc Mạnh nhất?,Loại bỏ kẻ thù
Rise of Kingdoms,Cái nào trong hai cái này được tạo ra bởi Leonardo da Vinci?,"Bữa tối cuối cùng, Mona Lisa"
Rise of Kingdoms,Cuộc chiến nào đã xảy ra giữa người Anh?,War of Roses
Rise of Kingdoms,Hai công trình chính được quy cho homer?,The Odyssey and the Iliad
Rise of Kingdoms,Chỉ huy nào có biệt danh là Father of Conquest?,Baibars
Rise of Kingdoms,Người chỉ huy nào được gọi là Lady of the Mercians?,Æthelflæd
Rise of Kingdoms,Chỉ huy nào là một phần của Trận chiến Xích Bích?,Cao Cao
Rise of Kingdoms,Nhà thám hiểm người Bồ Đào Nha nào là người châu Âu đầu tiên đi thuyền đến cực nam của châu Phi?,Bartolomeu Dias
Rise of Kingdoms,Máy lạnh được phát minh ở nước nào?,Hoa Kỳ
Rise of Kingdoms,"Trong thần thoại Hy Lạp, anh hùng nào đã yêu cầu Bộ lông cừu vàng?",Jason
Rise of Kingdoms,"""Cuối cùng biện minh cho phương tiện"" là một niềm tin chính của tác giả của ""The Prince"". Tên của anh ấy là gì?",Machiavelli
Rise of Kingdoms,Ai đã vẽ nàng Mona Lisa?,Leonardo da Vinci
Rise of Kingdoms,Loại có thể di chuyển được sử dụng lần đầu tiên ở nước nào?,Trung Quốc
Rise of Kingdoms,“Nút thắt Windsor” được vua nào của nước Anh ưa chuộng?,Edward VIII
Rise of Kingdoms,"Học giả Hy Lạp cổ đại nào đã đặt nền móng cho nền toán học châu Âu trong tương lai và là tác giả của cuốn ""Các yếu tố"" của hình học?",Euclid
Rise of Kingdoms,Ai là vị vua duy nhất của nước Anh bị xử tử?,Charles I
Rise of Kingdoms,Oda Nobunaga đã nói gì về 4 từ đó?,Quy tắc bằng lực lượng tuyệt đối
Rise of Kingdoms,"Trong trường hợp bình thường, mắt thường ta có thể nhìn thấy mặt trời ở tầng nào?",Photosphere
Rise of Kingdoms,Vòng Olympic màu xanh lục tượng trưng cho điều nào sau đây?,Châu đại dương
Rise of Kingdoms,Nhà vật lý Hy Lạp cổ đại nào đã phát hiện ra khái niệm về lực nổi khi đang tắm?,Archimedes
Rise of Kingdoms,Làm thế nào để bạn nhận được các khoản tín dụng Công nghệ Liên minh?,Bằng cách quyên góp cho Liên minh
Rise of Kingdoms,Đột biến là sự thay đổi cái gì?,DNA
Rise of Kingdoms,Người sáng lập Kentucky Fried Chicken (KFC) được xếp hạng danh dự nào?,Đại tá
Rise of Kingdoms,Thành phố-nhà nước nào của Hy Lạp cổ đại được biết đến với sự dũng cảm và huấn luyện quân sự tàn bạo?,Sparta
Rise of Kingdoms,Nữ hoàng Victoria của Anh là một phần của ngôi nhà hoàng gia nào?,Ngôi nhà của Hanover
Rise of Kingdoms,Nguồn nào sau đây là nguồn năng lượng không thể quay được?,Nước
Rise of Kingdoms,Vị chỉ huy nào được coi là kẻ thù của La Mã ngay từ thuở nhỏ?,Hannibal Barca
Rise of Kingdoms,"Nhóm nghệ thuật nào được mệnh danh là ""Kho báu quốc gia"" của Canada?",Cirque du Soleil
Rise of Kingdoms,Hoàng đế La Mã nào được đặt tên là Augustus sau khi kết thúc một cuộc nội chiến?,Gaius Octavius
Rise of Kingdoms,"Trong thần thoại Bắc Âu, ai đã sử dụng vũ khí Gungnir?",Odin
Rise of Kingdoms,Các nhà nhân văn phương Bắc như Erasmus được biết đến nhiều nhất để làm gì?,Các tôn giáo
Rise of Kingdoms,"Trong thời kỳ Phục hưng, tại sao Florence lại có ý nghĩa quan trọng?",Nơi ra đời của thời kỳ Phục hưng
Rise of Kingdoms,Thống đốc có thể có bao nhiêu điểm hành động?,1000.0
Rise of Kingdoms,Tên nào sau đây là tên của đá trầm tích được hình thành từ nguyên liệu thực vật đã phân hủy ở các vùng đầm lầy?,Than đá
Rise of Kingdoms,Ashoka Đại đế là vua của vương quốc Ấn Độ cổ đại nào?,Maurya
Rise of Kingdoms,Loài người thường được cho là có nguồn gốc từ lục địa nào?,Châu phi
Rise of Kingdoms,Tên của năng lượng tái tạo có nguồn gốc từ việc đốt cháy các vật liệu hữu cơ như gỗ và rượu?,Sinh khối
Rise of Kingdoms,Vua Louis XIV của Pháp đã chuyển Hoàng gia đến đâu vào năm 1682?,cung điện của Versailles
Rise of Kingdoms,Ai là Hoàng đế của Đế chế Pháp đầu tiên?,Napoléon Bonaparte
Rise of Kingdoms,Chỉ huy nào sau đây xuất sắc trong việc dẫn đầu các cung thủ?,Yi Seong-Gye
Rise of Kingdoms,Ai là người thành lập triều đại joseon?,Yi Seong-Gye
Rise of Kingdoms,Trung tâm của một cơn bão được gọi là gì?,Con mắt
Rise of Kingdoms,Chính khách lỗi lạc nào đã từng là tướng đầu tiên của Mạc phủ Edo vào cuối thời Chiến quốc của Nhật Bản?,Tokugawa Ieyasu
Rise of Kingdoms,"Trong Ark of Osiris, bạn định lấy Ark ở đâu?",Hộ tống Ark đến một tòa nhà không có kẻ thù
Rise of Kingdoms,Nhóm nào đã chinh phục Đế chế Byzantine?,Người Ottoman
Rise of Kingdoms,Điểm tập hợp cho cuộc Thập tự chinh đầu tiên ở đâu?,Constantinople
Rise of Kingdoms,Từ nào sau đây là thuật ngữ chỉ vật liệu có giá trị có nguồn gốc địa chất có thể khai thác từ trái đất,Tài nguyên thiên nhiên
Rise of Kingdoms,Chất nào sau đây là nhiên liệu hóa thạch lỏng được hình thành từ sinh vật biển được đốt cháy để thu năng lượng và dùng để sản xuất chất dẻo?,Dầu
Rise of Kingdoms,"Lần đầu tiên được tạo ra ở Hy Lạp cổ đại, lời thề Hippocrate áp dụng cho ngành nghề nào?",Nhiêu bác sĩ
Rise of Kingdoms,Ai là người sở hữu mọi thứ trong các Vương quốc Ai Cập cổ đại?,Pharaoh
Rise of Kingdoms,Ashoka đại đế là vua của vương quốc cổ đại nào?,Vương triều Maurya
Rise of Kingdoms,Nghệ sĩ nào đã thiết kế Vương cung thánh đường Thánh Peter ở Vatican?,Michelangelo
Rise of Kingdoms,Ai được đồng hương ca ngợi là đại diện dân chủ trung thực và tốt nhất của Hy Lạp cổ đại?,Pericles
Rise of Kingdoms,Tên của cuộc cách mạng năm 1688 thiết lập chế độ quân chủ lập hiến ở Anh là gì?,Cuộc cách mạng vinh quang
Rise of Kingdoms,Điều nào sau đây không phải là kỹ năng bị động của Pelagius?,Sạc điện
Rise of Kingdoms,Chính khách lỗi lạc nào đã từng là vị tướng đầu tiên của Mạc phủ Edo vào cuối thời kỳ chiến quốc của Nhật Bản?,Tokugawa Ieyasu
Rise of Kingdoms,Nền văn minh cổ đại duy nhất phát triển trong rừng rậm nhiệt đới chứ không phải lưu vực sông?,Người Inca
Rise of Kingdoms,Dân tộc nào thành lập nền văn minh Lưỡng Hà sớm nhất?,Người Sumer
Rise of Kingdoms,Những cơn gió lốc xoáy hình nón đáng chú ý để làm gì?,Quay
Rise of Kingdoms,Ai chỉ huy Quân đội Mẫu mới do Nghị viện thành lập trong Nội chiến Anh?,Cromwell
Rise of Kingdoms,Hoàng đế đầu tiên của La Mã là ai?,Gaius Octavius ​​Augustus
Rise of Kingdoms,Loại nước giải khát nào được phát minh bởi dược sĩ người Mỹ John Pemberton?,Cô-ca Cô-la
Rise of Kingdoms,Người chỉ huy nào sau đây giỏi thu thập tài nguyên?,Cleopatra VII
Rise of Kingdoms,Một quần thể càng có nhiều biến dị di truyền thì khả năng một số cá thể sẽ như thế nào?,Sống sót
Rise of Kingdoms,Chỉ huy nào xuất sắc dẫn đầu bộ binh?,Richard tôi
Rise of Kingdoms,Kẻ nào sau đây là kẻ thù của Richard the Lionheart?,Saladin
Rise of Kingdoms,"Trong thần thoại Hy Lạp, anh hùng nào đã tìm kiếm bộ lông cừu vàng?",Jason
Rise of Kingdoms,Chuyển thể đến từ đâu?,Cả đột biến và tái tổ hợp gen.
Rise of Kingdoms,Thành Cát Tư Hãn bắt đầu xây dựng Đế chế Mông Cổ của mình từ đâu?,Châu Á
Rise of Kingdoms,Ai là người sáng lập ra Đế chế Mông Cổ?,Thành Cát Tư Hãn
Rise of Kingdoms,Tên của hiện tượng mà các sinh vật thích nghi tốt hơn với môi trường sống sót để truyền các tính trạng cho con cái của chúng là gì?,Chọn lọc tự nhiên
Rise of Kingdoms,Chỉ huy nào sau đây là một phần của cuộc chiến tranh trăm năm?,Joan of Arc
Rise of Kingdoms,Chỉ huy nào được đặt biệt danh là bãi cỏ chết chóc?,Sarka
Rise of Kingdoms,Độc thần là gì?,Chỉ tin vào một vị thần.
Rise of Kingdoms,Khám phá nào khiến việc giải mã chữ tượng hình trở nên khả thi?,Đá Rosetta.
Rise of Kingdoms,"Kính đeo mắt được làm bằng thạch anh, cát, và chất gì?",Dầu mỏ
Rise of Kingdoms,"Khi Achilles từ chối chiến đấu, Patroclus mặc áo giáp cho Achilles, chiến đấu với lũ trojan và chết, Patroclus bị ai giết?",Hector
Rise of Kingdoms,"Trong Ark of Osiris, tốc độ nào có thể được sử dụng?",Tăng tốc độ chữa bệnh
Rise of Kingdoms,Đế chế Mughal mang Hồi giáo đến đâu?,Hầu hết Ấn Độ
Rise of Kingdoms,Pháp và Đức đều từng thuộc Vương quốc phong kiến ​​nào?,Francia
Rise of Kingdoms,"Trong lịch sử Nga, biệt danh nào mà Tzar đầu tiên được đặt cho chế độ chuyên chế của họ?",Ivan Bạo chúa
Rise of Kingdoms,Vật nào sau đây được coi là tài nguyên kim loại?,Bàn là
Rise of Kingdoms,Chỉ huy nào được gọi là Kẻ chinh phục hỗn loạn?,Cao Cao
Rise of Kingdoms,Bộ luật Babylon nào là bộ luật thành văn đầy đủ đầu tiên trong lịch sử được ghi chép lại?,Bộ luật Hammurabi
Rise of Kingdoms,"Người châu Âu nào đã viết tạp chí du lịch đầu tiên trình bày chi tiết về lịch sử, văn hóa và nghệ thuật của Trung Quốc?",Marco Polo
Rise of Kingdoms,"Định dạng hài phác thảo xuyên âm của Trung Quốc bắt nguồn từ ba nơi: Thiên Kiều ở Bắc Kinh, Chợ Lượng Tử ở Thiên Tân và nơi nào ở Nam Kinh?",Fuzimiao
Rise of Kingdoms,Homer 'The Iliad' tập trung vào các sự kiện xảy ra trong cuộc chiến hay trận chiến nào?,Cuộc chiến trojan
Rise of Kingdoms,Điều nào sau đây không phải là một phần của quốc kỳ Mexico.?,Lạc đà
Rise of Kingdoms,Chỉ huy nào được gọi là Celtic Rose?,Boudica
Rise of Kingdoms,Loại thiên tai nào được đo bằng thang độ Richter?,Động đất
Rise of Kingdoms,Truyện tranh nào được sách kỷ lục Guinness thế giới công nhận là truyện tranh có số lượng phát hành tích lũy lớn nhất so với truyện tranh của một tác giả?,Eiichiro Oda / One Piece
Rise of Kingdoms,"Ở Hy Lạp cổ đại, nhà triết học nào thích thảo luận về các ý tưởng trên một con phố mà sau đó có biệt danh là Trường học Peripatetic?",Aristotle
Rise of Kingdoms,Thí nghiệm Tháp nghiêng Pisa của Galileo đã lật ngược lý thuyết của các nhà khoa học Hy Lạp cổ đại nào?,Aristotle
Rise of Kingdoms,Vị chỉ huy nào đã thể hiện thiên tài quân sự của họ trong trận chiến Poitiers vào thế kỷ 8 sau Công nguyên?,Charles Martel
Rise of Kingdoms,Người chỉ huy nào đã thể hiện thiên tài quân sự của họ trong trận Tours vào thế kỷ thứ 8 sau Công nguyên?,Charles Martel
Rise of Kingdoms,Những người lính của La Mã cổ đại lấy vũ khí và áo giáp của họ ở đâu?,Chúng tôi
Rise of Kingdoms,Ai đã viết Art of War?,Binh pháp Tôn Tử
Rise of Kingdoms,Loại nào sau đây được coi là quốc hoa của Philippines?,Sampaguita
Rise of Kingdoms,Tên của điện được sản xuất bằng nước sử dụng các đập lớn trên sông là gì?,Năng lượng thủy điện
Rise of Kingdoms,"Cuốn tự truyện ""Sống để kể chuyện"" đã đoạt giải Nobel Văn học của ai?",Gabriel García Márquez
Rise of Kingdoms,Biện pháp chính thức nào khiến việc cho Martin Luther thức ăn hoặc chỗ ở trở thành tội phạm?,Sắc lệnh của Worms
Rise of Kingdoms,Thành phố nào sau đây đăng cai Thế vận hội năm 1900?,Paris
Rise of Kingdoms,Taj Mahal được xây dựng vào triều đại nào của Ấn Độ?,Vương triều Mughal
Rise of Kingdoms,Vị hoàng đế nào đã ban hành Tuyên ngôn thành Milan?,Constantine I
Rise of Kingdoms,"Thành tích nào sau đây phải hoàn thành trước thành tích ""Bông tuyết đặc biệt""?",Tấn công tầm xa
Rise of Kingdoms,Chỉ huy Lancelot giỏi cái gì?,Các đơn vị kỵ binh hàng đầu
Rise of Kingdoms,Commander Baybars giỏi cái gì?,Các đơn vị kỵ binh hàng đầu
Rise of Kingdoms,Chỉ huy Hermann giỏi cái gì?,Cung thủ hàng đầu
Rise of Kingdoms,Chỉ huy Osman tôi giỏi cái gì?,Tấn công các thành phố
Rise of Kingdoms,Có thể nhận được buff nào khi chiếm Sanctum of Courage?,Tăng EXP nhận được bởi các chỉ huy
Rise of Kingdoms,Chỉ huy Hannibal Barca giỏi điều gì?,Tấn công các thành phố
Rise of Kingdoms,Ai đã chiến thắng trong cuộc chiến thành Troy?,Người Hy Lạp
Rise of Kingdoms,đế chế cũ hiện nay trên đất nước Châu Á,Iran
Rise of Kingdoms,Chỉ huy Eulji Mundeok giỏi cái gì?,Đơn vị bộ binh dẫn đầu
Rise of Kingdoms,"Trong Chiến tranh Punic lần thứ hai, trong trận chiến nào mà quân đội La Mã đông hơn rất nhiều người Hannibal đã đánh bại?",Trận chiến của Cannae
Rise of Kingdoms,"Một ""ngày"" trên hành tinh Sao Kim xấp xỉ bằng bao nhiêu ngày trên trái đất?",243 ngày
Rise of Kingdoms,Khí nào sau đây KHÔNG phải là một trong những khí nhà kính chính trong khí quyển trái đất?,Nitơ
Rise of Kingdoms,"Một cách sử dụng khác của gin, ngoài việc là một thức uống phổ biến, vào thế kỷ 18 là gì?",Thuốc
Rise of Kingdoms,"Khi đánh bắt và thả cá biển sâu, tại sao phải chọc thủng bàng bơi của chúng?",Để ngăn chúng chết vì những chiếc phao bơi căng phồng
Rise of Kingdoms,Yếu tố nào sau đây cho phép một số loại đồ uống hỗn hợp nhất định được xếp lớp?,Tỉ trọng
Rise of Kingdoms,Khủng long đầu tiên tồn tại khi nào?,Trias
Rise of Kingdoms,Binh pháp Tôn Tử giỏi cái gì?,Các đơn vị đồn trú hàng đầu của thành phố.
Rise of Kingdoms,Không khí thường trong lành hơn sau cơn giông vì nó đã được làm giàu bằng loại khí nào?,Khí quyển
Rise of Kingdoms,"Asoka vĩ đại, là vua của vương quốc Ấn Độ cổ đại",Maurya
Rise of Kingdoms,Ai đã nghĩ ra ý tưởng về Con ngựa thành Troy? Ai đã chiến thắng trong cuộc chiến thành Troy?,Odysseus; Người Hy Lạp
Rise of Kingdoms,Keira đã từng bất chấp sự kỳ vọng của thế giới về mình trong một trận chiến vinh quang. Trận chiến này diễn ra ở đâu?,Hooàng hôn
Rise of Kingdoms,Đền Trời của Trung Quốc được xây dựng dưới triều đại của vị hoàng đế nào?,Hoàng đế Yongle (Zhu Di)
Rise of Kingdoms,Kỹ năng nào sau đây KHÔNG phải là một trong những kỹ năng của Keira?,Máu ngỗ ngược
Rise of Kingdoms,Danh hiệu 'Nữ hoàng' của vương quốc tăng theo thứ tự nào sau đây?,Tốc độ thu thập
Rise of Kingdoms,Ai là người đầu tiên trong số những người con của Henry VIII trị vì nước Anh?,Edward VI
Rise of Kingdoms,Henry I lên ngôi Englnd vào năm 1100 sau khi người họ hàng nào qua đời?,Anh trai của anh ấy
Rise of Kingdoms,Điều gì gây ra mùi đặc biệt trong không khí sau khi trời mưa?,Ảnh hưởng của xạ khuẩn
Rise of Kingdoms,"Trong số các quốc gia sau, quốc gia nào có diện tích nhỏ nhất?",Thành phố Vatican
Rise of Kingdoms,Bộ phận khó nhất trên cơ thể con người là gì?,Men răng
Rise of Kingdoms,Nhân vật lịch sử nào được chôn trong Đền khắc ở Palenque?,Pakal Đại đế
Rise of Kingdoms,Mô tả nào sau đây là chính xác về khí hậu Địa Trung Hải?,"Mùa hè nóng, khô và mùa đông mát, ẩm ướt."
Rise of Kingdoms,Kỹ năng nào sau đây KHÔNG phải là một trong những kỹ năng của Belisarius?,Lực lượng nguy hiểm
Rise of Kingdoms,Mô tả danh hiệu vương quốc nào sau đây là KHÔNG ĐÚNG?,Thủ tướng đã tăng cường tấn công quân.
Rise of Kingdoms,"Trong trang Chế độ xem chỉ huy, các chỉ huy đóng vai trò là ""thợ khoan"" nhận được ưu đãi gì?",+ 1% Tấn công quân
Rise of Kingdoms,"Trong trang Chế độ xem chỉ huy, các chỉ huy hoạt động với tư cách là ""Kiểm lâm viên"" nhận được ưu đãi gì?",+ 5% XP nhận và sát thương so với Barbarians
Rise of Kingdoms,"Trong trang Chế độ xem chỉ huy, các chỉ huy đóng vai trò là ""Nhân viên thuế"" sẽ nhận được ưu đãi gì?",+ 5% tốc độ thu thập
Rise of Kingdoms,"Trong trang Chế độ xem chỉ huy, các chỉ huy hoạt động như một ""Người bảo vệ sắt"" sẽ nhận được ưu đãi gì?",+ 1% Máu quân
Rise of Kingdoms,"Trong trang Chế độ xem chỉ huy, các chỉ huy đóng vai trò là ""Đội trưởng cung cấp"" sẽ nhận được ưu đãi gì?",+ 5% Tốc độ thu thập và tải quân
Rise of Kingdoms,"Trong trang Chế độ xem chỉ huy, các chỉ huy đóng vai trò là ""Đội trưởng phụ trách"" sẽ nhận được những ưu đãi gì?",+ 1% Tốc độ tấn công tập hợp & tập hợp quân số tháng 3
Rise of Kingdoms,"Trong trang Chế độ xem chỉ huy, các chỉ huy đóng vai trò là ""Vua đầu"" nhận được những ưu đãi gì?",+ 1% Lực lượng Phòng thủ và Máu
Rise of Kingdoms,"Trong số các chỉ huy dưới đây, chỉ huy nào phù hợp nhất để dẫn quân chống lại kẻ thù bộ binh?",Hermann
Rise of Kingdoms,điều nào sau đây được đồng hương ca ngợi là đại diện dân chủ trung thực và tốt nhất của Hy Lạp cổ đại?,Pericles
Rise of Kingdoms,"Trong số các chỉ huy dưới đây, chỉ huy nào phù hợp nhất để dẫn quân CHỐNG lại kẻ thù bắn cung?",Cao Cao
Rise of Kingdoms,"Trong số các chỉ huy dưới đây, tướng nào thích hợp nhất để dẫn quân CHỐNG lại kẻ thù kỵ binh?",Binh pháp Tôn Tử
Rise of Kingdoms,Mô tả danh hiệu vương quốc nào sau đây không chính xác?,Quân đội của Dukes đã tăng cường tấn công
Rise of Kingdoms,"Trong số các chỉ huy dưới đây, chỉ huy nào là phù hợp nhất để dẫn quân khi thu thập tài nguyên?",Seondeok
Rise of Kingdoms,"Vào thời nhà Hán của Trung Quốc, ai đã mở con đường tơ lụa theo lệnh của Hoàng đế Ngô?",Zhang Qian
Rise of Kingdoms,Tại sao bệnh còi từng là một vấn đề phổ biến đối với các thủy thủ?,Thiếu trái cây tươi và rau quả trong những chuyến đi dài
Rise of Kingdoms,Tại sao uống cà phê lại khiến người ta cảm thấy tỉnh táo hơn?,Nó chứa caffeine
Rise of Kingdoms,Bệnh nào sau đây có thể do thiếu vitamin D?,bệnh còi xương
Rise of Kingdoms,nhân viên thuế quan,tốc độ thu gom +5%
Rise of Kingdoms,thánh đường dũng cảm,nhận kinh nghiệm chỉ huy 10%
Rise of Kingdoms,tại sao scurvy là ván đề của thủy thủ,Thiếu trái cây tươi và rau quả trong những chuyến đi dài
Rise of Kingdoms,Brazil tổ chức olympic ở?,Rio dranero
Rise of Kingdoms,không phải là kỹ năng của Matilda Flanders,dòng máu
Rise of Kingdoms,"Tên nào sau đây là tên gọi khác của ""Cái chết đen"" hoành hành khắp châu Âu trong thời kỳ Hậu Trung Cổ?",Yersinia pestis
Rise of Kingdoms,"Trong thần thoại Hy Lạp, tên của con chó 3 đầu của Hades canh giữ cánh cổng của Thế giới ngầm là gì",Cerberus
Rise of Kingdoms,Người đẹp được cho là nguyên nhân của cuộc chiến thành Troy là ai?,Helen
Rise of Kingdoms,Những nhà Nhân văn phương Bắc như Erasmus thường được biết đến nhiều nhất vì điều gì?,Mối quan tâm đến tôn giáo và hình thái xã hội
Rise of Kingdoms,Ai đầu tiên thực hiện Lịch Julian ở Rome?,Julius Caesar
Rise of Kingdoms,Chỉ huy nào đã chỉ huy đánh chiếm Constantinople năm 21 tuổi?,Mehmed II
Rise of Kingdoms,"Ai được gọi là ""Napoléon của tội ác"" trong một số câu chuyện về Sherlock Holmes?",Giáo sư Moriarty
Rise of Kingdoms,Tòa nhà nào ban đầu được xây dựng ở Luân Đôn để tổ chức Triển lãm lớn về ngành công trình của tất cả các quốc gia được tổ chức vào năm 1851?,Cung điện pha lê
Rise of Kingdoms,Ăn không đủ nguyên tố nào có thể dẫn đến bệnh to tuyến giáp?,Iốt
Rise of Kingdoms,Quốc gia nào ở châu Á trùng với đế chế Parthia trước đây?,Iran
Rise of Kingdoms,Vật nào sau đây là Hiệp sĩ của Bàn tròn?,Lancelot
Rise of Kingdoms,Nguồn nào sau đây là nguồn năng lượng thay thế dựa trên sự phân tách các nguyên tử nặng thành các nguyên tử nhẹ hơn để giải phóng năng lượng?,Năng lượng hạt nhân
Rise of Kingdoms,Cuộc chiến nào đã kết thúc sự cai trị của House of Plantagenet và bắt đầu sự cai trị của những người Tudors ở Anh?,Cuộc chiến của hoa hồng
Rise of Kingdoms,Chỉ huy nào được biết đến là lãnh chúa của Kamakura?,Minamoto no Yoshitsune
Rise of Kingdoms,"Sự khác biệt giữa các loài, chẳng hạn như các mỏ chim khác nhau, được gọi là",Các biến thể
Rise of Kingdoms,Phần thưởng sức khỏe quân đội bạn có thể nhận được từ một Bệnh viện được nâng cấp hoàn chỉnh là gì?,0.01
Rise of Kingdoms,Tại sao ếch và các sinh vật khác đẻ nhiều trứng / con?,càng nhiều con đẻ ra càng có nhiều khả năng sống sót
Rise of Kingdoms,Tên của điện năng được sản xuất bằng năng lượng nước sử dụng các đập lớn trên sông là gì?,Thủy điện
Rise of Kingdoms,Ông già Noel đi trên một chiếc xe trượt tuyết do con vật nào kéo?,Tuần lộc
Rise of Kingdoms,Chỉ huy nào được đặt biệt danh là Người man rợ gầm rú?,Lohar
Rise of Kingdoms,"Trong thần thoại Hy Lạp, hoàng tử xứ troy của Paris đã tặng quả táo vàng có khắc hình nữ thần xinh đẹp nhất cho ai?",Aphrodite
Rise of Kingdoms,Loại nào sau đây là nguồn năng lượng vô tận phụ thuộc vào magma nóng hoặc đá khô nóng bên dưới mặt đất?,Địa lý
Rise of Kingdoms,Nền kinh tế của Ai Cập chủ yếu dựa trên cái gì?,Nông nghiệp
Rise of Kingdoms,Nhà thám hiểm người Bồ Đào Nha nào là người châu Âu đầu tiên đi thuyền đến mũi phía nam của châu Phi?,Bartolomeu Dias
Rise of Kingdoms,"""Cuối cùng biện minh cho phương tiện"" là một niềm tin quan trọng của tác giả của ""The Prince"". Tên của anh ấy là gì?",Machiavelli
Rise of Kingdoms,“Nút thắt Windsor” được vua nào của nước Anh sử dụng phổ biến?,Edward VIII
Rise of Kingdoms,"Trong trường hợp bình thường, bằng mắt thường ta có thể nhìn thấy mặt trời ở tầng nào?",Photosphere
Rise of Kingdoms,Chỉ huy nào được biết đến với cái tên Barbarossa?,Frederick I
Rise of Kingdoms,Người sáng lập Kentucky Fried Chicken (KFC) đã được trao thứ hạng danh dự nào?,Đại tá
Rise of Kingdoms,Thành phố-nhà nước nào của Hy Lạp cổ đại được biết đến với sự dũng cảm và huấn luyện quân sự tàn bạo của nó?,Sparta
Rise of Kingdoms,Vị chỉ huy nào được coi là kẻ thù của La Mã ngay từ khi còn nhỏ?,Hannibal Barca
Rise of Kingdoms,Những nhà nhân văn phương Bắc như Erasmus được biết đến nhiều nhất để làm gì?,Các tôn giáo
Rise of Kingdoms,Tên nào sau đây là tên của đá trầm tích được hình thành từ xác thực vật mục nát ở các vùng đầm lầy?,Than đá
Rise of Kingdoms,Tên của năng lượng tái tạo có nguồn gốc từ việc đốt cháy các vật liệu hữu cơ như gỗ và rượu là gì?,Năng lượng sinh khối
Rise of Kingdoms,Hoàng đế của Đế chế Pháp đầu tiên là ai?,Napoléon Bonaparte
Rise of Kingdoms,Chính khách lỗi lạc nào từng là vị tướng đầu tiên của Mạc phủ Edo vào cuối thời Chiến quốc của Nhật Bản?,Tokugawa Ieyasu
Rise of Kingdoms,Đâu là điểm tập hợp cho cuộc Thập tự chinh đầu tiên?,Constantinople
Rise of Kingdoms,Từ nào sau đây là thuật ngữ chỉ vật liệu có giá trị có nguồn gốc địa chất có thể được khai thác từ trái đất,Tài nguyên thiên nhiên
Rise of Kingdoms,Kỹ năng nào sau đây không phải là kỹ năng bị động của Pelagius?,Sạc điện
Rise of Kingdoms,Chỉ huy nào sau đây xuất sắc dẫn đầu bộ binh?,Richard tôi
Rise of Kingdoms,Tên của hiện tượng mà các sinh vật thích nghi tốt hơn với môi trường sống sót để truyền các tính trạng cho đời con là gì?,Chọn lọc tự nhiên
Rise of Kingdoms,Người chỉ huy nào được đặt biệt danh là đồng cỏ của cái chết?,Sarka
Rise of Kingdoms,"Kính đeo mắt được cấu tạo từ thạch anh, cát, và chất gì?",Dầu mỏ
Rise of Kingdoms,Người chỉ huy nào được gọi là Người chinh phục hỗn loạn?,Cao Cao
Rise of Kingdoms,Bộ luật nào trong số các Bộ luật Babylon là bộ luật thành văn đầy đủ đầu tiên trong lịch sử được ghi chép lại?,Bộ luật Hammurabi
Rise of Kingdoms,Truyện tranh nào được sách kỷ lục Guinness thế giới công nhận là truyện tranh có số lượng phát hành tích lũy lớn nhất trong số các truyện tranh của một tác giả?,Eiichiro Oda / One Piece
Rise of Kingdoms,"Ở Hy Lạp cổ đại, triết gia nào thích thảo luận về các ý tưởng trên một con phố mà sau đó có biệt danh là Trường học Peripatetic?",Aristotle
Rise of Kingdoms,Thí nghiệm Tháp nghiêng Pisa của Galileo đã lật ngược giả thuyết nào của các nhà khoa học Hy Lạp cổ đại?,Aristotle
Rise of Kingdoms,Vị chỉ huy nào đã thể hiện thiên tài quân sự của họ trong trận chiến Poitiers vào thế kỷ thứ 8 sau Công nguyên?,Charles Martel
Rise of Kingdoms,Vị chỉ huy nào đã thể hiện thiên tài quân sự của họ trong trận Tours vào thế kỷ 8 sau Công nguyên?,Charles Martel
Rise of Kingdoms,Tên của điện được sản xuất bằng nước sử dụng đập lớn trên sông là gì?,Năng lượng thủy điện
Rise of Kingdoms,Biện pháp chính thức nào khiến việc cho Martin Luther thức ăn hoặc chỗ ở trở thành một tội ác?,Sắc lệnh của Worms
Rise of Kingdoms,Thành phố nào trong số những thành phố này đã đăng cai Thế vận hội vào năm 1900?,Paris
Rise of Kingdoms,Chỉ huy Baybars giỏi cái gì?,Các đơn vị kỵ binh hàng đầu
Rise of Kingdoms,một phần đế chế cũ bây giờ trên đất nước Châu Á,Iran
Rise of Kingdoms,"Trong Chiến tranh Punic lần thứ hai, trong trận chiến nào, một đội quân Hannibal đông hơn rất nhiều đã đánh bại một đội quân La Mã?",Trận chiến của Cannae
Rise of Kingdoms,"Khi đánh bắt và thả cá biển sâu, tại sao việc chọc thủng bàng bơi của chúng lại quan trọng?",Để ngăn chúng chết vì những chiếc phao bơi căng phồng
Rise of Kingdoms,Yếu tố nào sau đây cho phép một số loại đồ uống hỗn hợp được xếp thành lớp?,Tỉ trọng
Rise of Kingdoms,Ai là người đưa ra ý tưởng Trojan Horse? Ai đã thắng trong cuộc chiến thành Troy?,Odysseus; Người Hy Lạp
Rise of Kingdoms,Ai là người đầu tiên trong số những người con của Henry VIII cai trị nước Anh?,Edward VI
Rise of Kingdoms,"Trong trang Chế độ xem chỉ huy, các chỉ huy hoạt động với tư cách là ""thợ khoan"" nhận được ưu đãi gì?",+ 1% Tấn công quân
Rise of Kingdoms,"Trong trang Commander View, các chỉ huy đóng vai trò là ""Iron Guard"" sẽ nhận được những ưu đãi gì?",+ 1% Máu quân
Rise of Kingdoms,"Trong trang Chế độ xem chỉ huy, các chỉ huy hoạt động với tư cách là ""Vua đầu"" nhận được ưu đãi gì?",+ 1% Phòng thủ và Máu của Quân đội
Rise of Kingdoms,"Trong số các chỉ huy dưới đây, chỉ huy nào phù hợp nhất để dẫn quân CHỐNG lại kẻ thù kỵ binh?",Binh pháp Tôn Tử
Rise of Kingdoms,"Vào thời nhà Hán của Trung Quốc, ai là người mở con đường tơ lụa theo lệnh của Hoàng đế Ngô?",Zhang Qian
Rise of Kingdoms,Tại sao uống cà phê khiến người ta cảm thấy tỉnh táo hơn?,Nó chứa caffeine
Rise of Kingdoms,Tư lệnh nào sau đây xuất sắc dẫn đầu kỵ binh?,Minamoto no Yoshitsune
Rise of Kingdoms,Cái nào KHÔNG phải là Kỹ năng Vua?,Cứu trợ
Rise of Kingdoms,Nhà sinh vật học Karl Landsteiner đã đoạt giải Nobel có đóng góp xuất sắc nào cho khoa học?,Khám phá các nhóm máu của con người
Rise of Kingdoms,Mối quan hệ giữa các vị tướng lừng danh Tolui và Thành Cát Tư Hãn là gì?,Cha và con trai
Rise of Kingdoms,Alexander Fleming khám phá ra penicillin vào năm nào?,1928.0
Rise of Kingdoms,Kỹ năng nào sau đây KHÔNG phải là một trong những kỹ năng của Matilda of Flanders?,Máu Celtic
Rise of Kingdoms,Kỹ năng nào sau đây KHÔNG phải là một trong những kỹ năng của Hoa Mộc Lan?,Quân đội bất khuất
Rise of Kingdoms,Nước nào đầu tiên phát minh ra nước hoa?,Síp
Rise of Kingdoms,Nguyên nhân chính của sự hình thành dãy Himalaya là gì?,Va chạm giữa các tấm
Rise of Kingdoms,"Trong thời Chiến Quốc của Trung Quốc, nhà nước nào đã đánh bại 6 nước kia và xây dựng nên đế chế Trung Hoa thống nhất?",Tần
Rise of Kingdoms,Nguyên nhân chính của địa hình karst là gì?,Sự hòa tan của các loại đá hòa tan
Rise of Kingdoms,"Bastille, một nhà tù từng nằm ở trung tâm Paris, Pháp, ban đầu phục vụ cho mục đích gì?",Pháo đài phòng thủ
Rise of Kingdoms,Bác sĩ nào sau đây là người đầu tiên mô tả đầy đủ và chi tiết về tuần hoàn toàn thân và chức năng của tim?,William Harvey
Rise of Kingdoms,"Marco Polo, một nhà thám hiểm và thương gia nổi tiếng, sinh ra ở nước nào?",Cộng hòa Venice
Rise of Kingdoms,răng cưa,Châu phi
Rise of Kingdoms,nguyên nhân địa hình karst,hòa tan các loại đá hòa tan
Rise of Kingdoms,Con nào trong số những con vật này KHÔNG đẻ trứng?,Con dơi
Rise of Kingdoms,"Ngoài ""Lần bạn có thể được giúp đỡ"" và ""Sức mạnh"", thông số nào sau đây của Trung tâm Liên minh cũng có thể được nâng cấp?",Năng lực quân đội tăng cường
Rise of Kingdoms,"Kỹ năng liên minh ""quà tặng của thiên nhiên"" để làm gì?",Triệu hồi điểm tài nguyên trong một khu vực đã chọn (không thể sử dụng trong vương quốc đã mất)
Rise of Kingdoms,Nguyên nhân sâu xa của chứng say độ cao là gì?,Tiếp xúc nhanh chóng với lượng oxy thấp ở độ cao lớn
Rise of Kingdoms,Công trình nào sau đây không thể nâng cấp?,Trạm chuyển phát nhanh
Rise of Kingdoms,"Kỹ năng liên minh ""nạp đầy đủ"" để làm gì?",Tăng tốc độ thu thập của các thành viên liên minh cho một loại tài nguyên.
Rise of Kingdoms,Câu nào sau đây mô tả đúng nhất về Cá hề?,Cá biển nhiệt đới
Rise of Kingdoms,Công nghệ nào xuất hiện ngay trước Heavy Cavalry?,Áo giáp quy mô
Rise of Kingdoms,"Ở Ai Cập cổ đại, điều nào sau đây KHÔNG phải là đặc quyền được trở thành 'Người ghi chép'?",Miễn chi phí khám chữa bệnh nếu ốm đau
Rise of Kingdoms,Điều nào sau đây không phải là lợi ích khi trở thành Người ghi chép về Ai Cập cổ đại?,Ngoại trừ từ bệnh hiểm nghèo được trả lương y tế
Rise of Kingdoms,Làm thế nào mà Kinh thánh Gutenberg được đưa vào sản xuất hàng loạt?,Máy in loại di động
Rise of Kingdoms,Bộ luật Napoléon được thành lập vào năm nào?,1804.0
Rise of Kingdoms,"Nhà khoa học Hà Lan nào được biết đến là ""cha đẻ của vi sinh vật học""?",Antonie van Leeuwenhoek
Rise of Kingdoms,Nhà chiến lược quân sự và nhà cách mạng nổi tiếng Simón Bolívar sinh ra ở nước nào?,Venezuela
Rise of Kingdoms,"Kể từ khi thành lập năm 1863, Ủy ban Chữ thập đỏ Quốc tế đã đoạt giải Nobel Hòa bình bao nhiêu lần?",3.0
Rise of Kingdoms,Tiểu thuyết Tam Quốc Diễn Nghĩa bắt đầu gần cuối của thuốc nhuộm nào của Trung Quốc?,Han
Rise of Kingdoms,Bản giao hưởng số 5 ở C Minor của Beethoven được ra mắt tại nhà hát nào vào năm 1808?,Nhà hát và der Wien
Rise of Kingdoms,"Trong mã Morse, độ dài tính bằng dấu chấm giữa hai từ là bao nhiêu?",7.0
Rise of Kingdoms,"Sau khi Venus Flytrap bắt được côn trùng, nó tiêu hóa và hấp thụ con mồi như thế nào?",Các vạt bên trong của lá tiết ra dịch tiêu hoá.
Rise of Kingdoms,"Trong số những điều sau đây, điều nào có nhiều khả năng đã trực tiếp dẫn đến thời kỳ đồ đồng?",Đồng cứng hơn và bền hơn các kim loại khác có sẵn vào thời điểm đó.
Rise of Kingdoms,Điểm nào sau đây thưởng cho điểm hoạt động hàng ngày?,Đánh bại quân man rợ trên bản đồ
Rise of Kingdoms,Thành phố nào sau đây là thành phố đầu tiên có hệ thống giao thông nhanh dưới lòng đất?,London
Rise of Kingdoms,Vua đầu tiên của Ý sau khi thống nhất vào năm 1861 là ai?,Victor Emmanuel II
Rise of Kingdoms,Giải vô địch quần vợt Wimbledon đầu tiên được tổ chức vào năm nào?,1877.0
Rise of Kingdoms,Vườn quốc gia nào sau đây là vườn quốc gia đầu tiên trên thế giới?,Công viên quốc gia Yellowstone
Rise of Kingdoms,"Tập đoàn Carlsberg, một nhà sản xuất bia hàng đầu, được thành lập vào năm 1847 ở nước nào?",Đan mạch
Rise of Kingdoms,Kích thước của sương mù được xóa bởi một vật phẩm trên Bản đồ Vương quốc là gì?,10x10
Rise of Kingdoms,Điều gì đã gây ra cái chết của Pericles?,Một bệnh dịch.
Rise of Kingdoms,Cơn lốc xoáy hình nón gió nổi tiếng về điều gì?,Quay
Rise of Kingdoms,Mục Tuyển Dụng Người Xây Dựng tồn tại trong bao lâu?,2 ngày
Rise of Kingdoms,Bạn mở khóa vĩnh viễn hàng đợi tòa nhà thứ hai ở cấp độ VIP nào?,Cấp độ 6
Rise of Kingdoms,Bạn có thể nhận trợ giúp liên minh bao nhiêu lần nếu trung tâm liên minh của bạn là cấp 25?,30.0
Rise of Kingdoms,Đấu trường La Mã được hoàn thành dưới triều đại của vị hoàng đế nào?,Tít
Rise of Kingdoms,Anh cả của thần Zeus,Poseidon
Rise of Kingdoms,Khả năng quân đội tập hợp mặc định khi lâu đài của bạn là cấp 25 là bao nhiêu?,2 triệu
Rise of Kingdoms,Đế chế Mông Cổ đã tan rã bao nhiêu vương quốc hoặc đế quốc riêng biệt vào thời điểm Hốt Tất Liệt qua đời năm 1294?,4.0
Rise of Kingdoms,Ai là người khởi xướng Salt March đầu tiên?,Mahatma gandhi
Rise of Kingdoms,"Được tổ chức vào năm 1929, lễ trao Giải Oscar (""Giải Oscar"") đầu tiên diễn ra trong bao lâu?",15 phút
Rise of Kingdoms,Zeppelin được phát minh bởi các kỹ sư từ quốc gia nào?,nước Đức
Rise of Kingdoms,"Trong chuyến đi đầu tiên đầy bi kịch của nó, điểm đến dự định của Titanic là gì?",Newyork
Rise of Kingdoms,"Einstein đã xuất bản bốn Annus Mirabilis (""Bài báo thần kỳ"") vào năm nào?",1905.0
Rise of Kingdoms,"Edward Jenner, người được mệnh danh là cha đẻ của ngành miễn dịch học, đã phát triển một loại vắc-xin cho căn bệnh nào?",Bệnh đậu mùa
Rise of Kingdoms,Công trình nào sau đây là trang trí?,Trống đá
Rise of Kingdoms,Bạn có thể mua bao nhiêu điểm VIP với 200 viên ngọc?,200.0
Rise of Kingdoms,"Điều gì đã gây ra cái chết của chính khách và nhà chiến lược quân sự kiệt xuất, Pericles?",Một bệnh dịch
Rise of Kingdoms,Điều nào sau đây rất có thể đã trực tiếp dẫn đến thời đại đồ đồng?,Đồng cứng hơn và bền hơn các kim loại khác hiện có vào thời điểm đó
Rise of Kingdoms,Pharaoh nào đã ra lệnh xây dựng các ngôi đền Abu Simbel?,Ramesses II
Rise of Kingdoms,Điều nào sau đây KHÔNG xảy ra trong Chiến tranh Greco-Ba Tư?,Trận chiến Agincourt
Rise of Kingdoms,"Theo câu chuyện về She-sói trong thần thoại La Mã, điều gì đến với cặp song sinh mà cô nuôi dưỡng, Romulus và Remus?",Romulus trở thành người sáng lập và là vị vua đầu tiên của La Mã
Rise of Kingdoms,Nhà hát Shakespeare's Globe được xây dựng ở thành phố hiện đại nào?,London
Rise of Kingdoms,Vật phẩm Tấn công Nâng cao (Advanced) sẽ tăng sức tấn công của bạn lên bao nhiêu?,0.1
Rise of Kingdoms,"Những người đàn ông và phụ nữ đang trốn tránh điều gì ở ngoại ô Florence trong bộ sưu tập tiểu thuyết ""The Decameron""?",Bệnh dịch đen
Rise of Kingdoms,Bài phát biểu nổi tiếng của Otto von Bismarck về điều gì vào năm 1862?,Máu và sắt
Rise of Kingdoms,Tại sao biển chết lại có cái tên này?,Nước có độ mặn cao ngăn cản thực vật và động vật phát triển gần nó.
Rise of Kingdoms,Tổng thống Mỹ duy nhất phục vụ hơn 2 nhiệm kỳ là ai?,Franklin D. Roosevelt
Rise of Kingdoms,"Từ ""Formua"" trong ""Đua xe Công thức 1"" ám chỉ điều gì?",Các quy tắc mà xe ô tô tham gia phải tuân theo
Rise of Kingdoms,"Edward VIII trở thành Vua nước Anh vào tháng 1 năm 1936. Sau đó cùng năm, ông từ bỏ ngai vàng vào tháng nào?",Tháng mười hai
Rise of Kingdoms,Ai là phi hành gia đầu tiên đi vào không gian vũ trụ?,Yuri Gagarin
Rise of Kingdoms,The Beatles được thành lập ở thành phố nào của Vương quốc Anh vào năm 1960?,Liverpool
Rise of Kingdoms,Bài phát biểu nào sau đây được thực hiện bởi Thủ tướng Phổ Otto von Bismarck vào tháng 9 năm 1862?,Máu và sắt
Rise of Kingdoms,Nền văn minh nào thưởng 5% tấn công cho các đơn vị kỵ binh?,nước Đức
Rise of Kingdoms,Cuốn tiểu thuyết Romance of the Three Kingdoms bắt đầu gần cuối triều đại Trung Quốc,Han
Rise of Kingdoms,Ai là người sáng lập Mạc phủ Edo của Nhật Bản?,Tokugawa Ieyasu
Rise of Kingdoms,Thời hạn của mục Tuyển dụng Thợ xây là gì?,2 ngày
Rise of Kingdoms,Truyện nào sau đây không phải là một trong Truyện cổ Grimms?,Nàng tiên cá nhỏ
Rise of Kingdoms,Jiang Ziya đã giúp thành lập triều đại nào của Trung Quốc?,Nhà Chu
Rise of Kingdoms,Cầu Dom Luis của Bồ Đào Nha nối hai thành phố nào?,"Porta, Vila Nova de Gaia"
Rise of Kingdoms,Mục đích ban đầu của,Lăng mộ Pharaoh khufu
Rise of Kingdoms,Điều nào xảy ra nếu các phép bổ trợ sau đây có thể có hiệu lực trong các trận chiến Sunset Canyon?,Buff từ thiết bị
Rise of Kingdoms,Vương triều của vị hoàng đế cuối cùng của triều đại nhà Thanh của Trung Quốc là gì?,Tuyên thống
Rise of Kingdoms,"Tác phẩm nào sau đây dựa trên Trận chiến trên đèo Roncevaux, do Charlemagne và các hiệp sĩ của ông chiến đấu?",Bài hát của Roland
Rise of Kingdoms,Sao chổi chu kỳ ngắn duy nhất được biết đến thường xuyên có thể nhìn thấy bằng mắt thường từ Trái đất?,sao chổi của Halley
Rise of Kingdoms,"Triết gia nào đã viết ""Utopia""?",Plato
Rise of Kingdoms,Tại sao mũi thuyền và đuôi thuyền của người Viking được thiết kế đối xứng?,Để đảo ngược hướng một cách nhanh chóng mà không cần quay đầu lại
Rise of Kingdoms,"Năm 1998, FIFA World Cup lần thứ 16 được tổ chức tại quốc gia nào?",Nước pháp
Rise of Kingdoms,Khương tử nha,nhà chu
Rise of Kingdoms,darwin,giun đất
Rise of Kingdoms,kỹ năng chủ động mina,kyohachiryu
Rise of Kingdoms,vận động viên người mỹ gốc phi jesse owens đã giành được bao nhiêu huy chương vàng,4.0
Rise of Kingdoms,tháp pisa,ý
Rise of Kingdoms,rương 1.000 điểm,tượng chỉ huy
Call of Dragons,提高联盟成员人数上限，是壮大联盟的关键.下列选项中对于增加联盟成员人数上限说法正确的是?,每建造10座联盟塔，成员人数上限+1
Call of Dragons,以下哪种活动将会设立战斗力，让领主们能够在这天尽情战斗,群英之巅
Call of Dragons,道路是繁荣的标志，也是效率的象征，下列关于道路的说法中不正确的是?,当道路两端的任意建筑被摧毁时，道路依旧存在
Call of Dragons,若在联盟中担任了“兽王”职位，能够做的是?,召唤和操控联盟魔兽
Call of Dragons,拥有驻防技能的英雄能够更加出色地率领驻防军团.下列选项中对据点的正确定义是?,关卡等可以集结进攻或者增援驻防的建筑
Call of Dragons,关于联盟资源中心，下列说法正确的是?,一个资源中心只允许一支部队采集
Call of Dragons,城市管理对于领主而言十分重要，关于城市管理，下列说法中不正确的是?,当城市处于反侦察状态时，敌方侦查到迷惑性的单位总数
Call of Dragons,半身人尼尔科因为什么病症，不得不放弃了他成为刺客的梦想?,晕血症
Call of Dragons,以下哪种行为可以获得黑暗钥匙?,击败等级5以上的矮人和暗黑生物
Call of Dragons,利用好单位克制关系，将会极大地改变战斗局面.下列哪一种单位克制关系是不正确的?,骑兵克制法术单位
Call of Dragons,因擅自使用神力而成为失格者的翼族是谁?,亚修斯
Call of Dragons,哪位英雄曾担任过一年提亚尔学院的客座教授?,维德尔
Call of Dragons,下列哪种巨魔会使用“巫术”?,巫毒巨魔
Call of Dragons,拂晓骑士法洛林的佩剑叫什么名字?,惩戒之剑
Call of Dragons,玛德琳是加尔冈多国王的长女，也是骁勇善战的英雄.下列选项中关于她的说法不正确的一项是?,没有在成年礼时得到神迹的回应
Call of Dragons,哪位英雄荣登过刺客排行榜的第二名?,妮可
Call of Dragons,下列选项中，哪位英雄与月亮河谷领主有血缘关系?,格温妮
Call of Dragons,下列选项中，哪位英雄与秩序贤者莫萨克有血缘关系?,茵迪丝
Call of Dragons,下列关于部队重伤单位说法正确的是?,当部队与魔兽作战时，所有的重伤部队都会被送往医院
Call of Dragons,为了纪念在符林之战中逝去的生命，精灵修建的纪念建筑是什么?,和平石碑
Call of Dragons,乐乐鱼汤是塔梅里斯大陆最美味的食物之一，制作乐乐鱼汤不需要哪种原材料?,辣椒
Call of Dragons,利姆斯家族帮助王都打击了哪个家族的叛军?,瑞文
Call of Dragons,圣泉是精灵文明的诞生之地，与它距离最近的是哪里?,王者林地
Call of Dragons,传闻只要冒险者能够解开古老的谜语，就能够获得湖心岛内埋藏的宝藏.诗歌“湖心之章”中出现了几个将军?,5个将军
Call of Dragons,下列选项中，关于莉莉娅外貌描述正确的是?,莉莉娅裙子后面有长长的拖尾
Call of Dragons,独眼老兵欧德曾与谁发生了争斗并失去了眼睛?,乌拉尔
Call of Dragons,魔兽毒液多头蛇起源于哪里?,覆羽沼泽
Call of Dragons,刺客妮可接受了下列哪个家族的雇佣?,斯库尔家族
Call of Dragons,在“末日来临时，猫会救你一命”中，猫不能够让人锻炼出哪一项优点?,锻炼出金刚不坏的肉体
Call of Dragons,总是带着面具的埃莫瑞斯是阴影林地的守望者首领.他随身携带的武器名叫什么?,清泉之刃
Call of Dragons,是谁通过荣誉决斗战胜了所有反抗者，并最终成为了荒野聚落的酋长?,可奥特
Call of Dragons,特加尔联合商队队长的故乡叫什么?,盗贼海湾
Call of Dragons,以下哪位英雄害怕蚂蚁?,克列格兹
Call of Dragons,占领村庄会给联盟带来强大的增益.一个联盟最多可以占领多少个村庄?,25个
Call of Dragons,以下哪个宠物是白色的?,白霜巨熊
Call of Dragons,以下哪位英雄，给阿拉斯特脸上留下了旧日的伤痕?,莉莉娅
Call of Dragons,以下有关黑暗城寨的信息中，说法不正确的是?,城寨在被摧毁前，其部队攻击力会下降
Call of Dragons,以下哪个是圣泉之翎领导者--精灵女王的名字?,露西亚
Call of Dragons,退伍后，沙场老将霍斯克为自己新起了一个名字来重新开始主店.&T名字是?,霍恩
Call of Dragons,尼尔科的弩车叫什么名字?,破晓
Call of Dragons,以下单位类型中，能克制射手单位的是?,骑兵单位
Call of Dragons,毒液九头蛇挑战最多可以容纳多少位领主参与?,40位
Call of Dragons,兽人萨满因为什么而发明了干劲药水?,为了提高地精劳工的生产力
Call of Dragons,您无法对秩序大厅进行以下哪一项操作?,摧毁
Call of Dragons,以下精灵英雄中，谁最年轻?,拉法林
Call of Dragons,"在涌入大陆之前,黑暗灵被困在邪恶深处,这个地方被称为?",幽暗海域
Call of Dragons,升级神圣医院无法获得以下哪一项提升?,提升每日魔水产量
Call of Dragons,以下哪个家族历代掌管着光明教会?,利姆斯家族
Call of Dragons,锻造一把世界宝物钥匙需要多少铸钥山铜?,6oo涛钥山铜
Call of Dragons,以下哪个奇观是情侣们宣誓爱情的圣地?,至冰塔林
Call of Dragons,"荒野聚落的步兵单位斧手拥有良好的纪律性,他们大多数来自兽人的哪个氏族?",血刃氏族
Call of Dragons,攻击其他领主的城市时，您无法掠夺以下哪一种资源?,魔水
Call of Dragons,击败魔兽仆役后它们会掉落魔石。其中勤勉魔石有什么增益效果?,提升采集速度
Call of Dragons,"联盟箭楼是强大的防御建筑,您可以派出哪种部队参与驻守?",三种皆可
Call of Dragons,黑暗钥匙的持有上限是多少?,5把
Call of Dragons,茵迪丝在德鲁伊教派中的职位是什么?,秩序贤者
Call of Dragons,翼族曾与以下哪个拥抱黑暗的种族进行了全面战争?,半羊人
Call of Dragons,加伍德以及其他铁树精的故乡在?,枯萎神林
Call of Dragons,"传说中,泰坦神陨落的身体形成了塔梅里斯大陆及生灵万物，人类起源于泰坦的哪个部位?",手掌
Call of Dragons,由扎扎与其他人一同创立的致力于驱逐野兽的组织叫什么?,讨熊大队
Call of Dragons,遗忘之书的作用是什么?,重置英雄天赋
Call of Dragons,埃莉安娜所持的剑叫什么?,圣剑
Call of Dragons,以下哪位英雄最可能受圣光孤儿院的孩子们喜爱?,埃里安娜
Call of Dragons,首次加入联盟将获得何种奖励?,宝石
Call of Dragons,下列不属于宠物的是?,魔纹巨熊
Call of Dragons,特加尔联合商会与哪个人类家族关系密切?,拉格家族
Call of Dragons,荒野聚落在符林之战前，通过训化何种生物，战斗力得到了巨大提升?,双足飞龙
Call of Dragons,阿尔文对以下哪一方面尤为擅长?,用毒
Call of Dragons,埃丽安娜的危机奖励,祭礼面具
Call of Dragons,维德尔有-位家人也在学习魔法，两人的关系是?,兄妹
Call of Dragons,以下单位类型中，克制步兵的单位的是?,法师
Call of Dragons,加伍德手臂上的是?,生命之石
Call of Dragons,如何获取给宠物送的礼物,打扫和野外拾取
Call of Dragons,白霜巨熊起源于,寒冷的雪原洞穴
Call of Dragons,蓝闪仙女龙最喜欢的礼物是,紫曜石
Call of Dragons,哪种宠物脾气火爆,狂暴仙女龙
Call of Dragons,秩序同盟的射手单位是,弩车
Call of Dragons,每支部队最多可携带,1只出战
Call of Dragons,以下哪种道具无法在游戏中获得,地貌更换卡
Call of Dragons,宠物无法拥有哪类技能,怒气技能
Call of Dragons,每支部队最多可携带几只宠物外出作战?,1只出战
Call of Dragons,以下哪种地点不会在派遣伺候探索迷雾时被发现?,斥候营地
Call of Dragons,以下对熔岩灵的描述错误的是?,由三个魔兽组成
Call of Dragons,Which of the following acts grants you Dark Keys?,Defeating Level 5+ Dwarven Patrols and Dark Creatures
Call of Dragons,Garrison Skills allow Heroes to better command Garrisoned Armies. What is the correct definition of a Stronghold?,Passes and other buildings that can be attacked by Rallied Armies or defended by Garrisoned Armies
Call of Dragons,ncreasing your Alliance’s member capacity is essential for its development. Which of the following is correct about increasing membership capacity?,Every 10 Alliance Towers increases the member limit by 1
Call of Dragons,Which of the following Policies can increase your Elixir Production Speed?,Healthcare Reforms
Call of Dragons,sing the unit advantage system can swiftly turn the tide of a battle. Which of the following statements about unit advantages is incorrect?,Cavalry units counter Magic units
Call of Dragons,Which of the following events contains a “Battle Day” that allows you to fight to your heart’s content?,Strongest Lord
Call of Dragons,Which of the following statements about City management is incorrect?,Activating Counterscout will lead enemy Scouts to gather incorrect data about your total number of units when scouting your City
Call of Dragons,Roads are a sign of prosperity and a symbol of efficiency. Which of the following statements about roads is incorrect?,"If either endpoint of a road is destroyed, the road will still exist"
Call of Dragons,Which of the following is correct about Alliance Resource Centers?,Each player can only deploy one Legion to gather from an Alliance Resource Center
Call of Dragons,What can an Alliance Beastmaster do?,Summon and control Alliance Behemoths
Call of Dragons,Which of the following Heroes spent a year as a visiting scholar at the College of Tiyar?,Waldyr
Call of Dragons,Which of the following Heroes is a blood relative of the Lord of Moonvaie?,Gwanwyn
Call of Dragons,"What is the name of the sword of Florin, Knight of Daybreak?",Blade of Reproach
Call of Dragons,Madeline is the firstborn daughter of the King of Jargand. Which of the following statements about her life is incorrect?,Her membership of her bloodline was confirmed by a miracle when she came of age
Call of Dragons,What is the name of the structure the Elves built to commemorate the fallen of the Battle of the Hexwood?,Stone of Peace
Call of Dragons,Which of the following Trolls can use magic?,Witch Troll
Call of Dragons,"Which of the following Heroes is a blood relative of Myrsach, Sage of Order?",Indis
Call of Dragons,Which of the following Heroes is ranked #2 on the Assassins’ Guild leaderboard?,NIka
Call of Dragons,Which of the following characters was banished for the misuse of divine power?,Atheus
Call of Dragons,Which of the following statements about severely wounded statements is correct?,"When your Legions are fighting Behemoths, att severely wounded units witl be sent to your Hospital"
Call of Dragons,Which of the following houses hired the assassin Nika?,House Scull
Call of Dragons,"According to “The Cat Lover’s Guide to the Apocalypse,” which of the following traits can a cat not help you to develop?",A
Call of Dragons,"Which of the following is closest to the holy wellspring of Ffynon, the birthplace of Elven civilization?",The Queenswood
Call of Dragons,One character is a Caravan Captain for the Merchants’ Guild. Where is their hometown?,Bandits’ Bay
Call of Dragons,Legend has it that any adventurer who can solve the riddle of Cortac Isle will gain the treasure buried beneath it. How many Generals are mentioned in the Song in Chapter: Corlac?,5
Call of Dragons,Who defeated all challengers in the Duel of Honor and became Chieftain of Wilderburg?,Kurrata
Call of Dragons,Hearty Fish Soup is one of the most delicious dishes in Tamaris. Which of the following is not one of its ingredients?,Paprika
Call of Dragons,Where is the Hydra said to originate from?,Feathersnare Swamp
Call of Dragons,"Emrys, who always wears a mask, is the leader of the Watchers of the Shadowglade. What is the name of the weapon he carries?",Springblades
Call of Dragons,Which rebellious house did House Remus help Dawngrad to defeat?,Riven
Call of Dragons,[Login](https://cod.guide/logmeinpls/?,redirect_to=https%3A%2F%2Fcod.guide%2Fvale-society-quiz-questions-answers%2F)
