Game,Câu hỏi,Đáp án
Rise of Kingdoms,Đột biến rất quan trọng vì chúng mang lại điều gì?,Biến thể di truyền là cần thiết để một quần thể có thể tiến hóa
Rise of Kingdoms,Cuốn sách nào sau đây được viết bởi Mary Shelley?,Frankenstein
Rise of Kingdoms,Kỹ năng nào sau đây KHÔNG phải là một kỹ năng của El Cid?,Tinh thần hiệp sĩ
Rise of Kingdoms,Lựa chọn nào sau đây mô tả người theo đạo độc thần?,Một người tôn thờ 1 vị thần
Rise of Kingdoms,Đơn vị nào là đơn vị đặc biệt của nền văn minh Viking?,Cuồng nhân (Chiến binh điên cuồng)
Rise of Kingdoms,"Theo truyền thuyết Arthur, trận chiến cuối cùng giữa Vua Arthur và Mordred diễn ra ở đâu?",Camlann
Rise of Kingdoms,Chỉ huy quân sự nào được gọi là “Người Giải Phóng Teutoburg”?,Hermann
Rise of Kingdoms,Tác phẩm nào sau đây được viết bởi nhà biên kịch người Pháp Pierre Corneille?,Le Cid
Rise of Kingdoms,Nền văn minh nào sau đây có thể tăng năng lực chữa lành?,Pháp
Rise of Kingdoms,Điều nào sau đây không phải là mục đích của thần thoại Hy Lạp?,Tạo ra một con đường cứu rỗi
Rise of Kingdoms,Người sáng lập của Kentucky Fried Chicken (KFC) được trao cấp bậc danh dự nào?,Đại tá
Rise of Kingdoms,Wales chính thức trở thành một phần của Vương quốc Anh dưới triều đại của vị Vua nào?,Henry VIII
Rise of Kingdoms,Cần trang bị bao nhiêu vật phẩm có cùng chất lượng để hoàn thành “Sẵn Sàng Chiến Đấu”,6
Rise of Kingdoms,Những người đàn ông và phụ nữ trốn tránh điều gì ở ngoại ô Florence trong bộ tiểu thuyết “Mười Ngày”?,Cái chết đen
Rise of Kingdoms,Hai tác phẩm chính được cho là của Homer là?,Odyssey và Iliad
Rise of Kingdoms,Yi Seong-gye là chuyên gia về lĩnh vực nào sau đây?,Đồn trú
Rise of Kingdoms,Kiến trúc nào dưới đây dùng để tập hợp quân đội Liên Minh?,Lâu đài
Rise of Kingdoms,Kỹ năng nào sau đây KHÔNG phải là một trong những kỹ năng của Matilda xứ Flanders?,Dòng máu Celtic
Rise of Kingdoms,Ai là người sở hữu tất cả mọi thứ trong vương quốc Ai Cập cổ đại?,Pharoah
Rise of Kingdoms,Gấu trúc có 5 ngón chân có móng vuốt và một ngón chân thứ sáu. Gấu trúc sử dụng ngón chân thứ sáu để làm gì?,Để cầm tre ăn
Rise of Kingdoms,Nhà khảo cổ học người Anh Howard Carter đã phát hiện ngôi mộ của Pharaoh Ai Cập cổ đại nào vào năm 1922?,Tutankhamun
Rise of Kingdoms,Chỉ Huy nào sau đây có khả năng chuyển một số đơn vị tử trận thành đơn vị bị thương nặng khi tấn công thành phố?,Charlemagne
Rise of Kingdoms,“Trận Navas de Tolosa” là một bước ngoặt lớn trong cuộc xung đột nào?,Reconquista
Rise of Kingdoms,Nhạc cụ nào sau đây có sáu dây?,Guitar
Rise of Kingdoms,Tuyên ngôn độc lập Hoa Kỳ được viết vào năm nào?,1776
Rise of Kingdoms,"Trong sách Xuất Hành, ai là người dẫn dân Do Thái đến Vùng Đất Hứa?",Moses
Rise of Kingdoms,"Trong Chiếc Rương Thần Osiris, liên minh đầu tiên chiếm đóng bút tháp nhận được bao nhiêu dịch chuyển?",8
Rise of Kingdoms,Tổ chức nghệ thuật nào được biết đến như là “kho báu quốc gia” của Canada?,Cirque du Soleil
Rise of Kingdoms,Ai là tác giả đã viết cuốn sách nổi tiếng “Sapiens: Lược Sử Loài Người”?,Yuval Noah Harari
Rise of Kingdoms,Nước Anh đã đối đầu với quốc gia nào trong Trận Agincourt?,Pháp
Rise of Kingdoms,Pharaoh nào đã ra lệnh xây dựng đền Abu Simbel?,Ramesses II
Rise of Kingdoms,Chúng ta thường ăn bộ phận nào của cây khoai tây?,Thân
Rise of Kingdoms,Người Ai Cập làm giấy từ nguyên liệu nào?,Giấy cói
Rise of Kingdoms,Điều hòa được phát minh ở nước nào?,Mỹ
Rise of Kingdoms,Chữ tượng hình thuộc hệ thống chữ viết chính thức của quốc gia nào?,Ai Cập cổ đại
Rise of Kingdoms,Lục địa nào có nhiệt độ trung bình thấp nhất?,Nam Cực
Rise of Kingdoms,Câu nào sau đây là của Tomoe Gozen?,Sức mạnh của ta đến ma quỷ cũng phải kinh hoàng
Rise of Kingdoms,Da gấu Bắc Cực có màu gì?,Đen
Rise of Kingdoms,Ai là thầy giáo của Plato?,Socrates
Rise of Kingdoms,Công Nghệ Liên Minh “Người Bảo Vệ Lãnh Thổ” tăng đặc tính nào của đội quân khi chiến đấu trong lãnh thổ Liên Minh?,Tấn công
Rise of Kingdoms,Buff nào sau đây có hiệu lực trong trận chiến Hẻm Núi Hoàng Hôn?,Buff từ trang bị
Rise of Kingdoms,"Quốc tịch của Pierre de Fermat, người đề xuất Định Lý Cuối Cùng Của Fermat là?",Pháp
Rise of Kingdoms,Cuốn sách cuối cùng của Darwin chủ yếu thảo luận về ảnh hưởng của loài vật nào đối với đất?,Giun đất
Rise of Kingdoms,Mô tả nào sau đây là chính xác về tầng bình lưu?,Ở trên ấm ở dưới lạnh
Rise of Kingdoms,Ai là người đã thiết kế “Pháo Basilic”?,Urban
Rise of Kingdoms,Nền văn minh nào sau đây không thể tăng sức mạnh cho kỵ binh?,Ottoman
Rise of Kingdoms,Vị vua duy nhất của nước Anh bị xử tử là ai?,Charles I
Rise of Kingdoms,Người thợ mộc trứ danh Lỗ Ban đã phát minh ra công cụ hữu ích nào?,Cưa
Rise of Kingdoms,Đáp án nào sau đây KHÔNG tăng giới hạn thành viên của Liên Minh?,Bổ nhiệm sĩ quan
Rise of Kingdoms,Hành tinh nào trong hệ mặt trời quay nhanh nhất?,Sao Mộc
Rise of Kingdoms,Lựa chọn nào sau đây là “Kỹ Năng Chủ Động” của Minamoto no Yoshitsune?,Kyohachiryu
Rise of Kingdoms,Ai đã thành lập “Hạm đội Tây Ban Nha”?,Philip II
Rise of Kingdoms,Ai đã chỉ huy Quân đội kiểu mới do Quốc hội thành lập trong cuộc Nội Chiến Anh?,Cromwell
Rise of Kingdoms,Vật phẩm Tăng Cường Tấn Công (Cao Cấp) sẽ tăng tấn công lên bao nhiêu?,10%
Rise of Kingdoms,Quốc gia nào sau đây gần Bắc Cực nhất?,Phần Lan
Rise of Kingdoms,Di Sản Thế Giới Đội Quân Đất Nung được tìm thấy ở đâu?,Trong lăng mộ hoàng gia
Rise of Kingdoms,Người phụ nữ đầu tiên đoạt giải Nobel là ai?,Marie Curie
Rise of Kingdoms,Thần Taranis trong thần thoại Celtic là vị thần nào?,Thần Sấm
Rise of Kingdoms,Giải Gấu Vàng được trao tại liên hoan phim nào?,Liên hoan phim Berlin
Rise of Kingdoms,Tôn hiệu của vị hoàng đế cuối cùng của triều đại nhà Thanh của Trung Quốc là gì?,Tuyên Thống
Rise of Kingdoms,Đâu là thành phố lớn nhất Vương Quốc Anh tính theo diện tích?,London
Rise of Kingdoms,Pablo Picasso sinh ra ở đâu?,Iberia
Rise of Kingdoms,Mục đích ban đầu của Đại kim tự tháp Giza là gì?,Lăng mộ của Pharaoh Khufu
Rise of Kingdoms,Ashoka Đại đế là vị vua của vương quốc Ấn Độ cổ đại nào?,Maurya
Rise of Kingdoms,Chỉ huy nào được biết đến với tên gọi “Búa Bất Diệt”?,Charles Martel
Rise of Kingdoms,Công trình nào sau đây là công trình kinh tế?,Trung Tâm Liên Minh
Rise of Kingdoms,Kỹ năng nào sau đây KHÔNG phải là một trong các kỹ năng của Tào Tháo ?,Trận Chiến Đau Buồn
Rise of Kingdoms,Nền kinh tế Ai Cập chủ yếu dựa vào điều gì?,Nông nghiệp
Rise of Kingdoms,Ai là người đã chinh phục “Vương quốc Vandal và Alan” trong chiến tranh Vandal?,Belisarius
Rise of Kingdoms,Động vật lớn nhất hành tinh là?,Cá voi xanh
Rise of Kingdoms,Richard Tim Sư Tử và Saladin đã ký thỏa thuận ngừng bắn vào năm nào?,1192
Rise of Kingdoms,Gà trống Gaul là biểu tượng quốc gia chính thức của nước nào?,Pháp
Rise of Kingdoms,Biệt danh trong trò chơi của Cleopatra VII là gì?,Nữ Hoàng Ai Cập
Rise of Kingdoms,"Trong truyền thuyết Arthur, nữ hoàng Guinevere đã yêu Hiệp Sĩ Bàn Tròn nào?",Lancelot
Rise of Kingdoms,Hoạt động nào dưới đây KHÔNG thưởng Tín Dụng Cá Nhân?,Tấn công Người Man Rợ
Rise of Kingdoms,Thành phần chính trong muối là gì?,Natri clorua
Rise of Kingdoms,"Trong Chiếc Rương của Thần Osiris, Chiếc rương cần được lấy ở đâu?",Một tòa nhà không phải của kẻ địch
Rise of Kingdoms,Cầu Dom Luís I của Bồ Đào Nha nối liền hai thành phố nào?,"Porto, Vila Nova de Gaia"
Rise of Kingdoms,Đế quốc Mughal đã mang đạo Hồi đến đâu?,Hầu hết Ấn Độ
Rise of Kingdoms,Nhân vật nào sau đây KHÔNG phải là một trong “Ngũ Hiền Đế” của triều đại Nerva-Antonine trong lịch sử La Mã cổ đại?,Commodus
Rise of Kingdoms,"Được tạo ra lần đầu tiên ở Hy Lạp cổ đại, lời thề Hippocrates áp dụng cho nghề nghiệp nào?",Bác sĩ
Rise of Kingdoms,Tài nguyên nào sau đây không có trong quần jean?,Chì
Rise of Kingdoms,"Trong truyện tranh của hãng DC, tên thật của Batman là gì?",Bruce Wayne
Rise of Kingdoms,Ai đã viết “Yến Hội”?,Plato
Rise of Kingdoms,Tháp Kim Mậu ở Thượng Hải cao bao nhiêu tầng?,88
Rise of Kingdoms,Công ty Walt Disney có trụ sở tại bang nào?,California
Rise of Kingdoms,"“Trận Phì Thủy”, trận đánh mà một số lượng nhỏ binh lính đã chiến thắng một lực lượng khổng lồ hơn hẳn, diễn ra vào thời đại nào của lịch sử Trung Quốc?",Nhà Đông Tấn
Rise of Kingdoms,Công nghệ nào nằm ngay trước Kiếm Sĩ?,Gia công sắt
Rise of Kingdoms,"Pierre de Coubertin, người sáng lập Ủy ban Olympic Quốc tế, đã giữ danh hiệu nào?",Nam tước
Rise of Kingdoms,Chỉ huy nào thường được coi là minh chứng cho lý tưởng của “Tinh thần Bushido”?,Kusunoki Masashige
Rise of Kingdoms,Phát minh nào sau đây KHÔNG ra đời trong cuộc Cách Mạng Công Nghiệp lần thứ nhất?,Điện thoại
Rise of Kingdoms,Ai đã giết Hector và Achilles đã chết như thế nào?,"Achilles, Mũi tên xuyên qua gót chân"
Rise of Kingdoms,Xu đạp du nhập vào Châu Âu vào thế kỷ nào?,Thế kỷ 19
Rise of Kingdoms,Tiểu thuyết Tam Quốc Diễn Nghĩa bắt đầu tại gần cuối triều đại nào của Trung Quốc?,Hán
Rise of Kingdoms,"Somme, chiến trường khét tiếng nhất trong Thế Chiến Thứ Nhất, nằm ở quốc giá nào?",Pháp
Rise of Kingdoms,Công nghệ nào sau đây KHÔNG phải là tiền đề của Công Nghệ Quân Sự Bản Đồ?,Đạn Đạo
Rise of Kingdoms,Nhà soạn nhạc nào đã viết vở opera “Chiếc nhẫn của người Nibelung”?,Wagner
Rise of Kingdoms,"Chỉ huy nào sau đây là người cai trị thực sự vương quốc của mình, nhưng chưa bao giờ chính thức là một hoàng đế?",Charles Martel
Rise of Kingdoms,Cuộc Chiến Trăm Năm giữa Anh và Pháp kéo dài bao lâu?,116 năm
Rise of Kingdoms,"Trong thần thoại Hy Lạp cổ đại, ai là cha của Hermes?",Zeus
Rise of Kingdoms,"Khi Achilles từ chối chiến đấu, Patroclus đã mặc áo giáp của Achilles, chiến đấu với quân Troia và chết, Patroclus bị giết bởi ai?",Hector
Rise of Kingdoms,Minamoto no Yoshitsune đã cùng ai xây dựng một đội quân để chiến đấu với Taira no Kiyomori?,Minamoto no Yoritomo
Rise of Kingdoms,Tác phẩm của dàn nhạc “1812 Overture” được sáng tác để tưởng nhớ chiến thắng của ai?,Đế Quốc Nga
Rise of Kingdoms,Căn bệnh nào sau đây có thể là do thiếu Vitamin D?,Còi Xương
Rise of Kingdoms,Spartacus khi còn là nô lệ đã làm công việc gì trước khi lãnh đạo cuộc nổi dậy của nô lệ lớn nhất ở La Mã đổ đại?,Đấu sĩ
Rise of Kingdoms,Chỉ số nào sau đây giảm xuống có thể biểu thị trạng thái gần hơn với trạng thái chân không?,Áp suất không khí
Rise of Kingdoms,Tại sao y tá người Anh Florence Nightingale được gọi là “Người phụ nữ cầm đèn”?,Bà thường kiểm tra bệnh nhân vào ban đêm
Rise of Kingdoms,Hiệu ứng nào sau đây KHÔNG phải do kỹ năng của Æthelflæd,Chữa lành đơn vị bị thương nhẹ
Rise of Kingdoms,Công trình nào sau đây là công trình quân sự,Trại Trinh sát
Rise of Kingdoms,Quốc gia nào sau đây KHÔNG phải là một “quốc gia vùng đất thấp” của Châu Âu?,Vương Quốc Anh
Rise of Kingdoms,La Mã cổ đại và đế chế cổ đại nào đã chiến đấu trong Chiến tranh Punic?,Carthage cổ đại
Rise of Kingdoms,Chương trình “Late Show with David Letterman” được công chiếu lần đầu tiên vào năm nào?,1993
Rise of Kingdoms,Bảng chữ cái Hy Lạp có nguồn gốc từ hệ chữ viết nào?,Tiếng Phoenicia
Rise of Kingdoms,Nhà lãnh đạo quân sự Charles Martel KHÔNG được biết đến với chức vụ nào sau đây?,Lãnh đạo đơn vị kỵ binh
Rise of Kingdoms,Hoạt động nào dưới đây là một giai đoạn trong sự kiện Thống đốc hùng mạnh nhất?,Đánh bại kẻ thù
Rise of Kingdoms,"Trong thần thoại Bắc Âu, Cây Thế Giới là loại cây nào?",Cây tần bì
Rise of Kingdoms,Tù trưởng nào trong sự kiện “Khủng Hoảng Ceroli” giỏi về ma thuật độc?,Dekar
Rise of Kingdoms,Tên của eo biển Thổ Nhĩ Kỳ phân chia châu Âu với châu Á là gì?,Bosphorus
Rise of Kingdoms,Đơn vị nào nhận được lợi ích mạnh mẽ từ kỹ năng “Bật Thầy Chiến Lược” của Tôn Tử?,Bộ binh
Rise of Kingdoms,Công nghệ nào sau đây xuất hiện trước “Thuật Cưỡi Ngựa”?,Kỹ Luật Quân Đội
Rise of Kingdoms,Sự thích nghi đến từ?,Cả đột biến và tái tổ hợp di truyền
Rise of Kingdoms,FIFA World Cup được tổ chức bao lâu một lần?,4 năm một lần
Rise of Kingdoms,Biểu tượng nào sau đây KHÔNG phải là một phần trong lá cờ Mexico?,Lạc đà
Rise of Kingdoms,Điểm quy tụ của cuộc Thập tự chinh đầu tiên là ở đâu?,Constantinople
Rise of Kingdoms,Chỉ huy nào được biết đến với tên gọi Người chinh phục Hỗn mang?,Tào Tháo
Rise of Kingdoms,Cuộc chiến tranh giành vương vị nước Anh giữa nhà Lancaster và York của nước Anh là cuộc chiến nào?,Cuộc chiến Hoa hồng
Rise of Kingdoms,Công nghệ nào nằm ngay trước Kỵ Binh Hạng Nặng?,Áo giáp vảy cá
Rise of Kingdoms,Bộ luật nào của Babylon là bộ luật thành văn đầu tiên trong lịch sử được ghi lại?,Bộ luật Hammurabi
Rise of Kingdoms,Einstein đã xuất bản bốn cuốn Annus Mirabilis(“Bài Báo Kỳ Diệu”) vào năm nào?,1905
Rise of Kingdoms,Nước nào đăng cai Thế vận hội Mùa đông đầu tiên vào ngày 25/01/1924?,Pháp
Rise of Kingdoms,Thánh địa nào sau đây thưởng tốc độ hành quân?,Thánh Đường Gió Lốc
Rise of Kingdoms,Zarathustra trong bài thơ giao hưởng “Thus Spoke Zarathustra” đến từ nước nào?,Ba Tư
Rise of Kingdoms,"Chỉ huy nào nổi tiếng với câu nói, “Ta đến, ta thấy, ta chinh phục”?",Julius Caesar
Rise of Kingdoms,"Kể từ khi thành lập vào năm 1963, Ủy ban Chữ thập đỏ Quốc tế đã đoạt giải Nobel Hòa bình bao nhiêu lần?",3
Rise of Kingdoms,“Năm ánh sáng” là đơn vị đo?,Khoảng cách
Rise of Kingdoms,"Trong cuộc chiến thành Troia, chiến binh Hy Lạp nào đã giết Hector?",Achilles
Rise of Kingdoms,Nền văn minh nào có nhà vệ sinh công cộng đầu tiên?,La Mã cổ đại
Rise of Kingdoms,Ai là người đã sáng lập “Vương Quốc Malacca”?,Parameswara
Rise of Kingdoms,"Ở Tòa Thị Chính cấp 17 trở lên, các thống đốc có thể phái đi bao nhiêu đội quân?",4
Rise of Kingdoms,"Bạn có thể hỗ trợ đồng minh xây dựng/nâng cấp công trình, nghiên cứu công nghệ và chữa lành đội quân. Tuy nhiên, mỗi hành động hỗ trợ sẽ làm đầy bao nhiêu phần của thanh tiến trình?","0,01"
Rise of Kingdoms,Gai xương rồng thực chất là một dạng biến đổi của bộ phận khác nào của cây?,Lá
Rise of Kingdoms,Nếu một người đàn ông thuộc nhóm máu AB và một người phụ nữ thuộc nhóm máu B có con với nhau thì câu nào sau đây là sai?,Đứa con có thể thuộc nhóm máu O
Rise of Kingdoms,Cần bao nhiêu Điểm Hoạt Động hàng ngày trong “Cuộn Giấy Lucerne” để nhận phần thưởng manh mối Quà Tặng Hàng Ngày?,50
Rise of Kingdoms,"Theo thần thoại Hy Lạp, ai là người đã đánh bại Nhân Sư?",Oedipus
Rise of Kingdoms,Chiến tranh Kế Vị Áo diễn ra khi nào?,1740-1748
Rise of Kingdoms,Ngày Elbe là ngày diễn ra cuộc gặp gỡ của hai quân đội nào trong Chiến tranh thế giới thứ hai?,"Hoa Kỳ, Liên Xô"
Rise of Kingdoms,Tại sao ếch và các sinh vật khác sinh rất nhiều trứng/con?,"Càng sinh nhiều con, chúng càng có khả năng sống sót."
Rise of Kingdoms,Khương Tử Nha đã giúp thành lập triều đại nào của Trung Quốc?,Nhà Chu
Rise of Kingdoms,Ai được coi là “Cha đẻ của Thế vận hội Olympic hiện đại”?,Pierre de Coubertin
Rise of Kingdoms,Chỉ huy nào sau đây là một nhân vật trong Chiến tranh Trăm Năm?,Joan xứ Arc
Rise of Kingdoms,"Mốc địa điểm nào ở Sydney, Úc có hình cánh buồm?",Nhà hát Opera Sydney
Rise of Kingdoms,"Trong thần thoại Hy Lạp, mối quan hệ giữa Zeus và Hermes là gì?",Cha và con
Rise of Kingdoms,Cấp Tọa Thị Chính cao nhất có thể đạt được trong RoK là cấp cao nhiêu?,25
Rise of Kingdoms,"Trong trang XEM CHỈ HUY, chỉ huy giữ vai trò “Lính Cảnh Binh” nhận được hiệu ứng tăng gì?",Không có đáp án nào chính xác
Rise of Kingdoms,Khi tòa thị chính của thống đốc đạt cấp 25 thống đốc có thể xây bao nhiêu trang trại,4
Rise of Kingdoms,"Trong thần thoại Hy Lạp, đâu là điểm yếu duy nhất của Achilles",Gót chân
Rise of Kingdoms,Chính khách nổi tiếng nào là tướng quân đầu tiên của Mạc Phủ Edo vào cuối thời Chiến quốc Nhật Bản?,Tokugawa leyasu
Rise of Kingdoms,Hoạt động nào sau đây cho điểm hoạt động hằng ngày?,Đánh bại quân man rợ
Rise of Kingdoms,Tòa nhà nào sau đây không thể nâng cấp?,Trạm đưa thư
Rise of Kingdoms,Mũi tên chống trả dùng để làm gì?,Nâng cấp Tháp canh
Rise of Kingdoms,Ông già Noel đi trên chiếc xe trượt tuyết được kéo bởi con vật nào?,Tuần lộc
Rise of Kingdoms,Vua của vương quốc là người nào?,Thủ lĩnh của Liên minh đã chinh phục Đền thờ thất thủ
Rise of Kingdoms,Bộ thơ anh hùng ca “Iliad” của Homer tập trung vào các sự kiện xảy ra trong cuộc chiến hay trận đánh nào?,Cuộc chiến thành Troia
Rise of Kingdoms,"Ai đã đề xuất ý tưởng triết học “Tôi tư duy, nên tôi tồn tại”?",Descartes
Rise of Kingdoms,Làm thế nào để kiếm Điểm Công Nghệ Liên Minh?,Đóng góp cho nghiên cứu Công nghệ liên minh
Rise of Kingdoms,Kiến trúc nào sau đây được xây dựng theo lệnh của Shah Jahan để tưởng nhớ người vợ Mumtaz Mahal?,Taj Mahal
Rise of Kingdoms,Thành phố nào sau đây ở Brazil đã đăng cai Thế Vận Hội Olympic?,Rio de Janeiro
Rise of Kingdoms,Nhà thiên văn nào đã đề xuất thuyết nhật tâm vào thế kỷ 16?,Nicolaus Copernicus
Rise of Kingdoms,Nhà thám hiểm người Bồ Đào Nha là người Châu Âu đầu tiên đi thuyền đến mũi phía nam Châu Phi?,Bartolomeu Dias
Rise of Kingdoms,Chỉ huy Lohar sinh ra ở đâu?,Một bộ lạc man rợ xa xôi
Rise of Kingdoms,"Ngoài “Số Trinh Sát” và “Sức Mạnh”, thông số nào sau đây của Trại Trinh Sát cũng có thể được nâng cấp?",Tốc Độ Hành Quân của Trinh Sát và Phạm Vi Do Thám
Rise of Kingdoms,Tại sao bệnh scurvy từng là một vấn đề thường thấy đối với các thủy thủ?,Thiếu trái cây tươi và rau quả trong những chuyến đi dài
Rise of Kingdoms,Hoạt động nào sau đây KHÔNG cho điểm Kinh nghiệm chỉ huy?,Tấn công người chơi khác
Rise of Kingdoms,Loại đơn vị nào chống Kỵ binh hiệu quả?,Bộ binh
Rise of Kingdoms,Hoàng đế của Đệ Nhất Đế chế Pháp là ai?,Napoléon Bonaparte
Rise of Kingdoms,Ai là người được Ấn Độ trao danh hiệu “Mahatma”?,Mohandas Karamchand Gandhi
Rise of Kingdoms,"Ở Ai Cập Cổ Đại, điều nào sau đây KHÔNG phải là một đặc quyền của “Người ghi chép”?",Miễn chi phí khám chữa bệnh nếu ốm đau
Rise of Kingdoms,Móng tay người được làm từ chất liệu gì?,Alpha-keratin
Rise of Kingdoms,Chủng người tiền sử có tên là “homo floresiensis” còn được gọi phổ biến bằng cái tên nào?,Hobbit
Rise of Kingdoms,Cầu thủ bóng đá Lionel Messi có thời gian phục vụ lâu nhất cho câu lạc bộ nào?,Barcelona
Rise of Kingdoms,Nhạc reggae bắt nguồn từ đâu?,Jamaica
Rise of Kingdoms,Ai là người đã nghĩ ra ý tưởng Ngựa Troia? Ai đã chiến thắng Cuộc chiến thành Troia?,Odysseus; Người Hy Lạp
Rise of Kingdoms,Câu hỏi Học Giả Vô Song Rok,️ Câu
Rise of Kingdoms,"Sau khi học viên Vườn Trí Tuệ Lyceum học xong bài, họ sẽ trở về công trình nào trong thành phố",Học Viện
Rise of Kingdoms,Năm nhuận có bao nhiêu ngày?,366 ngày
Rise of Kingdoms,Chủ đề thành phố nào trong giống như một phương tiện giao thông?,Ngự hải chinh phong
Rise of Kingdoms,"Trong truyện tranh của hãng DC, Nhân vật Batman tên thật là gì?",Bruce Wayne
Rise of Kingdoms,"Trong Rok, chỉ huy nào sao đây giỏi dẫn dắt đơn vị bao vây?",Margaret I
Rise of Kingdoms,Toà thị chính phải đạt cấp bao nhiêu thì mới có thể lên Thời Kỳ Đồ Sắt?,Cấp 10
Rise of Kingdoms,“Machu Picchu” là di tích nổi bật của nền văn minh nào?,Người Inca
Rise of Kingdoms,“Đồng Vạn Thành” là thủ đô của dân tộc nào ở Trung Quốc cổ đại?,Người Hung Nô
Rise of Kingdoms,Việc giảm số liệu nào sau đây có thể cho thấy trạng thái chân không đang ngày càng gần hơn?,Áp suất không khí
Rise of Kingdoms,"Theo câu chuyện về Sói cái trong thần thoại La Mã, điều gì đã xảy ra với cặp song sinh mà cô nuôi dưỡng, Romulus và Remus?",Romulus trở thành người sáng lập và vị vua đầu tiên của Rome
Rise of Kingdoms,"Ưu điểm của máy in của Johannes Gutenberg bao gồm tất cả những điều sau đây, ngoại trừ",Tăng quyền lực của nhà thờ
Rise of Kingdoms,"Sau khi Venus Flytrap bắt côn trùng, nó tiêu hóa và hấp thụ con mồi như thế nào?",Mặt trong của lá tiết ra dịch tiêu hóa
Rise of Kingdoms,"Sau khi thành lập vào thế kỷ thứ 6 trước Công nguyên, cơ quan nào của Cộng hòa La Mã đóng vai trò là quốc hội tư vấn?",Thượng viện
Rise of Kingdoms,Lịch sử Ai Cập cổ đại trải qua bao nhiêu vương quốc?,"3 – Cũ, Trung, Mới"
Rise of Kingdoms,"Ngoài “Số lượng Hướng đạo sinh” và “Sức mạnh”, thông số nào sau đây của Trại Hướng đạo cũng có thể được nâng cấp?",Phạm vi thám hiểm và tốc độ trinh sát tháng 3
Rise of Kingdoms,Vật phẩm Quân đánh lạc hướng làm giả thông tin nào sau đây cho trinh sát kẻ thù?,Số lượng đơn vị trong thành phố của bạn
Rise of Kingdoms,"Trong sự kiện Khủng hoảng Ceroli, tù trưởng nào giỏi về ma thuật độc",Dekar
Rise of Kingdoms,"Ngoài “Số lần bạn có thể được giúp đỡ” và “Sức mạnh”, thông số nào sau đây của Trung tâm Liên minh cũng có thể được nâng cấp?",Năng lực quân tăng cường
Rise of Kingdoms,Ashoka vĩ đại là vua của vương quốc cổ đại nào?,Triều đại Maurya
Rise of Kingdoms,Ở cấp độ VIP nào bạn có thể mở khóa vĩnh viễn hàng đợi tòa nhà thứ hai?,Cấp 6
Rise of Kingdoms,"Trước khi lãnh đạo cuộc nổi dậy nô lệ lớn nhất của La Mã cổ đại, Spartacus là gì?",Đấu sĩ
Rise of Kingdoms,Bông cải xanh giàu vitamin nào?,Vitamin C
Rise of Kingdoms,Gai xương rồng thực chất là một dạng biến đổi của bộ phận nào khác của cây?,Lá
Rise of Kingdoms,Charles Macintosh đã chế tạo ra phiên bản đầu tiên của áo mưa từ chất liệu nào?,Cao su
Rise of Kingdoms,"Định dạng hài kịch phác thảo xuyên âm của Trung Quốc bắt nguồn từ ba địa điểm: Tianqiao ở Bắc Kinh, Quanty Bazaar ở Thiên Tân và ở đâu ở Nam Kinh?",Fuzimiao
Rise of Kingdoms,Thiên Đàn của Trung Quốc được xây dựng dưới triều đại của vị hoàng đế nào?,Hoàng đế Vĩnh Lạc (Chu Di)
Rise of Kingdoms,Cuốn sách las của Darwin chủ yếu thảo luận về ảnh hưởng của loài nào đến đất?,Giun đất
Rise of Kingdoms,"Trong thời Chiến Quốc của Trung Quốc, nước nào đã đánh bại sáu nước còn lại và xây dựng nên đế chế Trung Hoa thống nhất?",Tần
Rise of Kingdoms,"Trong thời Phục hưng, tại sao Florence lại có ý nghĩa quan trọng?",Nơi sinh của thời Phục hưng
Rise of Kingdoms,"Trong Chiến tranh Punic lần thứ hai, trong trận chiến nào Hannibal đông hơn rất nhiều đã đánh bại quân đội La Mã?",Trận chiến Cannae
Rise of Kingdoms,"Trong cuộc chiến thành Troy, chiến binh Hy Lạp nào đã giết Hector?",Achilles
Rise of Kingdoms,Đấu trường La Mã được hoàn thành vào triều đại của hoàng đế nào?,Tít
Rise of Kingdoms,Trong mùa nào đêm tương đối ngắn và ngày tương đối dài?,Mùa hè
Rise of Kingdoms,"Edward VIII trở thành Vua nước Anh vào tháng 1 năm 1936. Cuối năm đó, ông từ bỏ ngai vàng vào tháng nào?",Tháng 12
Rise of Kingdoms,Nền kinh tế Ai Cập chủ yếu dựa vào cái gì?,Nông nghiệp
Rise of Kingdoms,Nền kinh tế Ai Cập chủ yếu dựa vào?,Nông nghiệp
Rise of Kingdoms,Người Ai Cập làm giấy từ chất liệu nào?,Giấy cói
Rise of Kingdoms,Ngày Elbe là cuộc gặp gỡ của hai đội quân nào trong Thế chiến thứ hai?,"Mỹ, Liên Xô"
Rise of Kingdoms,Anh trai của Zeus,Poseidon
Rise of Kingdoms,Trang bị có phần thưởng tài năng đặc biệt sẽ được tăng cường thuộc tính bao nhiêu phần trăm khi trang bị cho người chỉ huy có tài năng tương ứng?,30%
Rise of Kingdoms,"Kính mắt được cấu tạo từ thạch anh, cát và những gì?",Dầu mỏ
Rise of Kingdoms,Vị tướng đầu tiên của Mạc phủ Edo?,Tokugawa Ieyasu
Rise of Kingdoms,"Edward Jenner, cha đẻ của ngành miễn dịch học, đã phát triển vắc-xin cho căn bệnh nào?",Bệnh đậu mùa
Rise of Kingdoms,Người sáng lập Edo Bakufu,Tokugawa Ieyasu
Rise of Kingdoms,Pháp và Đức đều từng là một phần của Vương quốc phong kiến ​​nào?,Pháp
Rise of Kingdoms,Ngày Quốc khánh Pháp 14/7 trùng với sự kiện lịch sử nào?,Tấn công Bastille
Rise of Kingdoms,"Từ thế kỷ 17 đến thế kỷ 19, Vương quốc Phổ chủ yếu nằm ở quốc gia hiện đại nào?",Nước Đức
Rise of Kingdoms,"Từ thế kỷ 8 đến thế kỷ 11 CN, người châu Âu thường gọi những kẻ xâm lược Scandinavia thường xuyên tàn phá vùng đất của họ là gì?",Người Viking
Rise of Kingdoms,Thí nghiệm Tháp nghiêng Pisa của Galileo đã lật đổ lý thuyết của nhà khoa học Hy Lạp cổ đại nào?,Aristote
Rise of Kingdoms,"Được tổ chức vào năm 1929, lễ trao giải Oscar (“Giải Oscar”) đầu tiên kéo dài bao lâu?",15 phút
Rise of Kingdoms,Henry I lên ngôi nước Anh vào năm 1100 sau đó người thân nào qua đời?,Anh trai của anh ấy
Rise of Kingdoms,Người chỉ huy nào sau đây xuất sắc trong việc lãnh đạo Calvary?,Minamoto no Yoshitsune
Rise of Kingdoms,Chữ tượng hình là một phần của hệ thống chữ viết chính thức của quốc gia nào?,Ai Cập cổ đại
Rise of Kingdoms,‘The Iliad’ của Homer tập trung vào các sự kiện xảy ra trong cuộc chiến hay trận chiến nào?,Cuộc chiến thành Troy
Rise of Kingdoms,Saladin đã thay đổi Trung Đông như thế nào?,Palestine
Rise of Kingdoms,Làm thế nào để bạn nhận được tín dụng Công nghệ Liên minh?,Bằng cách quyên góp cho Liên minh
Rise of Kingdoms,Cuộc chiến Trăm Năm kéo dài bao lâu?,116 năm
Rise of Kingdoms,Thời gian tăng cường “Mở rộng quân đội cơ bản” kéo dài bao lâu?,4 giờ
Rise of Kingdoms,Vật phẩm Tuyển dụng Thợ xây kéo dài bao lâu?,2 ngày
Rise of Kingdoms,Một thống đốc có thể có bao nhiêu điểm hành động?,1000
Rise of Kingdoms,Một người trưởng thành có bao nhiêu xương?,206
Rise of Kingdoms,Bạn cần bao nhiêu Điểm hoạt động hàng ngày trong “Lucerne Scrolls” để nhận phần thưởng manh mối Quà tặng hàng ngày?,50
Rise of Kingdoms,Có bao nhiêu Chỉ huy Tinh nhuệ trong trò chơi?,5
Rise of Kingdoms,Mỗi bàn tay của nhân vật hoạt hình chuột Mickey có bao nhiêu ngón tay?,4
Rise of Kingdoms,Tôi nên trang bị bao nhiêu vật phẩm cùng chất lượng để hoàn thành “Sẵn sàng chiến đấu”?,6
Rise of Kingdoms,Có bao nhiêu chữ cái được sử dụng trong phiên bản tiếng Anh ngày nay?,26
Rise of Kingdoms,Jesse Owens người Mỹ gốc Phi đã giành được bao nhiêu huy chương vàng Olympic vào năm 1936?,4
Rise of Kingdoms,Sự kiện The Mightiest Governor có bao nhiêu giai đoạn?,5
Rise of Kingdoms,Có bao nhiêu rương phần thưởng được trao khi đạt 60 điểm hoạt động hàng ngày?,3
Rise of Kingdoms,Đế chế Mông Cổ đã bị chia cắt thành bao nhiêu hãn quốc hoặc đế chế riêng biệt vào thời điểm Hốt Tất Liệt qua đời vào năm 1294?,4
Rise of Kingdoms,Bạn có thể nhận được trợ giúp liên minh bao nhiêu lần nếu trung tâm liên minh của bạn ở cấp 25?,30
Rise of Kingdoms,Ký tự 1 được sử dụng bao nhiêu lần khi bạn viết từ số 1 đến số 99?,20
Rise of Kingdoms,Thống đốc có thể cử bao nhiêu quân với Tòa thị chính cấp 17 trở lên?,4
Rise of Kingdoms,Bạn có thể mua bao nhiêu điểm VIP với 200 viên đá quý?,200
Rise of Kingdoms,Có bao nhiêu năm cách nhau giữa mỗi Thế vận hội Olympic mùa đông?,4
Rise of Kingdoms,Vật phẩm Tấn công nâng cao (Nâng cao) sẽ tăng sức tấn công của bạn đến mức nào?,10%
Rise of Kingdoms,Vật phẩm Thu thập Nâng cao sẽ tăng tốc độ thu thập của bạn lên bao nhiêu?,50%
Rise of Kingdoms,Kinh thánh Gutenberg được đưa vào sản xuất hàng loạt như thế nào?,Máy in loại di động
Rise of Kingdoms,"Năm 1998, Giải vô địch bóng đá thế giới lần thứ 16 được tổ chức ở nước nào?",Pháp
Rise of Kingdoms,"Ở Ai Cập cổ đại, điều nào sau đây KHÔNG phải là đặc quyền của ‘Người ghi chép’?",Miễn thanh toán chi phí y tế nếu bị bệnh
Rise of Kingdoms,"Ở Hy Lạp cổ đại, triết gia nào thích thảo luận về các ý tưởng trên một con phố mà lúc đó có biệt danh là Trường phái Peripatetic?",Aristote
Rise of Kingdoms,"Trong thần thoại Hy Lạp cổ đại, cha của Hermes là ai?",Thần Zeus
Rise of Kingdoms,"Trong thần thoại Hy Lạp cổ đại, ai là vợ của Hades, vua địa ngục?",Persephone
Rise of Kingdoms,Trong Ark of Osiris có thể sử dụng tính năng tăng tốc nào?,Tăng tốc độ chữa bệnh
Rise of Kingdoms,"Trong Ark of Osiris, liên minh đầu tiên chiếm giữ một đài tưởng niệm kiếm được bao nhiêu lần dịch chuyển?",8
Rise of Kingdoms,"Trong Ark of Osiris, bạn phải lấy Ark ở đâu?",Hộ tống Ark đến tòa nhà không có kẻ thù
Rise of Kingdoms,"Vào thời nhà Hán của Trung Quốc, ai đã mở Con đường tơ lụa theo lệnh của Hoàng đế Wu?",Trương Khiên
Rise of Kingdoms,"Trong thần thoại Hy Lạp, vị anh hùng nào đi tìm bộ lông cừu vàng?",Jason
Rise of Kingdoms,"Trong thần thoại Hy Lạp, hoàng tử thành Troia Paris đã tặng quả táo vàng có khắc hình nữ thần xinh đẹp nhất cho ai?",Aphrodite
Rise of Kingdoms,"Trong thần thoại Hy Lạp, Nữ thần Eos được gọi là gì?",Nữ thần bình minh
Rise of Kingdoms,"Trong thần thoại Hy Lạp, điểm yếu duy nhất của Achilles là gì?",Gót chân của anh ấy
Rise of Kingdoms,"Trong thần thoại Hy Lạp, con chó 3 đầu của Hades canh giữ cổng Địa ngục tên là gì?",Cerberus
Rise of Kingdoms,"Trong thần thoại Hy Lạp, vị anh hùng nào đã yêu cầu Bộ lông cừu vàng?",Jason
Rise of Kingdoms,"Trong mã Morse, độ dài dấu chấm giữa hai từ là bao nhiêu?",7
Rise of Kingdoms,"Trong hầu hết các trường hợp, loại muỗi nào sẽ uống máu động vật?",Muỗi cái
Rise of Kingdoms,"Trong hầu hết các trường hợp, loại sư tử nào có bờm?",Nam trưởng thành
Rise of Kingdoms,"Trong Thần thoại Bắc Âu, Cây Thế giới là loại cây gì?",Tro
Rise of Kingdoms,"Trong thần thoại Bắc Âu, chiếc búa Mjolnir thuộc về ai?",Thor
Rise of Kingdoms,"Trong thần thoại Bắc Âu, ai sử dụng vũ khí Gungnir?",Odin
Rise of Kingdoms,"Ở ROK, Cataphract là đơn vị đặc biệt của nền văn minh nào?",Byzantium
Rise of Kingdoms,"Ở ROK, Hwarang là đơn vị đặc biệt của nền văn minh nào?",Hàn Quốc
Rise of Kingdoms,"Ở Hàn Quốc, Ném Rìu là đơn vị đặc biệt của nền văn minh",Pháp
Rise of Kingdoms,"Trong lịch sử nước Nga, Sa hoàng đầu tiên được đặt cho biệt danh nào vì sự chuyên chế của họ?",Ivan khủng khiếp
Rise of Kingdoms,"Trong Sách Xuất Hành, ai là người dẫn dắt dân Do Thái đến Đất Hứa?",Môi-se
Rise of Kingdoms,"Trong trang Chế độ xem Chỉ huy, các chỉ huy đóng vai trò là “Đội trưởng tiên phong” nhận được buff gì?",1% Tấn công tập hợp & Tốc độ tập hợp quân hành quân
Rise of Kingdoms,"Trong trang Chế độ xem chỉ huy, các chỉ huy đóng vai trò là “Lính bảo vệ giáp sắt” nhận được buff gì?",1% máu quân đội
Rise of Kingdoms,"Trong trang Chế độ xem chỉ huy, các chỉ huy đóng vai trò là “Đốc Quân” nhận được buff gì?",1% Phòng thủ và máu của quân đội
Rise of Kingdoms,"Trong trang Chế độ xem chỉ huy, các chỉ huy đóng vai trò là “Lính cảnh binh” nhận được buff gì?",Tăng và sát thương 5% XP so với Barbarians (không có câu
Rise of Kingdoms,"Trong trang Chế độ xem chỉ huy, các chỉ huy đóng vai trò là “Đội trưởng cung ứng” nhận được buff gì?",5% tốc độ thu thập và tải quân
Rise of Kingdoms,"Trong trang Chế độ xem chỉ huy, các chỉ huy đóng vai trò là “Nhân viên thuế quan” nhận được buff gì?",Tốc độ thu thập 5%
Rise of Kingdoms,"Trong trang Chế độ xem Chỉ huy, các chỉ huy đóng vai trò là “thợ khoan” sẽ nhận được buff gì?",Tấn công quân đội 1%
Rise of Kingdoms,Trận chiến Marengo diễn ra ở quốc gia nào?,Ý
Rise of Kingdoms,“Trận chiến sông Phỉ” diễn ra vào thời đại nào trong lịch sử Trung Quốc khi một số ít binh sĩ đã chinh phục được một lực lượng vượt trội hơn rất nhiều?,Nhà Đông Tấn
Rise of Kingdoms,Einstein xuất bản bốn Annus Mirabilis (“Giấy tờ thần kỳ”) vào năm nào?,1905
Rise of Kingdoms,Tượng Nàng Tiên Cá của Đan Mạch nằm ở thành phố nào?,Copenhagen
Rise of Kingdoms,Cuộc chiến tranh Carlist diễn ra ở quốc gia nào trong thế kỷ 19?,Tây ban nha
Rise of Kingdoms,Stonehenge bí ẩn nằm ở quốc gia nào?,Vương quốc Anh
Rise of Kingdoms,Máy điều hòa được phát minh ở nước nào?,Hoa Kỳ
Rise of Kingdoms,"Tập đoàn Carlsberg, nhà sản xuất bia hàng đầu, được thành lập vào năm 1847 ở quốc gia nào?",Đan Mạch
Rise of Kingdoms,Nhà chiến lược quân sự và cách mạng nổi tiếng Simón Bolívar sinh ra ở nước nào?,Venezuela
Rise of Kingdoms,Kính hiển vi được phát minh ở nước nào?,Hà Lan
Rise of Kingdoms,"Somme, chiến trường nổi tiếng nhất trong Thế chiến thứ nhất, nằm ở quốc gia nào?",Pháp
Rise of Kingdoms,Mì ăn liền được phát minh đầu tiên ở nước nào?,Nhật Bản
Rise of Kingdoms,“Star Chamber” tọa lạc ở cung điện nước Anh nào?,Cung điện Westminster
Rise of Kingdoms,Bức tranh Mona Lisa hiện đang được trưng bày ở phòng trưng bày nào?,Bảo tàng Louvre
Rise of Kingdoms,Đế chế Srivijaya nằm ở khu vực nào?,Đông Nam Á
Rise of Kingdoms,Bản giao hưởng số 5 cung C thứ của Beethoven được ra mắt tại nhà hát nào vào năm 1808?,Nhà hát an der Wien
Rise of Kingdoms,The Beatles được thành lập vào năm 1960 ở thành phố nào của Vương quốc Anh?,Liverpool
Rise of Kingdoms,Alexander Fleming đã khám phá ra penicillin vào năm nào?,1928
Rise of Kingdoms,Richard và Saladin ký hiệp định đình chiến vào năm nào?,1192
Rise of Kingdoms,Richard the Lionheart và Saladin ký hiệp định đình chiến vào năm nào?,1192
Rise of Kingdoms,Trận Quan Độ diễn ra vào năm nào?,200
Rise of Kingdoms,Ấn bản đầu tiên của “Nhật ký Anne Frank” được xuất bản vào năm nào?,1947
Rise of Kingdoms,Giải quần vợt Wimbledon đầu tiên được tổ chức vào năm nào?,1877
Rise of Kingdoms,Bộ luật Napoléon được ban hành vào năm nào?,1804
Rise of Kingdoms,Ăn không đủ nguyên tố nào có thể gây ra bệnh phì đại tuyến giáp?,Iốt
Rise of Kingdoms,Nguyên nhân địa hình núi đá vôi,Sự hòa tan của đá hòa tan
Rise of Kingdoms,Keira từng thách thức sự kỳ vọng của thế giới về cô trong một trận chiến vẻ vang. Trận chiến này diễn ra ở đâu?,Hẻm núi hoàng hôn
Rise of Kingdoms,Không dung nạp Lactose là do thiếu chất gì?,Lactase
Rise of Kingdoms,"Vị chỉ huy huyền thoại của triều đại Joseon, Yi Sun-sin, đã hy sinh mạng sống trong trận chiến nổi tiếng nào?",Trận Noryang
Rise of Kingdoms,Thành phố đã mất,Người Inca
Rise of Kingdoms,Loại di động được sử dụng lần đầu tiên ở nước nào?,Trung Quốc
Rise of Kingdoms,Đột biến là sự thay đổi về cái gì?,ADN
Rise of Kingdoms,Đột biến rất quan trọng vì chúng mang lại kết quả gì?,Sự biến đổi di truyền cần thiết cho quần thể tiến hóa
Rise of Kingdoms,Quốc huy của Ireland,Đàn hạc
Rise of Kingdoms,Những người theo chủ nghĩa nhân văn phương Bắc như Erasmus được biết đến nhiều nhất vì điều gì?,Quan tâm đến tôn giáo và hình thức xã hội
Rise of Kingdoms,"Trong 12 con giáp của Trung Quốc, con nào đứng trước?",Chuột / Chuột
Rise of Kingdoms,"Trong số các chỉ huy dưới đây, tướng nào phù hợp nhất để dẫn quân CHỐNG LẠI kẻ thù là cung thủ?",Tào Tháo
Rise of Kingdoms,"Trong số các chỉ huy dưới đây, tướng nào phù hợp nhất để dẫn quân CHỐNG kỵ binh địch?",Tôn Tử
Rise of Kingdoms,"Trong số các chỉ huy dưới đây, ai là người phù hợp nhất để dẫn quân chống lại kẻ thù bộ binh?",Hermann
Rise of Kingdoms,"Trong số các chỉ huy dưới đây, ai là người phù hợp nhất để dẫn quân khi thu thập tài nguyên?",Seondeok
Rise of Kingdoms,"Trong các quốc gia sau đây, quốc gia nào có diện tích nhỏ nhất?",Thành phố Vatican
Rise of Kingdoms,"Trong số những điều sau đây, điều nào có nhiều khả năng trực tiếp dẫn đến Thời đại đồ đồng nhất?",Đồng cứng hơn và bền hơn các kim loại khác hiện có vào thời điểm đó.
Rise of Kingdoms,Biện pháp chính thức Martin Luther,Sắc lệnh của sâu bọ
Rise of Kingdoms,Phần cũ của đế chế mà đất nước châu Á đặt chân lên,Iran
Rise of Kingdoms,"Trong chuyến hành trình đầu tiên bi thảm, đích đến dự định của tàu Titanic là gì?",New York
Rise of Kingdoms,Người hầu đầu tiên sống ở lục địa nào?,Châu phi
Rise of Kingdoms,Loài người thường được cho là có nguồn gốc ở lục địa nào?,Châu phi
Rise of Kingdoms,Một “ngày” trên sao Kim xấp xỉ bằng bao nhiêu ngày trên trái đất?,243 ngày
Rise of Kingdoms,Gấu trúc có 5 ngón chân có móng vuốt cũng như ngón chân thứ sáu. Gấu trúc sử dụng chữ số thứ sáu để làm gì?,Để cầm tre khi ăn.
Rise of Kingdoms,Nữ hoàng Guinevere đã yêu Hiệp sĩ Bàn tròn nào theo truyền thuyết Arthurian?,Lancelot
Rise of Kingdoms,Nữ hoàng Victoria của Anh là thành viên của hoàng gia nào?,Ngôi nhà của Hannover
Rise of Kingdoms,Raphael được biết đến nhiều nhất với tác phẩm nào sau đây?,Trường học Athens
Rise of Kingdoms,Raphael được biết đến nhiều nhất?,Trường học Athens
Rise of Kingdoms,"Các họa sĩ thời Phục hưng ở Flanders, cũng như ở Ý, có xu hướng sáng tác loại tác phẩm nghệ thuật nào?",Thực tế
Rise of Kingdoms,Ông già Noel đi trên chiếc xe trượt tuyết do con vật nào kéo?,Tuần lộc
Rise of Kingdoms,"Kể từ khi thành lập năm 1863, Ủy ban Chữ Thập Đỏ Quốc tế đã bao nhiêu lần đoạt giải Nobel Hòa bình?",3
Rise of Kingdoms,“Trận Las Navas de Tolosa” là bước ngoặt lớn trong cuộc xung đột nào?,Người tái chinh phục
Rise of Kingdoms,Một số nhà sử học coi “Ngày Ngói” là ngày đánh dấu sự khởi đầu của Cách mạng Pháp. Nó diễn ra ở thành phố nào?,Grenoble
Rise of Kingdoms,“Dao cắt chuồn chuồn” là vũ khí được chiến binh huyền thoại nào lựa chọn?,Honda Tadakatsu
Rise of Kingdoms,“Nút thắt Windsor” được vị vua nào của nước Anh phổ biến?,Edward VIII
Rise of Kingdoms,Rương thành tích 1000 điểm bao gồm,Tác phẩm điêu khắc chỉ huy sử thi
Rise of Kingdoms,Không khí thường có cảm giác trong lành hơn sau cơn giông vì đã được làm giàu bằng khí nào?,Ôzôn
Rise of Kingdoms,“Giấc mơ Mỹ” bắt nguồn từ tài liệu nào sau đây?,Tuyên ngôn độc lập
Rise of Kingdoms,"Bastille, nhà tù từng nằm ở trung tâm Paris, Pháp, ban đầu phục vụ mục đích gì?",Pháo đài phòng thủ
Rise of Kingdoms,Bức tượng khổng lồ ở Rhodes mô tả vị thần mặt trời nào?,Helios
Rise of Kingdoms,Khái niệm “phân chia quyền lực” xuất phát từ tác phẩm nào của Montesquieu?,Tinh thần của pháp luật
Rise of Kingdoms,Gió hình nón của lốc xoáy có tác dụng gì?,Quay
Rise of Kingdoms,"Sự khác biệt giữa các loài, giống như các mỏ chim khác nhau, được gọi là",Các biến thể
Rise of Kingdoms,Hiện tượng “El Nino” được đặt theo tên của lễ hội nào sau đây?,Giáng sinh
Rise of Kingdoms,Mục đích biện minh cho phương tiện là niềm tin then chốt của tác giả “Hoàng tử”. Tên anh ấy là gì?,Machiavelli
Rise of Kingdoms,Sử thi “Bài thơ El Cid” có nguồn gốc từ nước nào?,Tây ban nha
Rise of Kingdoms,Quốc kỳ nước nào giữ kỷ lục thế giới là quốc kỳ được sử dụng liên tục lâu đời nhất?,Đan Mạch
Rise of Kingdoms,"Bốn vở nhạc kịch lớn nhất thế giới là Cats, Les Miserables, Miss Sài Gòn, và?",Bóng ma của nhà hát Opera
Rise of Kingdoms,"Bốn loại đàn Guzheng chính ở Trung Quốc cổ đại là Hao Zhong, Luqi, Jiaowei và…?",Nhiêu Lương
Rise of Kingdoms,"Asoka vĩ đại, vị vua của vương quốc Ấn Độ cổ đại",Maurya
Rise of Kingdoms,Bảng chữ cái Hy Lạp có nguồn gốc từ hệ thống chữ viết nào khác?,Người Phoenician
Rise of Kingdoms,“Tuần hành Độc lập” là quốc ca của nước nào?,Thổ Nhĩ Kỳ
Rise of Kingdoms,Danh hiệu ‘Nữ hoàng’ của vương quốc làm tăng điều nào sau đây?,Tốc độ tập hợp
Rise of Kingdoms,Nhà lãnh đạo quân sự Charles Martel KHÔNG được biết đến vì điều nào sau đây?,Đơn vị kỵ binh dẫn đầu
Rise of Kingdoms,Một quần thể càng có nhiều biến thể di truyền thì càng có nhiều khả năng một cá thể nào đó sẽ làm gì?,Tồn tại
Rise of Kingdoms,Đế quốc Mughal đã đưa đạo Hồi tới đâu?,Hầu hết Ấn Độ
Rise of Kingdoms,Tiểu thuyết Tam Quốc Diễn Nghĩa bắt đầu gần cuối triều đại Trung Hoa,Hàn
Rise of Kingdoms,Tiểu thuyết Tam Quốc Diễn Nghĩa bắt đầu vào gần cuối triều đại nào của Trung Quốc?,Hàn
Rise of Kingdoms,Pantheon là nơi chôn cất nhiều nghệ sĩ quan trọng kể từ thời Phục hưng. Nghệ sĩ nào sau đây được chôn cất ở đó?,Raphael
Rise of Kingdoms,Nền văn minh Phoenician có nguồn gốc ở khu vực nào trên thế giới?,Đông Địa Trung Hải
Rise of Kingdoms,Quá trình kết hợp các nguyên tử được gọi là gì?,Sự kết hợp
Rise of Kingdoms,Quá trình phân tách nguyên tử được gọi là,Sự phân hạch
Rise of Kingdoms,Cuộc chiến tranh Punic được tiến hành bởi La Mã cổ đại và Đế chế cổ đại nào khác?,Carthage cổ đại
Rise of Kingdoms,Thời kỳ Phục hưng là sự “tái sinh” của,Văn hóa cổ điển
Rise of Kingdoms,Câu nói “Đế chế mặt trời không bao giờ lặn” ban đầu được dùng để chỉ đế quốc của nước nào?,Tây ban nha
Rise of Kingdoms,Taj Mahal được xây dựng từ triều đại nào của Ấn Độ?,Triều đại Mughal
Rise of Kingdoms,"Ba nhà triết học vĩ đại của Hy Lạp cổ đại là Plato, Aristotle, và?",Socrates.
Rise of Kingdoms,"Ba vương quốc của Hàn Quốc nơi Bách Tế, Tân La và?",Goguryeo
Rise of Kingdoms,Người ném rìu là đơn vị đặc biệt của nền văn minh nào?,Pháp
Rise of Kingdoms,Hai thủ đô của Áo – Hungary là Budapest và?,Viên
Rise of Kingdoms,Zeppelin được phát minh bởi các kỹ sư từ nước nào?,Nước Đức
Rise of Kingdoms,“Đội cận vệ Varangian” thuộc về đội quân nào?,Quân đội Byzantine
Rise of Kingdoms,Ấn Độ đã trao danh hiệu mahatma cho ai?,Mohandas Karamchand Gandhi
Rise of Kingdoms,Khủng hoảng eo biển Thổ Nhĩ Kỳ chia cắt châu Âu và châu Á,Bosporus
Rise of Kingdoms,"Trong điều kiện bình thường, chúng ta có thể nhìn thấy lớp nào của mặt trời bằng mắt thường?",Quang quyển
Rise of Kingdoms,Loại đơn vị mạnh chống lại Bộ binh?,Cung thủ
Rise of Kingdoms,Wales chính thức trở thành một phần của Vương quốc Anh dưới thời trị vì của vị vua nào?,Vua Henry VIII
Rise of Kingdoms,Gia đình giàu có ở Florence,Thuốc
Rise of Kingdoms,“Tigris” được đặt theo tên của loài động vật nào trong tiếng Hy Lạp cổ đại?,Con hổ
Rise of Kingdoms,Mũi tên kháng chiến được sử dụng để làm gì?,Nâng cấp Tháp canh
Rise of Kingdoms,Sách Giao Ước dùng để làm gì?,Nâng cấp lâu đài
Rise of Kingdoms,Kích thước của sương mù được xóa sạch bởi vật phẩm trên Bản đồ Vương quốc là bao nhiêu?,10×10
Rise of Kingdoms,Những hình nón hình gió của cơn lốc xoáy nổi tiếng vì điều gì?,Quay
Rise of Kingdoms,Việc nghiên cứu “Toán học” ở Học viện mang lại lợi ích gì?,Tăng tốc độ nghiên cứu
Rise of Kingdoms,Công nghệ “Masonry” có thể giúp bạn cải thiện điều gì?,Tốc độ xây dựng các tòa nhà trong thành phố của bạn
Rise of Kingdoms,Điều gì gây ra cái chết của Pericles?,Một bệnh dịch.
Rise of Kingdoms,Điều gì đã gây ra cái chết của chính khách và chiến lược gia quân sự kiệt xuất Pericles?,Một bệnh dịch
Rise of Kingdoms,Nguyên nhân gây ra nguyệt thực?,Trái đất chuyển động trực tiếp giữa mặt trời và mặt trăng
Rise of Kingdoms,Nguyên nhân gây ra mùi đặc biệt trong không khí sau khi trời mưa?,Ảnh hưởng của xạ khuẩn
Rise of Kingdoms,Che Guevara đã học gì ở trường đại học?,Thuốc
Rise of Kingdoms,Spartacus đã làm gì khi còn là nô lệ trước khi lãnh đạo cuộc nổi dậy nô lệ lớn nhất ở La Mã cổ đại?,Một đấu sĩ
Rise of Kingdoms,"Theodorus van Gogh, em trai của họa sĩ nổi tiếng người Hà Lan Vincent Van Gogh, làm gì để kiếm sống?",Đại lý nghệ thuật
Rise of Kingdoms,Khám phá nào đã giúp việc giải mã chữ tượng hình trở nên khả thi?,Đá Rosetta.
Rise of Kingdoms,Kỹ năng liên minh “được nạp đầy đủ” có tác dụng gì?,Tăng tốc độ thu thập của các thành viên liên minh đối với một loại tài nguyên.
Rise of Kingdoms,Kỹ năng liên minh “món quà của thiên nhiên” có tác dụng gì?,Triệu hồi điểm tài nguyên trong khu vực đã chọn (không thể sử dụng ở vương quốc đã mất)
Rise of Kingdoms,Từ “Công thức” trong “Đua xe Công thức 1” ám chỉ điều gì?,Nội quy xe tham gia phải tuân theo
Rise of Kingdoms,Oda Nobunaga đã sống bằng bốn từ nào?,Thống trị bằng sức mạnh tuyệt đối
Rise of Kingdoms,Năm ánh sáng là thước đo của gì?,Khoảng cách
Rise of Kingdoms,Người theo chủ nghĩa độc thần là gì?,Chỉ tin vào một vị thần.
Rise of Kingdoms,Biệt danh của Belisarius là gì?,Người La Mã cuối cùng
Rise of Kingdoms,Cuốn sách nào được biết đến sớm nhất về chiến lược quân sự của Trung Quốc?,“Nghệ thuật chiến tranh” của Tôn Tử
Rise of Kingdoms,Chỉ huy Baybars giỏi về cái gì?,Đơn vị kỵ binh dẫn đầu
Rise of Kingdoms,Chỉ huy Eulji Mundeok giỏi về cái gì?,Đơn vị bộ binh dẫn đầu
Rise of Kingdoms,Chỉ huy Hermann giỏi về cái gì?,Cung thủ hàng đầu
Rise of Kingdoms,Chỉ huy Keira giỏi cái gì?,Cung thủ hàng đầu
Rise of Kingdoms,Chỉ huy Lancelot giỏi về cái gì?,Đơn vị kỵ binh dẫn đầu
Rise of Kingdoms,Chỉ huy Osman mà tôi giỏi là gì?,Tấn công thành phố
Rise of Kingdoms,Tướng quân Tôn Tử giỏi cái gì?,Các đơn vị đồn trú hàng đầu của thành phố.
Rise of Kingdoms,Biệt danh của Julius Caesar là gì?,Vua vô danh
Rise of Kingdoms,Thủ đô của Cộng hòa Chile là gì?,Santiago
Rise of Kingdoms,Tâm bão gọi là gì?,Mắt
Rise of Kingdoms,Biệt danh của nhà vô địch Keira là gì?,Tắc kè hoa đỏ
Rise of Kingdoms,Chỉ huy Hannibal Barca giỏi gì?,Tấn công các thành phố
Rise of Kingdoms,Tỷ lệ chuyển đổi của ampe (A) thành milliamperes (mA) là bao nhiêu?,1/1000
Rise of Kingdoms,Sức chứa quân mặc định khi lâu đài của bạn ở cấp 25 là bao nhiêu?,2 triệu
Rise of Kingdoms,Năng lực vận chuyển mặc định là bao nhiêu nếu điểm giao dịch của bạn là Cấp 25?,5 triệu
Rise of Kingdoms,Thời hạn của mục Tuyển dụng Thợ xây là bao lâu?,2 ngày
Rise of Kingdoms,Phần cứng nhất của cơ thể con người là gì?,Men răng
Rise of Kingdoms,Cấp độ cao nhất mà Tòa thị chính có thể đạt được trong Rise of Kingdoms là bao nhiêu?,25
Rise of Kingdoms,Động vật lớn nhất trên hành tinh là gì?,Cá voi xanh
Rise of Kingdoms,Chiều dài của một cuộc chạy marathon tính bằng km là bao nhiêu?,"42,2 km"
Rise of Kingdoms,Vị trí của hòn đá bí ẩn là gì?,Nước Đức
Rise of Kingdoms,Mục đích chính của bạch cầu trong cơ thể con người là gì?,Chống nhiễm trùng và bệnh tật
Rise of Kingdoms,Nguyên tố nào có nhiều nhất trong vỏ trái đất?,Ôxy
Rise of Kingdoms,Tên điện được sản xuất bằng năng lượng nước sử dụng các đập lớn trên sông là gì?,Thủy điện
Rise of Kingdoms,Tên điện được sản xuất bằng nước sử dụng các đập lớn trên sông là gì?,Năng lượng thủy điện
Rise of Kingdoms,Tên của hiện tượng mà những sinh vật thích nghi tốt hơn với môi trường sống sót để truyền lại những đặc điểm cho con cái của chúng là gì?,Chọn lọc tự nhiên
Rise of Kingdoms,Tên của năng lượng tái tạo có nguồn gốc từ việc đốt các vật liệu hữu cơ như gỗ và rượu là gì?,Năng lượng sinh khối
Rise of Kingdoms,Cuộc cách mạng năm 1688 thành lập chế độ quân chủ lập hiến ở Anh có tên là gì?,Cách mạng vẻ vang
Rise of Kingdoms,Tên của eo biển Thổ Nhĩ Kỳ phân chia châu Âu và châu Á là gì?,Bosphorus
Rise of Kingdoms,"Quốc tịch của Pierre de Fermat, người đề xuất Định lý cuối cùng của Fermat là gì?",Pháp
Rise of Kingdoms,Sao chổi chu kỳ ngắn duy nhất được biết đến thường xuyên có thể nhìn thấy bằng mắt thường từ Trái đất là gì?,Sao chổi Halley
Rise of Kingdoms,Nguyên nhân chính hình thành địa hình karst là gì?,Sự hòa tan của đá hòa tan
Rise of Kingdoms,Nguyên nhân gốc rễ của chứng say độ cao là gì?,Tiếp xúc nhanh với lượng oxy thấp ở độ cao
Rise of Kingdoms,Vật liệu mềm nhất được nhân loại biết đến là gì?,Bột talc
Rise of Kingdoms,Phần thưởng sức khỏe của quân đội bạn có thể nhận được từ Bệnh viện được nâng cấp hoàn toàn là gì?,1%
Rise of Kingdoms,Liên hoan phim lâu đời nhất thế giới là gì?,Liên hoan phim Venice
Rise of Kingdoms,Đóng góp nổi bật nào cho khoa học đã mang lại cho nhà sinh vật học Karl Landsteiner giải thưởng Nobel?,Khám phá nhóm máu con người
Rise of Kingdoms,Điều gì đã cung cấp sự hỗ trợ kinh tế lớn cho thời kỳ phục hưng?,Khách hàng giàu có
Rise of Kingdoms,"Chủng tộc sinh vật nào, thần thoại hay nói cách khác, sống trên Asgard theo thần thoại Bắc Âu?",Aesir
Rise of Kingdoms,Hai quốc gia nào cùng nhau tạo nên “Liên minh Iberia”?,Bồ Đào Nha và Tây Ban Nha
Rise of Kingdoms,Hai tác phẩm chính nào được cho là của homer?,Odyssey và Iliad
Rise of Kingdoms,Người thợ mộc nổi tiếng Lỗ Ban đã phát minh ra công cụ hữu ích nào?,Cái cưa
Rise of Kingdoms,"Một cách sử dụng khác của rượu gin, ngoài việc là một thức uống phổ biến, vào thế kỷ 18 là gì?",Thuốc
Rise of Kingdoms,Biệt danh Belisarius là gì?,Bản La Mã cuối cùng
Rise of Kingdoms,Bài phát biểu nổi tiếng của Otto von Bismarck năm 1862 là gì?,Máu và Sắt
Rise of Kingdoms,Tên vua của vị hoàng đế cuối cùng của triều đại nhà Thanh của Trung Quốc là gì?,Huyền Thông
Rise of Kingdoms,Mối quan hệ giữa các vị tướng nổi tiếng Tolui và Thành Cát Tư Hãn là gì?,Cha và con trai
Rise of Kingdoms,Những người đàn ông và phụ nữ đang trốn tránh điều gì ở vùng ngoại ô Florence trong bộ sưu tập tiểu thuyết ngắn ‘The Decameron’?,Bệnh dịch đen
Rise of Kingdoms,Những người đàn ông và phụ nữ đang trốn ở ngoại ô Florence trong tuyển tập tiểu thuyết ngắn “The Decameron” là gì?,Bệnh dịch đen
Rise of Kingdoms,Kỹ năng liên minh “Thợ thủ công khéo léo” có tác dụng gì khi sử dụng?,Tăng đáng kể tốc độ xây dựng cờ liên minh.
Rise of Kingdoms,Nguyên nhân chính hình thành dãy Himalaya là gì?,Va chạm giữa các tấm
Rise of Kingdoms,"Khi tòa thị chính của thống đốc đạt cấp 25, họ có thể xây dựng bao nhiêu trang trại?",4
Rise of Kingdoms,"Khi Achilles từ chối chiến đấu, Patroclus mặc áo giáp Achilles, chiến đấu với trojan và chết, Patroclus bị giết bởi ai?",Hector
Rise of Kingdoms,"Khi bắt và thả cá biển sâu, tại sao việc chọc thủng bong bóng của chúng lại quan trọng?",Để ngăn chúng chết vì bong bóng căng phồng
Rise of Kingdoms,Khủng long xuất hiện lần đầu tiên khi nào?,Kỷ Trias
Rise of Kingdoms,Tuyên bố độc lập khi nào?,1776
Rise of Kingdoms,Ngày Quốc tế Rừng là khi nào?,Ngày 21 tháng 3
Rise of Kingdoms,Ngày Thế giới Không Thuốc lá là khi nào?,Ngày 31 tháng 5
Rise of Kingdoms,Tuyên ngôn độc lập được viết khi nào?,1776
Rise of Kingdoms,Thành Cát Tư Hãn bắt đầu xây dựng Đế chế Mông Cổ của mình ở đâu?,Châu Á
Rise of Kingdoms,Vua John của Anh đã đồng ý với Magna Carta vào năm 1215 ở đâu?,Runnymede
Rise of Kingdoms,Vua Louis XIV của Pháp đã chuyển triều đình đến đâu vào năm 1682?,Cung điện Versailles
Rise of Kingdoms,Vua Louis XIV của Pháp chuyển đến triều đình ở đâu vào năm 1682?,Cung điện Versailles
Rise of Kingdoms,Trận chiến cuối cùng giữa vua Arthur và Mordred diễn ra ở đâu theo truyền thuyết Arthurian?,Camlann
Rise of Kingdoms,Thời kỳ phục hưng bắt đầu từ đâu?,Ý
Rise of Kingdoms,Những người lính La Mã cổ đại lấy vũ khí và áo giáp ở đâu?,Bản thân
Rise of Kingdoms,Sự thích ứng đến từ đâu?,Cả đột biến và tái tổ hợp di truyền.
Rise of Kingdoms,Hầu hết các cơn bão bắt đầu từ đâu?,Trên biển mở
Rise of Kingdoms,Thủ đô của Scotland ở đâu?,Edinburgh
Rise of Kingdoms,Napoléon Bonaparte bị lưu đày ở đâu sau thất bại ở Waterloo?,Thánh Helena
Rise of Kingdoms,Đâu là điểm tập hợp của cuộc Thập tự chinh đầu tiên?,Constantinople
Rise of Kingdoms,Đội quân đất nung di sản thế giới được tìm thấy ở đâu?,Trong lăng mộ hoàng gia
Rise of Kingdoms,Nền văn minh cổ đại nào đã xây dựng nên “Thành phố đã mất” Machu Picchu?,Người Inca
Rise of Kingdoms,Nhà khảo cổ học người Anh Howard Carter đã phát hiện ra lăng mộ của pharao Ai Cập cổ đại nào vào năm 1992?,Tutankhamun
Rise of Kingdoms,Nhà vật lý Hy Lạp cổ đại nào đã phát hiện ra khái niệm nổi trong khi tắm?,Archimedes
Rise of Kingdoms,Học giả Hy Lạp cổ đại nào đã đặt nền móng cho toán học châu Âu trong tương lai và là tác giả của cuốn “Các phần tử” của hình học?,Euclid
Rise of Kingdoms,Nhóm nghệ thuật nào được mệnh danh là “Báu vật quốc gia” của Canada?,Cirque du Soleil
Rise of Kingdoms,Nghệ sĩ nào đã thiết kế Vương cung thánh đường Thánh Phêrô ở Vatican?,Michelangelo
Rise of Kingdoms,Nghệ sĩ nào được chôn cất tại Pantheon?,Raphael
Rise of Kingdoms,Họa sĩ nào đã vẽ bức tranh “Cô gái đeo bông tai ngọc trai” nổi tiếng thế giới?,Johannes Vermeer
Rise of Kingdoms,Nhà thiên văn học nào đã đề xuất thuyết nhật tâm vào thế kỷ 16?,Nicolaus Copernicus
Rise of Kingdoms,Loại đồ uống nào được phát minh bởi dược sĩ người Mỹ John Pemberton?,Cola
Rise of Kingdoms,Buff nào có thể nhận được khi chiếm giữ Thánh đường Dũng cảm?,Tăng EXP mà chỉ huy nhận được
Rise of Kingdoms,Tòa nhà nào ban đầu được xây dựng ở Luân Đôn để làm nơi tổ chức Triển lãm lớn về ngành công nghiệp xây dựng của tất cả các quốc gia được tổ chức vào năm 1851?,Cung điện pha lê
Rise of Kingdoms,Giang Tử Nha đã giúp thành lập triều đại nào ở Trung Quốc?,Nhà Chu
Rise of Kingdoms,Thành phố nào đã đánh bại Sparta trong “Trận chiến Leuctra”?,Thebes
Rise of Kingdoms,Thành phố nào đăng cai Thế vận hội Mùa hè 2000?,Sydney
Rise of Kingdoms,Thành phố nào của Hy Lạp cổ đại được biết đến với sự dũng cảm và huấn luyện quân sự tàn bạo?,Sparta
Rise of Kingdoms,Nền văn minh nào thưởng thêm 5% tấn công cho các đơn vị kỵ binh?,Nước Đức
Rise of Kingdoms,Nền văn minh nào giúp tăng công suất bệnh viện?,Byzantine.
Rise of Kingdoms,Vị chỉ huy nào thường được coi là gương mẫu cho lý tưởng “Tinh thần võ sĩ đạo”?,Kusunoki Masashige
Rise of Kingdoms,Vị chỉ huy nào được mệnh danh là “Búa Bất Tử”?,Charles Martel
Rise of Kingdoms,Chỉ huy nào được gọi là Barbarossa?,Frederick I
Rise of Kingdoms,Người chỉ huy nào được mệnh danh là lãnh chúa của Kamakura?,Minamoto no Yoshitsune
Rise of Kingdoms,Người chỉ huy nào được mệnh danh là Kẻ chinh phục sự hỗn loạn?,Tào Tháo
Rise of Kingdoms,Người chỉ huy nào được mệnh danh là Lady of the Mercians?,Æthelflæd
Rise of Kingdoms,Chỉ huy nào được mệnh danh là tử thần hydromel?,Sarka
Rise of Kingdoms,Vị chỉ huy nào được mệnh danh là “Cung cách mạng”?,Yi Seong Gye
Rise of Kingdoms,Chỉ huy nào có biệt danh là Người bảo vệ của Carthage?,Hannibal Barca
Rise of Kingdoms,Vị chỉ huy nào được mệnh danh là Cha đẻ của cuộc chinh phục?,Baibars
Rise of Kingdoms,Chỉ huy nào có biệt danh là Kẻ man rợ gầm thét?,Lohar
Rise of Kingdoms,"Người chỉ huy nào được cho là đã nói “Tôi đến, tôi thấy, tôi chinh phục”?",Julius César
Rise of Kingdoms,Vị chỉ huy nào đã thể hiện thiên tài quân sự của mình trong trận Poitiers vào thế kỷ thứ 8 sau Công nguyên?,Charles Martel
Rise of Kingdoms,Vị chỉ huy nào đã thể hiện thiên tài quân sự của mình trong trận Tours vào thế kỷ thứ 8 sau Công nguyên?,Charles Martel
Rise of Kingdoms,Vị chỉ huy nào đã ký hiệp ước hòa bình với Saladin vào năm 1192?,Richard I
Rise of Kingdoms,Vị chỉ huy nào bị coi là kẻ thù của La Mã ngay từ khi còn nhỏ?,Hannibal Barca
Rise of Kingdoms,Chỉ huy nào phụ trách chiếm Constantinople ở tuổi 21?,Mehmed II
Rise of Kingdoms,Chỉ huy nào được biết đến với cái tên Celtic Rose?,Boudica
Rise of Kingdoms,Vị chỉ huy nào được mệnh danh là đồng cỏ tử thần?,Sarka
Rise of Kingdoms,Chỉ huy nào được ghép đôi với Minamoto?,Tomoe Gozen
Rise of Kingdoms,Kỹ năng chủ động của chỉ huy nào có thể gây ra sự im lặng,Hermann
Rise of Kingdoms,Nhạc sĩ nào đã sáng tác vở opera “Chiếc nhẫn của Nibelung”?,Wagner
Rise of Kingdoms,Châu lục nào là nơi ra đời của nền văn minh Maya?,Châu Mỹ
Rise of Kingdoms,Nhà thơ nổi tiếng Dante Alighieri đến từ đất nước nào?,Ý
Rise of Kingdoms,"Zarathustra, trong bài thơ có giai điệu “Zarathustra đã nói như vậy”, đến từ đất nước nào?",Ba Tư
Rise of Kingdoms,Nước nào tặng tượng Nữ thần Tự do cho người dân Mỹ?,Pháp
Rise of Kingdoms,Quốc gia nào ở châu Á trùng lặp với đế chế Parthia trước đây?,Iran
Rise of Kingdoms,Catalhoyuk (Çatalhöyük) nằm ở quốc gia nào?,Thổ Nhĩ Kỳ
Rise of Kingdoms,Quốc gia nào không thuộc Châu Âu?,Ai Cập
Rise of Kingdoms,Quốc gia nào bắt đầu truyền thống ngày làm việc 8 giờ?,Vương quốc Anh
Rise of Kingdoms,Nước Anh đã chiến đấu với nước nào trong trận Agincourt?,Pháp
Rise of Kingdoms,"Marco Polo, nhà thám hiểm và thương gia nổi tiếng sinh ra ở nước nào?",Cộng hòa Venice
Rise of Kingdoms,Nước nào phát minh ra nước hoa đầu tiên?,Síp
Rise of Kingdoms,"Vị á thần nào bắt được Cerberus, “con chó săn ba đầu của Hades”, theo thần thoại Hy Lạp?",Hercules
Rise of Kingdoms,Nhà khoa học Hà Lan nào được mệnh danh là “cha đẻ của vi sinh vật”?,Antonie van Leeuwenhoek
Rise of Kingdoms,Vị hoàng đế nào đã ban hành Tuyên bố Milan?,Constantine I
Rise of Kingdoms,Vị hoàng đế nào được nhiều người du mục Thổ Nhĩ Kỳ khác nhau mệnh danh là “Hãn thiên” trong triều đại nhà Tùy và nhà Đường?,Hoàng đế Thái Tông nhà Đường
Rise of Kingdoms,Dân tộc nào đã sáng lập nền văn minh sớm nhất của Lưỡng Hà?,Người Sumer
Rise of Kingdoms,Vị vua của nước châu Âu nào đã tài trợ cho chuyến thám hiểm nổi tiếng của Christopher Columbus?,Tây ban nha
Rise of Kingdoms,"Người châu Âu nào đã viết tạp chí du lịch đầu tiên mô tả chi tiết về lịch sử, văn hóa và nghệ thuật của Trung Quốc?",Marco Polo
Rise of Kingdoms,"Công tước Lorenzo, người bảo trợ nghệ thuật nổi tiếng thời Phục hưng, thuộc về gia đình nổi tiếng và có ảnh hưởng nào?",Thuốc
Rise of Kingdoms,Vị vua Pháp nào được biết đến với cái tên Saint Louis?,Louis IX
Rise of Kingdoms,Loại khí nào chiếm hơn 90% bầu khí quyển của sao Hỏa?,Khí cacbonic
Rise of Kingdoms,Nhà tâm lý học người Đức nào đã phát hiện ra đường cong quên lãng của não người?,Hermann Ebbinghaus
Rise of Kingdoms,Taranis là vị thần nào trong thần thoại Celtic?,Thần Sấm
Rise of Kingdoms,Nhóm nào đã chinh phục Đế quốc Byzantine?,Người Ottoman
Rise of Kingdoms,Nhân vật lịch sử nào được chôn cất trong Đền khắc của Palenque?,Pakal Đại đế
Rise of Kingdoms,Người sáng lập Kentucky Fried Chicken (KFC) được trao cấp bậc danh dự nào?,Đại tá
Rise of Kingdoms,Điều gì sẽ xảy ra nếu các phép bổ trợ sau có thể có hiệu lực trong các trận chiến tại Sunset Canyon?,Buff từ trang bị
Rise of Kingdoms,Nhà phát minh nào đã chế tạo ra đầu máy điện đầu tiên trên thế giới vào năm 1837?,Robert Davidson
Rise of Kingdoms,Đâu KHÔNG phải là Kỹ năng Vua?,Sự cứu tế
Rise of Kingdoms,Truyện nào được Sách Kỷ lục Guinness Thế giới công nhận là có lượng phát hành tích lũy lớn nhất so với bất kỳ truyện tranh một tác giả nào?,Eiichiro Oda/One Piece
Rise of Kingdoms,Rãnh nào được biết đến sâu nhất trên thế giới?,Rãnh Mariana
Rise of Kingdoms,Dãy núi lục địa nào dài nhất trên trái đất?,Dãy Andes
Rise of Kingdoms,Loài rắn nào nhỏ nhất được biết đến?,Rắn chủ đề Barbados
Rise of Kingdoms,"Địa danh nào ở Sydney, Úc có hình cánh buồm?",Nhà Hát Opera Sydney
Rise of Kingdoms,Suidae thuộc bộ động vật có vú nào?,Artiodactyla
Rise of Kingdoms,Vị chỉ huy quân sự nào được mệnh danh là “Người giải phóng Teutoburg”?,Hermann
Rise of Kingdoms,Nhà hát Globe của Shakespeare được xây dựng ở thành phố hiện đại nào?,Luân Đôn
Rise of Kingdoms,Nhạc cụ nào có sáu dây?,Đàn ghi-ta
Rise of Kingdoms,Nhạc sĩ nào sáng tác “Cuộc hôn nhân của Figaro”?,Mozart
Rise of Kingdoms,Quốc gia nào KHÔNG tham gia vào Trận Waterloo?,Ý
Rise of Kingdoms,Bộ luật nào của Babylon là bộ luật thành văn đầy đủ đầu tiên trong lịch sử được ghi lại?,Bộ luật Hammurabi
Rise of Kingdoms,Nhân vật nào dưới đây không phải là Hiệp sĩ Bàn tròn của Vua Arthur?,Merlin
Rise of Kingdoms,Điều nào sau đây mô tả chính xác Vòng Bắc Cực,Ngày Cực và Đêm Cực là những hiện tượng xảy ra ở đó
Rise of Kingdoms,Thành tích nào sau đây phải được hoàn thành trước thành tích “Bông tuyết đặc biệt”?,Tấn công tầm xa
Rise of Kingdoms,Điều nào sau đây thưởng điểm hoạt động hàng ngày?,Đánh bại quân man rợ trên bản đồ
Rise of Kingdoms,Điều nào sau đây mô tả đúng nhất về Cá hề?,Cá biển nhiệt đới
Rise of Kingdoms,Vật nào sau đây không thể tìm thấy trong Rương bạc ở quán rượu?,Cấp độ. 3 Cuốn sách kiến ​​thức
Rise of Kingdoms,Điều nào sau đây KHÔNG thể tìm thấy trong Cửa hàng Liên minh?,Chìa Khóa Vàng
Rise of Kingdoms,Giống mèo nào sau đây được biết đến là không có lông?,Sphynx
Rise of Kingdoms,Thành phố nào sau đây là thành phố đầu tiên có hệ thống vận chuyển nhanh chóng dưới lòng đất?,Luân Đôn
Rise of Kingdoms,Nền văn minh nào sau đây không thể buff kỵ binh của họ?,Người Ottoman
Rise of Kingdoms,Nền văn minh nào sau đây tăng 5% sát thương của các kỹ năng chỉ huy tích cực?,Người Ottoman
Rise of Kingdoms,Người chỉ huy nào sau đây xuất sắc trong việc thu thập tài nguyên?,Cleopatra VII
Rise of Kingdoms,Chỉ huy nào sau đây xuất sắc trong việc tấn công các thành phố của đối phương?,Caesar
Rise of Kingdoms,Người chỉ huy nào sau đây xuất sắc trong việc dẫn đầu các cung thủ?,Yi Seong Gye
Rise of Kingdoms,Chỉ huy nào sau đây giỏi dẫn đầu kỵ binh?,Minamoto no Yoshitsune
Rise of Kingdoms,Chỉ huy nào sau đây xuất sắc trong việc chỉ huy bộ binh?,Richard I
Rise of Kingdoms,Người chỉ huy nào sau đây đã tham gia cuộc nổi dậy chống lại chính chồng mình?,Constance
Rise of Kingdoms,"Người chỉ huy nào sau đây thực sự là người cai trị vương quốc của họ, nhưng chưa bao giờ chính thức là nguyên thủ quốc gia?",Charles Martel
Rise of Kingdoms,Người chỉ huy nào sau đây là một phần của Trận chiến Xích Xích?,Tào Tháo
Rise of Kingdoms,Vị chỉ huy nào sau đây là một phần của cuộc chiến trăm năm?,Joan xứ Arc
Rise of Kingdoms,Quốc gia nào sau đây nằm hoàn toàn ở Bắc bán cầu?,Không có câu
Rise of Kingdoms,Điều nào sau đây mô tả một người theo thuyết độc thần?,Ai đó đã chiến đấu với 1 vị thần.
Rise of Kingdoms,Desiderius Erasmus và Thomas More có điểm gì chung?,Cả hai đều được coi là những người theo chủ nghĩa nhân văn
Rise of Kingdoms,Điều nào sau đây KHÔNG xảy ra trong Chiến tranh Hy Lạp-Ba Tư?,Trận Agincourt
Rise of Kingdoms,Bác sĩ nào sau đây là người đầu tiên mô tả đầy đủ và chi tiết về hệ tuần hoàn và chức năng của tim?,William Harvey
Rise of Kingdoms,Điều nào sau đây không cấp Tín dụng Cá nhân?,Cung cấp tài nguyên cho đồng minh.
Rise of Kingdoms,Điều nào sau đây KHÔNG cung cấp cho chỉ huy EXP?,Tấn công người chơi khác
Rise of Kingdoms,Vòng tròn Olympic màu xanh lá cây đại diện cho điều nào sau đây?,Châu Đại Dương
Rise of Kingdoms,Yếu tố nào sau đây cho phép một số đồ uống hỗn hợp nhất định được xếp lớp?,Tỉ trọng
Rise of Kingdoms,Vị vua nào sau đây của Pháp được mệnh danh là Vua Mặt Trời?,Louis XIV
Rise of Kingdoms,Loại quả nào sau đây được mệnh danh là “đào sói” bị lầm tưởng là có độc?,Cà chua
Rise of Kingdoms,Thiếu vitamin D có thể gây ra bệnh nào sau đây?,Bệnh còi xương
Rise of Kingdoms,Phát minh nào sau đây không xuất hiện trong cuộc cách mạng công nghiệp lần thứ nhất?,Điện thoại
Rise of Kingdoms,Công trình nào sau đây là công trình trang trí?,Trống đá
Rise of Kingdoms,Chất nào sau đây là nhiên liệu hóa thạch được hình thành từ các sinh vật biển thường được tìm thấy ở dạng lớp gấp hoặc nghiêng và được sử dụng để sưởi ấm và nấu ăn?,Khí thiên nhiên
Rise of Kingdoms,Chất nào sau đây là nhiên liệu hóa thạch lỏng được hình thành từ các sinh vật biển được đốt cháy để lấy năng lượng và được sử dụng để sản xuất nhựa?,Dầu
Rise of Kingdoms,Tên nào sau đây là tên của đá trầm tích được hình thành từ xác thực vật mục nát ở vùng đầm lầy?,Than
Rise of Kingdoms,"Nguồn năng lượng nào sau đây là nguồn năng lượng không thể tái tạo (như than, dầu hoặc khí tự nhiên)?",Nhiên liệu hóa thạch
Rise of Kingdoms,Nguồn năng lượng nào sau đây là nguồn năng lượng không thể tái tạo?,Nước
Rise of Kingdoms,Điều nào sau đây là Giai đoạn của Thống đốc hùng mạnh nhất?,Loại bỏ kẻ thù
Rise of Kingdoms,Điều nào sau đây là thuật ngữ chỉ một loại vật liệu có giá trị có nguồn gốc địa chất có thể được khai thác từ trái đất,Tài nguyên thiên nhiên
Rise of Kingdoms,Câu nào sau đây mô tả chính xác về khí hậu Địa Trung Hải?,"Mùa hè nóng, khô và mùa đông mát, ẩm ướt."
Rise of Kingdoms,Nguồn năng lượng nào sau đây là nguồn năng lượng thay thế dựa trên việc tách các nguyên tử nặng thành nguyên tử nhẹ hơn để giải phóng năng lượng?,Năng lượng hạt nhân
Rise of Kingdoms,Nguồn năng lượng nào sau đây là nguồn năng lượng vô tận dựa vào magma nóng hoặc đá khô nóng dưới mặt đất?,Địa lý
Rise of Kingdoms,Cái nào sau đây là tên gọi khác của “Cái chết đen” hoành hành khắp châu Âu vào cuối thời Trung cổ?,Yersinia pestis
Rise of Kingdoms,Chất nào sau đây được coi là tài nguyên kim loại?,Sắt
Rise of Kingdoms,Nguồn nào sau đây được coi là nguồn năng lượng?,Dầu mỏ
Rise of Kingdoms,Điều nào sau đây có nhiều khả năng nhất đã trực tiếp dẫn đến thời đại đồ đồng?,Đồng cứng hơn và bền hơn các kim loại khác vào thời điểm đó
Rise of Kingdoms,Nước nào sau đây KHÔNG phải là “nước thấp” của châu Âu?,Vương quốc Anh
Rise of Kingdoms,Điều nào sau đây không phải là đặc điểm của nghệ thuật Phục hưng?,Phẳng/hai chiều
Rise of Kingdoms,Tài nguyên nào sau đây không phải là tài nguyên thiên nhiên?,Quần áo
Rise of Kingdoms,Điều nào sau đây không phải là lý do tại sao thời kỳ phục hưng bắt đầu ở Ý?,Bệnh dịch hạch đen không tấn công Ý nhờ dãy Alps
Rise of Kingdoms,Điều nào sau đây KHÔNG phải là bộ trong poker?,Gió
Rise of Kingdoms,Điều nào sau đây không phải là mục tiêu của thần thoại Hy Lạp?,Cung cấp một con đường cho sự cứu rỗi
Rise of Kingdoms,Kỹ năng nào sau đây không phải là Kỹ năng Vua?,Sự cứu tế
Rise of Kingdoms,Điều nào sau đây KHÔNG phải là một trong những kỹ năng của Belisarius?,Lực lượng sấm sét
Rise of Kingdoms,Điều nào sau đây KHÔNG phải là một trong những kỹ năng của El Cid?,Tinh thần hiệp sĩ
Rise of Kingdoms,Điều nào sau đây KHÔNG phải là một trong những kỹ năng của Keira?,Máu ngang ngược
Rise of Kingdoms,Điều nào sau đây KHÔNG phải là một trong những kỹ năng của Lohar?,Sự hủy diệt hoàn toàn
Rise of Kingdoms,Điều nào sau đây KHÔNG phải là một trong những kỹ năng của Matilda of Flanders?,Dòng máu Celtic
Rise of Kingdoms,Điều nào sau đây KHÔNG phải là một trong những kỹ năng của Mulan?,Đội quân bất khuất
Rise of Kingdoms,Điều nào sau đây KHÔNG phải là một trong những kỹ năng của Osman I?,Chiến thuật xiên
Rise of Kingdoms,Điều nào sau đây KHÔNG phải là một trong những kỹ năng bị động của Pelagius?,Thù lao
Rise of Kingdoms,Điều nào sau đây không phải là một trong những số phận của thần thoại Bắc Âu?,Nghiệp chướng
Rise of Kingdoms,Chất nào sau đây KHÔNG phải là một trong những khí nhà kính chính trong khí quyển trái đất?,Nitơ
Rise of Kingdoms,Phần nào sau đây không phải là một phần của quốc kỳ Mexico.?,Con lạc đà
Rise of Kingdoms,Câu nào sau đây mô tả đúng về tầng bình lưu?,Ở trên ấm và lạnh ở dưới
Rise of Kingdoms,Công viên nào sau đây là công viên quốc gia đầu tiên trên thế giới?,Công viên quốc gia Yellowstone
Rise of Kingdoms,Hòn đảo nào sau đây là hòn đảo lớn nhất thế giới?,Greenland
Rise of Kingdoms,Người nào sau đây là anh trai của Zeus trong Thần thoại Geek?,Poseidon
Rise of Kingdoms,Loại nước trái cây nào sau đây có trong loại cocktail cổ điển “Bloody Mary”?,Nước ép cà chua
Rise of Kingdoms,Mô tả nào về danh hiệu vương quốc sau đây KHÔNG ĐÚNG?,Thủ tướng đã tăng cường quân tấn công.
Rise of Kingdoms,Loài sinh vật biển nào sau đây tồn tại lâu nhất?,Nautilus
Rise of Kingdoms,Nhà vật lý nào sau đây sinh vào ngày giỗ của Galileo Galilei và mất vào ngày giỗ của Albert Einstein?,Stephen Hawking
Rise of Kingdoms,Tài nguyên nào sau đây không thể tìm thấy trong quần jean của bạn?,Chỉ huy
Rise of Kingdoms,Loài hoa nào sau đây được coi là quốc hoa của Philippines?,Sampaguita
Rise of Kingdoms,Bài phát biểu nào sau đây của Thủ tướng Phổ Otto von Bismarck vào tháng 9 năm 1862?,Máu và Sắt
Rise of Kingdoms,Câu chuyện nào sau đây không phải là truyện cổ Grimm?,Nàng tiên cá nhỏ
Rise of Kingdoms,Công nghệ nào sau đây có trước “Kỵ sĩ”?,Kỷ luật quân đội
Rise of Kingdoms,Loại vitamin nào sau đây hữu ích nhất để duy trì thị lực tốt?,Vitamin A
Rise of Kingdoms,Vị tướng nào sau đây là vị tướng trong Chiến tranh Genpei của Nhật Bản?,Tomoe Gozen
Rise of Kingdoms,Ai sau đây là Hiệp sĩ Bàn tròn?,Lancelot
Rise of Kingdoms,Điều nào sau đây là phong trào trí tuệ thời Phục hưng trong đó các nhà tư tưởng nghiên cứu các văn bản cổ điển và tập trung vào tiềm năng và thành tựu của con người?,Chủ nghĩa nhân văn
Rise of Kingdoms,Nước nào sau đây còn được gọi là Đế chế Đông La Mã?,Đế quốc Byzantine
Rise of Kingdoms,Ai sau đây là kẻ thù của Richard the Lionheart?,Saladin
Rise of Kingdoms,Công trình nào sau đây được xây dựng theo lệnh của Shah Jahan để tưởng nhớ người vợ Mumtaz Mahal của ông?,Taj Mahal
Rise of Kingdoms,Điều nào sau đây không phải là trụ cột của thời Phục hưng?,Chủ nghĩa lịch sự
Rise of Kingdoms,Vật nào sau đây KHÔNG được phát minh ở Trung Quốc?,Máy ghi địa chấn
Rise of Kingdoms,Điều nào sau đây được đồng hương của ông ca ngợi là đại diện dân chủ trung thực và tốt nhất của Hy Lạp cổ đại?,Pericles
Rise of Kingdoms,Điều nào sau đây được viết bởi Mary Shelley?,Frankenstein
Rise of Kingdoms,Điều nào sau đây không phải là lợi ích khi trở thành Người ghi chép của Ai Cập cổ đại?,Ngoại trừ chì bệnh được thanh toán y tế
Rise of Kingdoms,Người nào sau đây sinh cùng năm với ca sĩ Luciano Pavarotti?,Elvis Presley
Rise of Kingdoms,Tác phẩm nào sau đây dựa trên Trận chiến đèo Roncevaux do Charlemagne và các hiệp sĩ của ông chiến đấu?,Bài hát của Roland
Rise of Kingdoms,Tác phẩm nào sau đây được viết bởi nhà viết kịch người Pháp Pierre Corneille?,Lê Cid
Rise of Kingdoms,Điều nào sau đây KHÔNG phải là một trong những kỹ năng của Baybar?,Lực lượng sấm sét
Rise of Kingdoms,Kỳ quan nào trong số bảy kỳ quan thế giới được tạo ra để chữa khỏi nỗi nhớ nhà của Nữ hoàng Babylon mới?,Vườn treo
Rise of Kingdoms,Kỹ năng chủ động nào sau đây thuộc về Charles Martel?,Khiên bất tử
Rise of Kingdoms,Sĩ quan nào trong số những sĩ quan liên minh này sẽ tăng Tốc độ Nghiên cứu?,Cố vấn
Rise of Kingdoms,Nghệ sĩ nào trong số này KHÔNG phải là họa sĩ người Baraque?,Vincent Van Gogh
Rise of Kingdoms,Tòa nhà nào sau đây KHÔNG phải là một trong Bảy kỳ quan mới của thế giới?,Cung điện Versailles
Rise of Kingdoms,Thành phố nào sau đây đã tổ chức Thế vận hội vào năm 1900?,Paris
Rise of Kingdoms,Thành phố nào sau đây ở Brazil đã tổ chức Thế vận hội Olympic?,Rio de Janeiro
Rise of Kingdoms,Chỉ huy nào trong số này có khả năng chuyển đổi một số đơn vị bị giết thành đơn vị bị thương nặng khi tấn công một thành phố?,Charlemagne
Rise of Kingdoms,Ai trong số những người chỉ huy này có khả năng chuyển đổi một số đơn vị bị giết?,Charlemagne
Rise of Kingdoms,Ai trong số những chỉ huy này đã có thể đánh bại Charles vĩ đại trong trận chiến?,Henry V
Rise of Kingdoms,Quốc gia nào sau đây KHÔNG tham gia Chiến tranh Bảy năm phương Bắc (1563-1570)?,Vương quốc Anh
Rise of Kingdoms,Kinh tuyến gốc đi qua quốc gia nào sau đây?,Mali
Rise of Kingdoms,Quốc gia nào sau đây KHÔNG phải là thành viên sáng lập của NATO (năm 1949)?,Thổ Nhĩ Kỳ
Rise of Kingdoms,Hiệu ứng nào KHÔNG phải do kỹ năng của Aethelflaed gây ra?,Chữa lành các đơn vị bị thương nhẹ
Rise of Kingdoms,Mô tả nào sau đây không chính xác về “Trận chiến Poitiers”?,Chiến dịch diễn ra trong Thế chiến thứ nhất
Rise of Kingdoms,Mô tả nào sau đây là không chính xác về “Mare Imbrium” trên mặt trăng?,Nó chứa một lượng nước trầm tích nhất định
Rise of Kingdoms,Cái nào sau đây không phải là nền văn minh cổ xưa của Châu Mỹ?,Người Sumer
Rise of Kingdoms,Ai trong số này KHÔNG được coi là một trong “Năm vị hoàng đế tốt” của triều đại Nerva-Antonine ở La Mã cổ đại?,Hàng hóa
Rise of Kingdoms,Cái nào trong số này là một trong những “Kỹ năng chủ động” của Minamoto no Yoshitune?,Kyohachiryu
Rise of Kingdoms,Cái nào trong số này là quốc hoa của Ấn Độ?,Hoa sen
Rise of Kingdoms,Cái nào trong số này được sử dụng để tập hợp quân đội liên minh?,Lâu đài
Rise of Kingdoms,Vật phẩm nào KHÔNG thể có được bằng cách đánh bại những kẻ man rợ?,Điểm VIP
Rise of Kingdoms,Những mặt hàng nào sau đây KHÔNG thể mua được trong Cửa hàng Thương gia Bí ẩn?,Trang hộ chiếu
Rise of Kingdoms,Ai trong số những nhà hàng hải này là người châu Âu đầu tiên đến Brazil?,Pedro Alvares Cabral
Rise of Kingdoms,Giải Nobel nào sau đây được trao cho Marie Curie vào năm 1903?,Giải Nobel Vật lý
Rise of Kingdoms,Cái nào trong số hai cái này được tạo ra bởi Leonardo da Vinci?,"Bữa tối cuối cùng, Mona Lisa"
Rise of Kingdoms,Ai trong số này là vị chỉ huy duy nhất đánh bại Cyrus vĩ đại trong trận chiến?,Tomyris
Rise of Kingdoms,Tác phẩm nào trong văn học Monogatari của Nhật Bản mô tả truyền thuyết về “Kaguya-hime”?,Câu chuyện người chặt tre
Rise of Kingdoms,Biện pháp chính thức nào quy định việc cung cấp thức ăn hoặc chỗ ở cho Martin Luther là một tội ác?,Sắc lệnh của sâu bọ
Rise of Kingdoms,Điều nào sau đây không phải là một trong những kỹ năng của Hermann?,Không thể cưỡng lại
Rise of Kingdoms,Con vật nào KHÔNG đẻ trứng?,Dơi
Rise of Kingdoms,Rượu sẽ ảnh hưởng đến phần nào của não?,Tiểu não
Rise of Kingdoms,Bộ phận nào của cơ thể con người chứa chủ yếu là nước?,Nhãn cầu
Rise of Kingdoms,"Giai đoạn nào của lịch sử châu Âu, kéo dài từ năm 1300 đến năm 1600, chứng kiến ​​sự quan tâm mới đến văn hóa cổ điển và dẫn đến những thay đổi sâu rộng trong nghệ thuật, học tập và quan điểm về thế giới?",Phục hưng
Rise of Kingdoms,Pharaoh nào đã ra lệnh xây dựng đền thờ Abu Simbel?,Ramesses II
Rise of Kingdoms,Triết gia nào đã viết “Không tưởng”?,Plato
Rise of Kingdoms,Hành tinh nào trong hệ mặt trời của chúng ta quay nhanh nhất?,Sao Mộc
Rise of Kingdoms,Nhà thám hiểm người Bồ Đào Nha nào đã đi thuyền từ Mũi Hảo Vọng đến Ấn Độ?,Vasco de Gama
Rise of Kingdoms,Nhà thám hiểm người Bồ Đào Nha nào là người châu Âu đầu tiên đi thuyền tới cực nam châu Phi?,Bartolomeu Dias
Rise of Kingdoms,Chính khách nổi tiếng nào từng là vị tướng đầu tiên của Mạc phủ Edo vào cuối thời Chiến Quốc của Nhật Bản?,Tokugawa Ieyasu
Rise of Kingdoms,Chính khách nổi tiếng nào từng là vị tướng đầu tiên của Mạc phủ Edo vào cuối thời kỳ chiến quốc của Nhật Bản?,Tokugawa Ieyasu
Rise of Kingdoms,Hoàng đế La Mã nào được đặt tên là Augustus sau khi kết thúc cuộc nội chiến?,Gaius Octavius
Rise of Kingdoms,Georges Seurat sẽ là đại diện của trường phái hội họa nào?,Chủ nghĩa chấm điểm
Rise of Kingdoms,Trường phái tư tưởng nào được sáng lập bởi triết gia Trung Quốc Lão Tử?,Đạo giáo
Rise of Kingdoms,Bộ luật Hammurabi được khắc trên đá bằng chữ viết nào?,Chữ hình nêm
Rise of Kingdoms,Tiểu bang nào là trụ sở của Công ty Walt Disney?,California
Rise of Kingdoms,Công nghệ nào có trước Pavise?,Mũi tên Bodkin
Rise of Kingdoms,Công nghệ nào có trước Swordsman?,Gia công sắt
Rise of Kingdoms,Công nghệ nào có trước Kỵ binh hạng nặng?,Giáp vảy
Rise of Kingdoms,"Pierre de Coubertin, người sáng lập Ủy ban Olympic Quốc tế, đã giữ chức danh gì?",Nam tước
Rise of Kingdoms,Cầu Dom Luis của Bồ Đào Nha kết nối hai thành phố nào?,"Porta, Vila Nova de Gaia"
Rise of Kingdoms,Kênh đào Panama nối liền hai đại dương nào?,Thái Bình Dương và Đại Tây Dương
Rise of Kingdoms,Loại thánh địa nào cấp tiền thưởng tấn công quân đội?,Bàn thờ lửa
Rise of Kingdoms,Loại thiên tai nào được đo bằng thang Richter?,Động đất
Rise of Kingdoms,Đơn vị nào nhận được lợi ích mạnh mẽ từ kỹ năng Chiến lược gia bậc thầy của Tôn Tử?,Bộ binh
Rise of Kingdoms,Đơn vị nào mạnh hơn bộ binh?,Cung thủ
Rise of Kingdoms,Loại đơn vị nào mạnh hơn khi chống lại Cung thủ?,Kỵ binh
Rise of Kingdoms,Loại đơn vị nào mạnh hơn khi chống lại Kỵ binh?,Bộ binh
Rise of Kingdoms,Cuộc chiến nào đã chấm dứt sự cai trị của Nhà Plantagenet và bắt đầu sự cai trị của Nhà Tudor ở Anh?,Cuộc chiến hoa hồng
Rise of Kingdoms,Cuộc chiến nào đã diễn ra giữa các gia đình Lancaster và York của Anh để giành lấy ngai vàng nước Anh?,Cuộc chiến hoa hồng
Rise of Kingdoms,Cuộc chiến nào đã diễn ra giữa các gia tộc Bristish ở Lancaster và York để giành lấy ngai vàng của nước Anh?,Cuộc chiến hoa hồng
Rise of Kingdoms,Cuộc chiến nào đã diễn ra giữa người Anh?,Cuộc chiến hoa hồng
Rise of Kingdoms,Ngọn hải đăng nào được xây dựng sau khi Macedonia chinh phục Ai Cập và lãng phí bảy kỳ quan của thế giới cổ đại?,Ngọn Hải Đăng Alexandria
Rise of Kingdoms,Nền văn minh cổ đại duy nhất phát triển trong khu rừng nhiệt đới chứ không phải lưu vực sông?,Người Inca
Rise of Kingdoms,Liên Xô được thành lập vào năm nào?,1922
Rise of Kingdoms,Ai “sở hữu” Đảo Phục Sinh?,Chilê
Rise of Kingdoms,Ai là tác giả cuốn tiểu thuyết “Không còn là con người”?,Osamu Dazai
Rise of Kingdoms,Ai là người chiến thắng trong “Trận chiến Hastings”?,William kẻ chinh phục
Rise of Kingdoms,Ai đã nghĩ ra ý tưởng về con ngựa thành Troy?,Odysseus
Rise of Kingdoms,Ai đã nghĩ ra ý tưởng Con ngựa thành Troy? Ai đã thắng trong cuộc chiến thành Troy?,Odysseus; người Hy Lạp
Rise of Kingdoms,Ai chỉ huy Quân đội Mẫu Mới do Quốc hội thành lập trong Nội chiến Anh?,Cromwell
Rise of Kingdoms,Ai đã đánh bại Nhân sư theo truyền thuyết Hy Lạp?,Oedipus
Rise of Kingdoms,Ai đã thiết kế “Pháo Cannon”?,Đô thị
Rise of Kingdoms,Boudica đã lãnh đạo các bộ lạc ở Anh nổi dậy chống lại ai?,Đế chế La Mã thần thánh
Rise of Kingdoms,Ai là người đầu tiên thực hiện Lịch Julian ở Rome?,Julius Caesar
Rise of Kingdoms,Ai đã thành lập “Vương quốc Malacca”?,Parameswara
Rise of Kingdoms,Ai là người thành lập “Hạm đội Tây Ban Nha”?,Philip II
Rise of Kingdoms,Ai đã thành lập Đế chế Ba Tư đầu tiên?,Cyrus Đại đế
Rise of Kingdoms,Ai là người sáng lập ra triều đại Joseon?,Yi Seong Gye
Rise of Kingdoms,Ai là người sáng lập Mạc phủ Kamakura?,Minamoto no Yoritomo
Rise of Kingdoms,Ai đã thành lập Vương quốc Asturias?,Pelagius
Rise of Kingdoms,Ai đã tài trợ cho chuyến đi của Christopher Colombus?,Tây ban nha
Rise of Kingdoms,Ai đã có bài phát biểu nổi tiếng “Tôi có một giấc mơ”?,Martin Luther King Jr.
Rise of Kingdoms,Ai đã khởi xướng Tháng Ba Muối đầu tiên?,Mahatma Gandhi
Rise of Kingdoms,Ai đã thiết lập Lịch Julian?,Julius Caesar
Rise of Kingdoms,Ai đã phát minh ra máy in?,Johann Gutenberg
Rise of Kingdoms,Ai chịu trách nhiệm đưa các chiến binh dũng cảm vào Valhalla sau khi chết trong thần thoại Bắc Âu?,Valkyrie
Rise of Kingdoms,‘Thần tình yêu’ trong thần thoại Bắc Âu là ai?,Freyja
Rise of Kingdoms,“Thần chết” trong thần thoại Hy Lạp cổ đại là ai?,Thanatos
Rise of Kingdoms,Ai là “Thần chiến tranh” trong thần thoại Hy Lạp cổ đại?,Ares
Rise of Kingdoms,Người chỉ huy được coi là kẻ thù của Rome từ nhỏ là ai?,Hannibal Barca
Rise of Kingdoms,Ai là người Ý đầu tiên nhận được “Giải thưởng Kiến trúc Pritzker”?,Aldo Rossi
Rise of Kingdoms,Vua của Vương quốc là ai?,Thủ lĩnh liên minh chinh phục ngôi đền thất lạc
Rise of Kingdoms,"Mẹ của Cupid, vị thần tình yêu có khuôn mặt trẻ thơ trong thần thoại La Mã là ai?",Sao Kim
Rise of Kingdoms,Ai là người bảo trợ và bảo vệ Athens trong thần thoại Hy Lạp cổ đại?,Athena
Rise of Kingdoms,Ai đã giết Hector và Achilles chết như thế nào?,Achilles; Mũi tên xuyên qua gót chân
Rise of Kingdoms,"Ai đã giết Odin, vua của các vị thần, trong Ragnarok trong thần thoại Bắc Âu?",Fenrir
Rise of Kingdoms,Ai là người đã chinh phục “Vương quốc Vandal và Alans” trong Chiến tranh Vandal?,Belisarius
Rise of Kingdoms,Ai đã lãnh đạo Vương quốc Phổ trong Chiến tranh Bảy năm?,Frederick II
Rise of Kingdoms,Ai đã đưa ra ý tưởng “Troy”?,Odysseus
Rise of Kingdoms,Ai sở hữu mọi thứ ở Vương quốc Ai Cập cổ đại?,Pha-ra-ôn
Rise of Kingdoms,Ai đã vẽ Bữa Tiệc Ly?,Leonardo Da Vinci
Rise of Kingdoms,Ai đã vẽ bức Mona Lisa?,Leonardo da Vinci
Rise of Kingdoms,Ai đã đưa ra quan điểm triết học “Tôi tư duy nên tôi tồn tại”?,Descartes
Rise of Kingdoms,Ai được cho là nguyên mẫu của vua trái tim trong poker?,Charlemagne
Rise of Kingdoms,Ai được mệnh danh là “Napoléon tội phạm” trong một số câu chuyện của Sherlock Holmes?,Giáo sư Moriarty
Rise of Kingdoms,Thầy của Plato là ai?,Socrates
Rise of Kingdoms,Ai được người đồng hương ca ngợi là đại diện dân chủ trung thực và xuất sắc nhất của Hy Lạp cổ đại?,Pericles
Rise of Kingdoms,Ai là hoàng đế của Đế quốc Pháp đầu tiên?,Napoléon Bonaparte
Rise of Kingdoms,Ai là phi hành gia đầu tiên bước vào không gian vũ trụ?,Yuri gagarin
Rise of Kingdoms,Ai là lãnh sự đầu tiên của Cộng hòa La Mã?,Lucius Junius Brutus
Rise of Kingdoms,Ai là Hoàng đế đầu tiên của Rome?,Gaius Octavius ​​Augustus
Rise of Kingdoms,Ai là người phụ nữ đầu tiên được Hephaestus tạo ra trong thần thoại Hy Lạp?,Pandora
Rise of Kingdoms,Ai là vị vua đầu tiên của Ý sau khi thống nhất vào năm 1861?,Victor Emmanuel II
Rise of Kingdoms,Ai là người con đầu tiên của Henry VIII cai trị nước Anh?,Edward VI
Rise of Kingdoms,Ai là người phụ nữ đầu tiên đoạt giải Nobel?,Marie Curie
Rise of Kingdoms,Ai là người sáng lập Bakufu Edo của Nhật Bản?,Tokugawa Ieyasu
Rise of Kingdoms,Ai là người sáng lập Đế quốc Mông Cổ?,Thành Cát Tư Hãn
Rise of Kingdoms,Vị hoàng đế cuối cùng của toàn nước Nga là ai?,Nicholas II
Rise of Kingdoms,Vị hoàng đế cuối cùng của Đế chế La Mã thần thánh là ai?,Francis II
Rise of Kingdoms,Ai là nữ Pharaoh cuối cùng của triều đại Ptolemy?,Cleopatra VII
Rise of Kingdoms,"Ai là người chỉ huy quân đội phương Tây trong trận Sekigahara, diễn ra trong thời kỳ Sengoku của Nhật Bản?",Ishida Mitsunari
Rise of Kingdoms,Tổng thống Mỹ duy nhất tại vị hơn 2 nhiệm kỳ là ai?,Franklin D. Roosevelt
Rise of Kingdoms,Ai là người leo núi đầu tiên được ghi nhận lên tới đỉnh Mt.Everest?,Tenzing Norgay và Edmund Hilary
Rise of Kingdoms,Ai đã thắng trong cuộc chiến thành Troy?,Người Hy Lạp
Rise of Kingdoms,"Ai đã viết “Human, All Too Human”?",Nietzsche
Rise of Kingdoms,Ai đã viết “Hội nghị chuyên đề”?,Plato
Rise of Kingdoms,Ai đã viết Nghệ thuật chiến tranh?,Tôn Tử
Rise of Kingdoms,Ai đã viết vở opera Carmen?,Georges Bizet
Rise of Kingdoms,Ai đã viết cuốn sách nổi tiếng “Lược sử thời gian”?,Stephen Hawking
Rise of Kingdoms,Ai đã viết cuốn sách nổi tiếng “Sapiens: Lược sử loài người”?,Yuval Noah Harari
Rise of Kingdoms,Ai đã viết bộ truyện khoa học viễn tưởng nổi tiếng “Dune”,Frank Herbert
Rise of Kingdoms,Cuốn tự truyện “Sống để kể chuyện” của ai đã đoạt giải Nobel Văn học?,Gabriel García Márquez
Rise of Kingdoms,Vẻ đẹp của ai được cho là nguyên nhân gây ra cuộc chiến thành Troy?,Helen
Rise of Kingdoms,Tác phẩm “1812 Overture” của dàn nhạc được sáng tác để tưởng nhớ chiến thắng của ai?,Đế quốc Nga
Rise of Kingdoms,Tại sao những đặc điểm có lợi lại có nhiều khả năng được truyền lại cho con cái?,Bởi vì chúng có nhiều khả năng sống sót và sản xuất hơn…
Rise of Kingdoms,Tại sao ếch và các sinh vật khác lại đẻ nhiều trứng/con cái như vậy?,Càng sinh ra nhiều con thì chúng càng có nhiều khả năng sống sót
Rise of Kingdoms,Tại sao uống cà phê khiến con người tỉnh táo hơn?,Nó chứa caffeine
Rise of Kingdoms,Tại sao nữ y tá người Anh Florence Nightingale được biết đến với biệt danh “Quý cô cầm đèn”?,Cô ấy sẽ kiểm tra bệnh nhân vào ban đêm
Rise of Kingdoms,Tại sao bệnh scorbut từng là một vấn đề phổ biến đối với các thủy thủ?,Thiếu trái cây và rau quả tươi trong những chuyến đi dài
Rise of Kingdoms,Tại sao biển chết lại được đặt tên này?,Nước có độ mặn cao ngăn cản thực vật và động vật phát triển gần nó.
Rise of Kingdoms,Tại sao mũi và đuôi thuyền dài của người Viking được thiết kế đối xứng?,Để đảo ngược hướng một cách nhanh chóng mà không cần quay lại
Rise of Kingdoms,Minamoto no Yoshitsune đã cùng ai xây dựng quân đội để chiến đấu với Taira no Kiyomori?,Minamoto no Yoritomo
Rise of Kingdoms,"Nếu không sử dụng buff, thống đốc có thể có bao nhiêu điểm hành động?",1
Rise of Kingdoms,Một miệng núi lửa ở phía xa của Mặt Trăng được đặt theo tên của quan chức Trung Quốc nào?,Wan Hu
Rise of Kingdoms,Giảm chỉ số nào sau đây có thể biểu thị trạng thái gần chân không?,Áp suất không khí
Rise of Kingdoms,Móng tay người được cấu tạo từ chất gì?,Alpha-keratin
Rise of Kingdoms,Luật nào trong Ba Định Luật Robot của Isaac Asimov quy định robot không được gây hại cho con người?,Luật thứ nhất
Rise of Kingdoms,"Theo thần thoại Hy Lạp, hai vị thần nào biến thành cá trong biểu tượng cung Song Ngư?",Aphrodite và Eros
Rise of Kingdoms,Giai đoạn Tiền Cổ điển muộn trong niên đại Maya rơi vào khoảng thời gian nào?,1 TCN đến 159 SCN
Rise of Kingdoms,Chỉ huy nào trong ROK có kỹ năng gây hiệu ứng câm lặng?,Hermann
Rise of Kingdoms,Tác phẩm nào sau đây được viết bởi Mary Shelley?,Frankenstein
Rise of Kingdoms,Cuốn sách nào sau đây được viết bởi Yuval Noah Harari?,Sapiens: Lược Sử Loài Người
Rise of Kingdoms,"Trong ROK, chỉ huy nào có biệt danh “vẻ đẹp & trí tuệ”?",Cleopatra VII
Call of Dragons,What do Barricades do?,Slow down enemy Land Legions
Call of Dragons,Rào chắn làm gì?,Làm chậm quân đoàn trên bộ của kẻ thù
Call of Dragons,What is the name of Kregg’s beloved pet wyvern?,Spike
Call of Dragons,Tên của con wyvern thú cưng yêu quý của Kregg là gì?,Gai
Call of Dragons,What is the name of Madeline’s sword?,Sword Edge
Call of Dragons,Thanh kiếm của Madeline tên là gì?,Lưỡi kiếm
Call of Dragons,"When a Hero has 0 Stamina, which of these actions is still possible?",Talking to them in your City
Call of Dragons,"Khi Anh hùng có 0 Sức chịu đựng, hành động nào sau đây vẫn có thể thực hiện được?",Nói chuyện với họ trong Thành phố của bạn
Call of Dragons,Which of the following actions does not grant you Member Points in your Alliance?,Joining Rallies
Call of Dragons,Hành động nào sau đây không cấp cho bạn Điểm Thành viên trong Liên minh của bạn?,Tham gia các cuộc biểu tình
Call of Dragons,Which of these actions can increase a Hero’s Trust Level?,Talking to them
Call of Dragons,Hành động nào sau đây có thể tăng Cấp độ tin cậy của Anh hùng?,Nói chuyện với họ
Call of Dragons,How do you deploy Legions to an open space?,"Tap the space, select “deploy” from the popup"
Call of Dragons,Làm cách nào để bạn triển khai Quân đoàn đến một không gian mở?,"Nhấn vào khoảng trắng, chọn “triển khai” từ cửa sổ bật lên"
Call of Dragons,What is Nico and Nika’s relationship?,Older sister/younger brother
Call of Dragons,Mối quan hệ của Nico và Nika là gì?,Chị gái/em trai
Call of Dragons,Which of these is not an Alliance Officer title?,Prime Minister
Call of Dragons,Chức danh nào trong số này không phải là chức danh Sĩ quan Liên minh?,Thủ tướng
Call of Dragons,"When you have 0 CP, which of these actions is not possible?",Attacking Dark Creatures
Call of Dragons,"Khi bạn có 0 CP, hành động nào sau đây là không thể thực hiện được?",Tấn công sinh vật bóng tối
Call of Dragons,Which of these Heroes is the oldest?,Theia
Call of Dragons,Anh hùng nào trong số này là lâu đời nhất?,Theia
Call of Dragons,Which of these describes Atheus’s appearance?,He has wings
Call of Dragons,Điều nào trong số này mô tả sự xuất hiện của Atheus?,Anh ấy có đôi cánh
Call of Dragons,Who does Kregg call “my pretty”?,Spike
Call of Dragons,Kregg gọi ai là “người đẹp của tôi”?,Gai
Call of Dragons,What is Keystone Copper used to forge?,Universal Artifact Key
Call of Dragons,Keystone Copper dùng để rèn cái gì?,Chìa khóa tạo tác phổ quát
Call of Dragons,Which of these items can open Universal Artifact Compendiums?,Universal Artifact Key
Call of Dragons,Vật phẩm nào trong số này có thể mở được Bản tổng hợp hiện vật phổ quát?,Chìa khóa tạo tác phổ quát
Call of Dragons,What is the name of Kella’s animal companion?,Dronkey
Call of Dragons,Tên của con vật đồng hành cùng Kella là gì?,Say rượu
Call of Dragons,Which of the following is not a type of City building?,Defensive buildings
Call of Dragons,Công trình nào sau đây không phải là một loại công trình của Thành phố?,Tòa nhà phòng thủ
Call of Dragons,"How old is Ordo in 1196, the year the game begins?",56
Call of Dragons,"Ordo bao nhiêu tuổi vào năm 1196, năm trò chơi bắt đầu?",56
Call of Dragons,What is the name of Kregg’s most beloved explosive?,Super Boom Barrel
Call of Dragons,Tên thuốc nổ được yêu thích nhất của Kregg là gì?,Thùng siêu nổ
Call of Dragons,Where does Chakcha come from?,A remote village
Call of Dragons,Chakcha đến từ đâu?,Một ngôi làng xa xôi
Call of Dragons,"In the Season Stories, who teaches our heroes the art of purification?",Atheus
Call of Dragons,"Trong Câu chuyện mùa, ai dạy các anh hùng của chúng ta nghệ thuật thanh tẩy?",Atheus
Call of Dragons,"In the Season Story “The Gods Wish, the Stones Weep”, what substance are our heroes investigating?",Manastone
Call of Dragons,"Trong Câu chuyện mùa “Điều ước của các vị thần, những viên đá khóc”, các anh hùng của chúng ta đang nghiên cứu nội dung gì?",Đá mana
Call of Dragons,How many heads does a Hydra have?,3
Call of Dragons,Hydra có bao nhiêu đầu?,3
Call of Dragons,Where was Gwanwyn,Moonvale
Call of Dragons,What creature at the Goblin Market building?,Giant Lizard
Call of Dragons,Sinh vật nào ở tòa nhà Chợ Goblin?,Thằn lằn khổng lồ
Call of Dragons,What is the symbol on the emblem in the Honorary Membership screen?,Pine Cone
Call of Dragons,Biểu tượng trên biểu tượng trong màn hình Thành viên danh dự là gì?,Nón thông
Call of Dragons,What kind of War Spoils do you receive for destroying a Darkling Fort?,Fort War Spoils
Call of Dragons,Bạn nhận được loại Chiến lợi phẩm nào khi phá hủy Pháo đài bóng tối?,Chiến lợi phẩm pháo đài
Call of Dragons,How many topknots does Ordo wear on his head?,2
Call of Dragons,Ordo đội bao nhiêu búi tóc trên đầu?,2
Call of Dragons,What do Peacekeeping Talents help a Hero to do?,Fight Darklings and Dark Creatures
Call of Dragons,Tài năng gìn giữ hòa bình giúp Anh hùng làm gì?,Chiến đấu với Darklings và sinh vật bóng tối
Call of Dragons,What color is Waldyr’s cloak?,Blue
Call of Dragons,Áo choàng của Waldyr có màu gì?,Màu xanh da trời
Call of Dragons,Legend has it that any adventurer who can solve the riddle of Cortac Isle will gain the treasure buried beneath it. How many Generals are mentioned in the Song in Chapter,Corlac? 5
Call of Dragons,Truyền thuyết kể rằng bất kỳ nhà thám hiểm nào giải được câu đố của Đảo Cortac sẽ giành được kho báu chôn giấu bên dưới nó. Có bao nhiêu Tướng được nhắc đến trong Bài ca trong Chương,Corlac? 5
Call of Dragons,"Bạn nhận được loại Chiến lợi phẩm nào khi tiêu diệt một
Pháo đài bóng tối?",Chiến lợi phẩm pháo đài
Call of Dragons,"What position does Bertrand, the debonair son of House Laegar, hold?",High Treasurer of Aurion
Call of Dragons,"Bertrand, con trai nhà Laegar, giữ chức vụ gì?",Thủ quỹ cấp cao của Aurion
Call of Dragons,"What does Pan, the “Dream Herald”, suffer from?",Insomnia
Call of Dragons,"Pan, “Dream Herald”, phải chịu đựng điều gì?",Mất ngủ
Call of Dragons,Which Hero is called the Sorceress of Flames?,Liliya
Call of Dragons,Anh hùng nào được mệnh danh là Phù thủy lửa?,Hoa huệ
Call of Dragons,"Sweetdew has a refreshing, sweet flavor, and makes for a perfect gift. Where is it produced?",A holy mountain
Call of Dragons,"Sweetdew có hương vị tươi mát, ngọt ngào và là một món quà hoàn hảo. Nó được sản xuất ở đâu?",Một ngọn núi thiêng
Call of Dragons,The Compendium of Legendary Beasts tells of a creature that lost an eye fighting for the God of Light. What is it?,Phoenix
Call of Dragons,Bản tóm tắt về những con thú huyền thoại kể về một sinh vật bị mất một mắt khi chiến đấu vì Thần ánh sáng. Nó là gì?,Phượng hoàng
Call of Dragons,Cyclopes are powerful killing machines. Which Orcish clan do the War Shamans who control them belong to?,Witchtongue Clan
Call of Dragons,Cyclopes là cỗ máy giết người mạnh mẽ. War Shaman điều khiển họ thuộc tộc Orcish nào?,Gia tộc phù thủy
Call of Dragons,Which of these characters was once Chieftain of Wilderburg?,Kurrata
Call of Dragons,Nhân vật nào sau đây từng là Thủ lĩnh của Wilderburg?,Một tỏi tây
Call of Dragons,Which mercenary organization was founded by mages who shunned orthodox magic?,The Reavers
Call of Dragons,Tổ chức lính đánh thuê nào được thành lập bởi các pháp sư xa lánh ma thuật chính thống?,Reavers
Call of Dragons,Which of these descriptions of Kella is correct?,She wears circular earrings
Call of Dragons,Mô tả nào sau đây về Kella là đúng?,Cô ấy đeo khuyên tai hình tròn
Call of Dragons,Which of these Heroes was made a general for their efforts on the battlefield?,Hosk
Call of Dragons,Ai trong số những Anh hùng này được phong làm tướng vì những nỗ lực của họ trên chiến trường?,Hosk
Rise of Kingdoms,Quốc kỳ của quốc gia nào giữ kỷ lục thế giới là quốc kỳ được sử dụng liên tục lâu đời nhất?,Đan mạch
Rise of Kingdoms,Khí nào chiếm hơn 90% bầu khí quyển của sao Hỏa?,Cạc-bon đi-ô-xít
Rise of Kingdoms,Kỹ năng nào sau đây KHÔNG phải là một trong những kỹ năng của Lohar?,Sự hủy diệt hoàn toàn
Rise of Kingdoms,Điều nào sau đây không phải là Kỹ năng Vua?,Cứu trợ
Rise of Kingdoms,"Ai là người đưa ra ý tưởng ""Troy""?",Odysseus
Rise of Kingdoms,"Tên gọi nào sau đây là tên gọi khác của ""Cái chết đen"" hoành hành khắp châu Âu trong thời kỳ Hậu Trung Cổ?",Yersinia petis
Rise of Kingdoms,Bức tượng Nàng tiên cá của Đan Mạch được đặt ở thành phố nào?,Copenhagen
Rise of Kingdoms,Cuốn sách chiến lược quân sự được biết đến sớm nhất của Trung Quốc là gì?,"Tôn Tử ""Nghệ thuật chiến tranh"""
Rise of Kingdoms,"Trong thần thoại Hy Lạp, tên của con chó 3 đầu của Hades canh giữ cổng của Thế giới ngầm là gì",Cerberus
Rise of Kingdoms,Người đẹp được cho là nguyên nhân của cuộc chiến thành Troy?,Helen
Rise of Kingdoms,Những nhà Nhân văn phương Bắc như Erasmus được biết đến nhiều nhất vì điều gì?,Mối quan tâm đến tôn giáo và hình thái xã hội
Rise of Kingdoms,Nhà tâm lý học người Đức nào đã khám phá ra đường cong quên lãng của não người?,Hermann Ebbinghaus
Rise of Kingdoms,Tỷ số chuyển đổi của ampe (A) sang miliampe (mA) là?,1/1000
Rise of Kingdoms,Desiderius Erasmus và Thomas More có điểm chung nào sau đây?,Cả hai đều được coi là những người theo chủ nghĩa nhân văn
Rise of Kingdoms,Đảo nào sau đây là đảo lớn nhất thế giới?,Greenland
Rise of Kingdoms,Vị chỉ huy nào đã ký hòa ước với Saladin năm 1192?,Richard tôi
Rise of Kingdoms,Ai là người phụ nữ đầu tiên được tạo ra bởi Hephaestus trong thần thoại Hy Lạp?,Pandora
Rise of Kingdoms,Chỉ huy nào đã chỉ huy đánh chiếm Constantinople khi mới 21 tuổi?,Mehmed II
Rise of Kingdoms,"Quả nào sau đây, được gọi là ""đào sói"", bị cho là có độc?",Cà chua
Rise of Kingdoms,Nền nào sau đây còn được gọi là Đế chế Đông La Mã?,Đế chế Byzantine
Rise of Kingdoms,Vị vua nào sau đây của Pháp được gọi là Vua Mặt trời?,Thời vua Louis thứ XIV
Rise of Kingdoms,Nhà phát minh nào đã chế tạo đầu máy điện đầu tiên trên thế giới vào năm 1837?,Robert Davidson
Rise of Kingdoms,Loại thánh địa nào cấp tiền thưởng tấn công quân?,Bàn thờ lửa
Rise of Kingdoms,Điều nào sau đây KHÔNG thể tìm thấy trong các Cửa hàng Liên minh?,Chìa khóa vàng
Rise of Kingdoms,Vị vua của quốc gia châu Âu nào đã tài trợ cho chuyến thám hiểm nổi tiếng của Christopher Columbus?,Tây ban nha
Rise of Kingdoms,"Từ thế kỷ 17 đến thế kỷ 19, Vương quốc Phổ chủ yếu là một quốc gia hiện đại",Nước Đức
Rise of Kingdoms,Spartacus đã làm gì với tư cách nô lệ trước khi lãnh đạo cuộc nổi dậy nô lệ lớn nhất của La Mã cổ đại?,Một đấu sĩ
Rise of Kingdoms,"Ai đã đề xuất ý tưởng triết học về ""Tôi nghĩ, do đó tôi là""?",Descartes
Rise of Kingdoms,Nước nào đã tặng Tượng Nữ thần Tự do cho người dân Mỹ làm quà?,Pháp
Rise of Kingdoms,Nhà vật lý nào sau đây sinh vào ngày giỗ của Galileo Galilei và mất vào ngày sinh của Albert Einstein?,Stephen Hawking
Rise of Kingdoms,"Ai được gọi là ""Napoléon của tội ác"" trong một số câu chuyện của Sherlock Holmes?",Giáo sư Moriarty
Rise of Kingdoms,Đảo nào sau đây lớn nhất thế giới?,Greenland
Rise of Kingdoms,Tòa nhà nào ban đầu được xây dựng ở London để tổ chức Triển lãm lớn về ngành công trình của tất cả các quốc gia được tổ chức vào năm 1851?,Cung điện Pha lê
Rise of Kingdoms,Công trình nào sau đây được xây dựng theo lệnh của Shah Jahan để tưởng nhớ vợ ông là Mumtaz Mahal?,Taj Mhal
Rise of Kingdoms,Cuộc chiến nào đã xảy ra giữa nhà Bristish của Lancaster và York để giành lấy ngai vàng của nước Anh?,Cuộc chiến của hoa hồng
Rise of Kingdoms,Tiêu thụ không đủ yếu tố nào có thể dẫn đến bệnh to tuyến giáp?,Iốt
Rise of Kingdoms,Vị vua nào của Pháp được gọi là Saint Louis?,Louis IX
Rise of Kingdoms,Vật liệu mềm nhất mà loài người biết đến là gì?,Talc
Rise of Kingdoms,Một trong những Hiệp sĩ Bàn tròn,Lancelot
Rise of Kingdoms,"Ba vương quốc của Hàn Quốc nơi Baekje, Silla, và?",Goguryeo
Rise of Kingdoms,"Nguồn nào sau đây là nguồn năng lượng không thể tái sinh (như than đá, dầu mỏ hoặc khí đốt tự nhiên)?",Nhiên liệu hoá thạch
Rise of Kingdoms,Nguồn nào sau đây là nguồn năng lượng thay thế dựa trên sự phân tách các nguyên tử nặng thành những nguyên tử nhẹ hơn để giải phóng năng lượng?,Năng lượng hạt nhân
Rise of Kingdoms,Cuộc chiến nào đã kết thúc sự thống trị của House of Plantagenet và bắt đầu sự thống trị của những người Tudors ở Anh?,Cuộc chiến của hoa hồng
Rise of Kingdoms,Chỉ huy nào được mệnh danh là tử thần?,Sarka
Rise of Kingdoms,Cái nào trong số này không phải là tài nguyên thiên nhiên?,Quần áo
Rise of Kingdoms,Các cuộc chiến tranh Punic đã được chiến đấu bởi La Mã Cổ đại và những Đế chế Cổ đại nào khác?,Carthage
Rise of Kingdoms,Nữ Pharaoh cuối cùng của Vương triều Ptolemy là ai?,Cleopatra VII
Rise of Kingdoms,Raphael được biết đến nhiều nhất với việc tạo ra tác phẩm nào sau đây?,Trường học Athens
Rise of Kingdoms,Có bao nhiêu giai đoạn trong sự kiện The Mightiest Governor?,5.0
Rise of Kingdoms,Chỉ huy nào được gọi là lãnh chúa của Kamakura?,Minamoto no Yoshitsune
Rise of Kingdoms,Cấp cao nhất mà Tòa thị chính có thể đạt được trong Rise of Kingdoms là gì?,25.0
Rise of Kingdoms,Quốc gia nào bắt đầu truyền thống của ngày làm việc 8 giờ?,Vương quốc Anh
Rise of Kingdoms,Điều nào sau đây KHÔNG được phát minh ở Trung Quốc?,Máy đo địa chấn
Rise of Kingdoms,"Trong khi Gutenberg giới thiệu máy in ở châu Âu, phát minh của ông bị ảnh hưởng bởi quốc gia nào, người đầu tiên phát triển loại có thể chuyển động?",Trung Quốc
Rise of Kingdoms,"Bốn giống Guzheng chính ở Trung Quốc cổ đại là Haozhong, Luqi, Jiaowei, và ...?",Raoliang
Rise of Kingdoms,Kỹ năng nào sau đây KHÔNG phải là một trong những kỹ năng của El Cid?,Tinh thần hiệp sĩ
Rise of Kingdoms,Minamoto no Yoshitsune đã cùng ai gây dựng một đội quân để chống lại Taira no Kiyomori?,Minamoto no Yoritomo
Rise of Kingdoms,Màu da của gấu bắc cực là gì?,Đen
Rise of Kingdoms,"Sự khác biệt giữa các loài, như mỏ chim khác nhau, được gọi là",Các biến thể
Rise of Kingdoms,Độ dài của marathon tính bằng km là bao nhiêu?,"42,2 km"
Rise of Kingdoms,Rượu sẽ ảnh hưởng đến bộ phận nào của não?,Tiểu não
Rise of Kingdoms,Phần thưởng sức khỏe quân đội bạn có thể nhận được từ Bệnh viện được nâng cấp hoàn chỉnh là gì?,0.01
Rise of Kingdoms,Sách Giao ước được dùng để làm gì?,Nâng cấp lâu đài
Rise of Kingdoms,Loại đơn vị nào mạnh khi chống lại Cung thủ?,Kỵ sĩ
Rise of Kingdoms,Loại đơn vị nào mạnh chống lại Kỵ binh?,Bộ binh
Rise of Kingdoms,Người chỉ huy được coi là kẻ thù của La Mã từ khi còn nhỏ?,Hannibal Barca
Rise of Kingdoms,Ai vẽ Bữa Tiệc Ly?,Leonardo Da Vinci
Rise of Kingdoms,Lịch sử Ai Cập cổ đại trải dài bao nhiêu vương quốc?,"3 - Cũ, Trung, Mới"
Rise of Kingdoms,Đặc điểm nào sau đây không phải là đặc điểm của mỹ thuật thời kỳ phục hưng?,Phẳng / Hai chiều
Rise of Kingdoms,Người bảo trợ nghệ thuật thời Phục hưng nổi tiếng là Công tước Lorenzo thuộc gia đình nào?,Medici
Rise of Kingdoms,Điều nào sau đây không phải là trụ cột của thời kỳ Phục hưng?,Cách cư xử
Rise of Kingdoms,"Điều nào sau đây là một phong trào trí thức thời Phục hưng, trong đó các nhà tư tưởng nghiên cứu các văn bản cổ điển và tập trung vào tiềm năng và thành tựu của con người?",Chủ nghĩa nhân văn
Rise of Kingdoms,"Giai đoạn nào của lịch sử châu Âu, kéo dài từ năm 1300 đến năm 1600, đã chứng kiến ​​sự quan tâm trở lại đối với văn hóa cổ điển và dẫn đến những thay đổi sâu rộng trong nghệ thuật, học tập và quan điểm về thế giới?",Thời phục hưng
Rise of Kingdoms,Đơn vị nào mạnh chống bộ binh?,Người bắn cung
Rise of Kingdoms,Hich trong số các chỉ huy sau đây xuất sắc dẫn đầu Calvary?,Minamoto no Yoshitsune
Rise of Kingdoms,Điều nào sau đây không đạt được Tín chỉ cá nhân?,Cung cấp tài nguyên cho đồng minh.
Rise of Kingdoms,Tại sao ếch và các sinh vật khác sinh ra nhiều trứng / con?,Càng nhiều con đẻ ra càng có nhiều khả năng sống sót
Rise of Kingdoms,"Các họa sĩ thời Phục hưng ở Flanders, cũng như ở Ý, có xu hướng sản xuất loại tác phẩm nghệ thuật nào?",Thực tế
Rise of Kingdoms,Điều gì đã cung cấp hỗ trợ kinh tế chính cho thời kỳ phục hưng?,Những người bảo trợ giàu có
Rise of Kingdoms,Tại sao những đặc điểm thuận lợi có nhiều khả năng được truyền cho con cái hơn?,Vì chúng có nhiều khả năng sống sót và sản xuất ...
Rise of Kingdoms,"Sau khi thành lập vào thế kỷ thứ 6 trước Công nguyên, thể chế nào của Cộng hòa La Mã phục vụ như một quốc hội tham vấn?",Thượng nghị viện
Rise of Kingdoms,Tên của điện được sản xuất bằng năng lượng nước sử dụng các đập lớn trên sông là gì?,Thủy điện
Rise of Kingdoms,Quá trình tách nguyên tử được gọi là,Sự phân hạch
Rise of Kingdoms,Ông già Noel đi trên xe trượt tuyết do con vật nào kéo?,Tuần lộc
Rise of Kingdoms,Cuộc chiến nào đã xảy ra giữa nhà Lancaster và York để tranh giành ngai vàng của nước Anh?,Cuộc chiến của hoa hồng
Rise of Kingdoms,Ai trong số này là chỉ huy duy nhất đánh bại Cyrus vĩ đại trong trận chiến?,Tomyris
Rise of Kingdoms,Người chỉ huy nào sau đây đã tham gia cuộc nổi dậy chống lại chính chồng cô?,Constance
Rise of Kingdoms,Người chỉ huy nào có biệt danh là Người rợ rống?,Lohar
Rise of Kingdoms,Chỉ huy nào được ghép với Minamoto?,Tomoe Gozen
Rise of Kingdoms,Vị tướng nào sau đây là tướng trong Chiến tranh Genpei của Nhật Bản?,Tomoe Gozen
Rise of Kingdoms,"Trong thần thoại Hy Lạp, chàng hoàng tử xứ sở Paris đã tặng quả táo vàng có khắc hình nữ thần xinh đẹp nhất cho ai?",Aphrodite
Rise of Kingdoms,"Trong 12 con giáp của Trung Quốc, con giáp nào đứng trước?",Chuột / Chuột
Rise of Kingdoms,Nền văn minh nào đầu tiên có nhà vệ sinh công cộng?,Rome cổ đại
Rise of Kingdoms,Loại nào sau đây là nhiên liệu hóa thạch được hình thành từ các sinh vật biển thường được tìm thấy trong các lớp gấp khúc hoặc nghiêng và được sử dụng để sưởi ấm và nấu ăn?,Khí tự nhiên
Rise of Kingdoms,Nguồn nào sau đây là nguồn năng lượng vô tận phụ thuộc vào magma nóng hoặc đá khô nóng dưới mặt đất?,Địa nhiệt
Rise of Kingdoms,Vật nào sau đây được coi là nguồn năng lượng?,Dầu mỏ
Rise of Kingdoms,"Ưu điểm của máy in Johannes Gutenberg bao gồm tất cả những điều sau, ngoại trừ",Tăng quyền lực của nhà thờ
Rise of Kingdoms,Ai là người phát minh ra máy in?,Johann Gutenberg
Rise of Kingdoms,Ai là người thành lập Vương quốc Asturias?,Pelagius
Rise of Kingdoms,Raphael được biết đến nhiều nhất vì?,Trường học Athens
Rise of Kingdoms,Giai đoạn nào sau đây là giai đoạn của Thống đốc Mạnh nhất?,Loại bỏ kẻ thù
Rise of Kingdoms,Cái nào trong hai cái này được tạo ra bởi Leonardo da Vinci?,"Bữa tối cuối cùng, Mona Lisa"
Rise of Kingdoms,Cuộc chiến nào đã xảy ra giữa người Anh?,War of Roses
Rise of Kingdoms,Hai công trình chính được quy cho homer?,The Odyssey and the Iliad
Rise of Kingdoms,Chỉ huy nào có biệt danh là Father of Conquest?,Baibars
Rise of Kingdoms,Người chỉ huy nào được gọi là Lady of the Mercians?,Æthelflæd
Rise of Kingdoms,Chỉ huy nào là một phần của Trận chiến Xích Bích?,Cao Cao
Rise of Kingdoms,Nhà thám hiểm người Bồ Đào Nha nào là người châu Âu đầu tiên đi thuyền đến cực nam của châu Phi?,Bartolomeu Dias
Rise of Kingdoms,Máy lạnh được phát minh ở nước nào?,Hoa Kỳ
Rise of Kingdoms,"Trong thần thoại Hy Lạp, anh hùng nào đã yêu cầu Bộ lông cừu vàng?",Jason
Rise of Kingdoms,"""Cuối cùng biện minh cho phương tiện"" là một niềm tin chính của tác giả của ""The Prince"". Tên của anh ấy là gì?",Machiavelli
Rise of Kingdoms,Ai đã vẽ nàng Mona Lisa?,Leonardo da Vinci
Rise of Kingdoms,Loại có thể di chuyển được sử dụng lần đầu tiên ở nước nào?,Trung Quốc
Rise of Kingdoms,“Nút thắt Windsor” được vua nào của nước Anh ưa chuộng?,Edward VIII
Rise of Kingdoms,"Học giả Hy Lạp cổ đại nào đã đặt nền móng cho nền toán học châu Âu trong tương lai và là tác giả của cuốn ""Các yếu tố"" của hình học?",Euclid
Rise of Kingdoms,Ai là vị vua duy nhất của nước Anh bị xử tử?,Charles I
Rise of Kingdoms,Oda Nobunaga đã nói gì về 4 từ đó?,Quy tắc bằng lực lượng tuyệt đối
Rise of Kingdoms,"Trong trường hợp bình thường, mắt thường ta có thể nhìn thấy mặt trời ở tầng nào?",Photosphere
Rise of Kingdoms,Vòng Olympic màu xanh lục tượng trưng cho điều nào sau đây?,Châu đại dương
Rise of Kingdoms,Nhà vật lý Hy Lạp cổ đại nào đã phát hiện ra khái niệm về lực nổi khi đang tắm?,Archimedes
Rise of Kingdoms,Làm thế nào để bạn nhận được các khoản tín dụng Công nghệ Liên minh?,Bằng cách quyên góp cho Liên minh
Rise of Kingdoms,Đột biến là sự thay đổi cái gì?,DNA
Rise of Kingdoms,Người sáng lập Kentucky Fried Chicken (KFC) được xếp hạng danh dự nào?,Đại tá
Rise of Kingdoms,Thành phố-nhà nước nào của Hy Lạp cổ đại được biết đến với sự dũng cảm và huấn luyện quân sự tàn bạo?,Sparta
Rise of Kingdoms,Nữ hoàng Victoria của Anh là một phần của ngôi nhà hoàng gia nào?,Ngôi nhà của Hanover
Rise of Kingdoms,Nguồn nào sau đây là nguồn năng lượng không thể quay được?,Nước
Rise of Kingdoms,Vị chỉ huy nào được coi là kẻ thù của La Mã ngay từ thuở nhỏ?,Hannibal Barca
Rise of Kingdoms,"Nhóm nghệ thuật nào được mệnh danh là ""Kho báu quốc gia"" của Canada?",Cirque du Soleil
Rise of Kingdoms,Hoàng đế La Mã nào được đặt tên là Augustus sau khi kết thúc một cuộc nội chiến?,Gaius Octavius
Rise of Kingdoms,"Trong thần thoại Bắc Âu, ai đã sử dụng vũ khí Gungnir?",Odin
Rise of Kingdoms,Các nhà nhân văn phương Bắc như Erasmus được biết đến nhiều nhất để làm gì?,Các tôn giáo
Rise of Kingdoms,"Trong thời kỳ Phục hưng, tại sao Florence lại có ý nghĩa quan trọng?",Nơi ra đời của thời kỳ Phục hưng
Rise of Kingdoms,Thống đốc có thể có bao nhiêu điểm hành động?,1000.0
Rise of Kingdoms,Tên nào sau đây là tên của đá trầm tích được hình thành từ nguyên liệu thực vật đã phân hủy ở các vùng đầm lầy?,Than đá
Rise of Kingdoms,Ashoka Đại đế là vua của vương quốc Ấn Độ cổ đại nào?,Maurya
Rise of Kingdoms,Loài người thường được cho là có nguồn gốc từ lục địa nào?,Châu phi
Rise of Kingdoms,Tên của năng lượng tái tạo có nguồn gốc từ việc đốt cháy các vật liệu hữu cơ như gỗ và rượu?,Sinh khối
Rise of Kingdoms,Vua Louis XIV của Pháp đã chuyển Hoàng gia đến đâu vào năm 1682?,Cung điện của Versailles
Rise of Kingdoms,Ai là Hoàng đế của Đế chế Pháp đầu tiên?,Napoléon Bonaparte
Rise of Kingdoms,Chỉ huy nào sau đây xuất sắc trong việc dẫn đầu các cung thủ?,Yi Seong-Gye
Rise of Kingdoms,Ai là người thành lập triều đại joseon?,Yi Seong-Gye
Rise of Kingdoms,Trung tâm của một cơn bão được gọi là gì?,Con mắt
Rise of Kingdoms,Chính khách lỗi lạc nào đã từng là tướng đầu tiên của Mạc phủ Edo vào cuối thời Chiến quốc của Nhật Bản?,Tokugawa Ieyasu
Rise of Kingdoms,"Trong Ark of Osiris, bạn định lấy Ark ở đâu?",Hộ tống Ark đến một tòa nhà không có kẻ thù
Rise of Kingdoms,Nhóm nào đã chinh phục Đế chế Byzantine?,Người Ottoman
Rise of Kingdoms,Điểm tập hợp cho cuộc Thập tự chinh đầu tiên ở đâu?,Constantinople
Rise of Kingdoms,Từ nào sau đây là thuật ngữ chỉ vật liệu có giá trị có nguồn gốc địa chất có thể khai thác từ trái đất,Tài nguyên thiên nhiên
Rise of Kingdoms,Chất nào sau đây là nhiên liệu hóa thạch lỏng được hình thành từ sinh vật biển được đốt cháy để thu năng lượng và dùng để sản xuất chất dẻo?,Dầu
Rise of Kingdoms,"Lần đầu tiên được tạo ra ở Hy Lạp cổ đại, lời thề Hippocrate áp dụng cho ngành nghề nào?",Nhiêu bác sĩ
Rise of Kingdoms,Ai là người sở hữu mọi thứ trong các Vương quốc Ai Cập cổ đại?,Pharaoh
Rise of Kingdoms,Ashoka đại đế là vua của vương quốc cổ đại nào?,Vương triều Maurya
Rise of Kingdoms,Nghệ sĩ nào đã thiết kế Vương cung thánh đường Thánh Peter ở Vatican?,Michelangelo
Rise of Kingdoms,Ai được đồng hương ca ngợi là đại diện dân chủ trung thực và tốt nhất của Hy Lạp cổ đại?,Pericles
Rise of Kingdoms,Tên của cuộc cách mạng năm 1688 thiết lập chế độ quân chủ lập hiến ở Anh là gì?,Cuộc cách mạng vinh quang
Rise of Kingdoms,Điều nào sau đây không phải là kỹ năng bị động của Pelagius?,Sạc điện
Rise of Kingdoms,Chính khách lỗi lạc nào đã từng là vị tướng đầu tiên của Mạc phủ Edo vào cuối thời kỳ chiến quốc của Nhật Bản?,Tokugawa Ieyasu
Rise of Kingdoms,Nền văn minh cổ đại duy nhất phát triển trong rừng rậm nhiệt đới chứ không phải lưu vực sông?,Người Inca
Rise of Kingdoms,Dân tộc nào thành lập nền văn minh Lưỡng Hà sớm nhất?,Người Sumer
Rise of Kingdoms,Những cơn gió lốc xoáy hình nón đáng chú ý để làm gì?,Quay
Rise of Kingdoms,Ai chỉ huy Quân đội Mẫu mới do Nghị viện thành lập trong Nội chiến Anh?,Cromwell
Rise of Kingdoms,Hoàng đế đầu tiên của La Mã là ai?,Gaius Octavius ​​Augustus
Rise of Kingdoms,Loại nước giải khát nào được phát minh bởi dược sĩ người Mỹ John Pemberton?,Cô-ca Cô-la
Rise of Kingdoms,Người chỉ huy nào sau đây giỏi thu thập tài nguyên?,Cleopatra VII
Rise of Kingdoms,Một quần thể càng có nhiều biến dị di truyền thì khả năng một số cá thể sẽ như thế nào?,Sống sót
Rise of Kingdoms,Chỉ huy nào xuất sắc dẫn đầu bộ binh?,Richard tôi
Rise of Kingdoms,Kẻ nào sau đây là kẻ thù của Richard the Lionheart?,Saladin
Rise of Kingdoms,"Trong thần thoại Hy Lạp, anh hùng nào đã tìm kiếm bộ lông cừu vàng?",Jason
Rise of Kingdoms,Chuyển thể đến từ đâu?,Cả đột biến và tái tổ hợp gen.
Rise of Kingdoms,Thành Cát Tư Hãn bắt đầu xây dựng Đế chế Mông Cổ của mình từ đâu?,Châu Á
Rise of Kingdoms,Ai là người sáng lập ra Đế chế Mông Cổ?,Thành Cát Tư Hãn
Rise of Kingdoms,Tên của hiện tượng mà các sinh vật thích nghi tốt hơn với môi trường sống sót để truyền các tính trạng cho con cái của chúng là gì?,Chọn lọc tự nhiên
Rise of Kingdoms,Chỉ huy nào sau đây là một phần của cuộc chiến tranh trăm năm?,Joan of Arc
Rise of Kingdoms,Chỉ huy nào được đặt biệt danh là bãi cỏ chết chóc?,Sarka
Rise of Kingdoms,Khám phá nào khiến việc giải mã chữ tượng hình trở nên khả thi?,Đá Rosetta.
Rise of Kingdoms,"Kính đeo mắt được làm bằng thạch anh, cát, và chất gì?",Dầu mỏ
Rise of Kingdoms,"Khi Achilles từ chối chiến đấu, Patroclus mặc áo giáp cho Achilles, chiến đấu với lũ trojan và chết, Patroclus bị ai giết?",Hector
Rise of Kingdoms,"Trong Ark of Osiris, tốc độ nào có thể được sử dụng?",Tăng tốc độ chữa bệnh
Rise of Kingdoms,Đế chế Mughal mang Hồi giáo đến đâu?,Hầu hết Ấn Độ
Rise of Kingdoms,Pháp và Đức đều từng thuộc Vương quốc phong kiến ​​nào?,Francia
Rise of Kingdoms,"Trong lịch sử Nga, biệt danh nào mà Tzar đầu tiên được đặt cho chế độ chuyên chế của họ?",Ivan Bạo chúa
Rise of Kingdoms,Vật nào sau đây được coi là tài nguyên kim loại?,Bàn là
Rise of Kingdoms,Chỉ huy nào được gọi là Kẻ chinh phục hỗn loạn?,Cao Cao
Rise of Kingdoms,Bộ luật Babylon nào là bộ luật thành văn đầy đủ đầu tiên trong lịch sử được ghi chép lại?,Bộ luật Hammurabi
Rise of Kingdoms,"Người châu Âu nào đã viết tạp chí du lịch đầu tiên trình bày chi tiết về lịch sử, văn hóa và nghệ thuật của Trung Quốc?",Marco Polo
Rise of Kingdoms,"Định dạng hài phác thảo xuyên âm của Trung Quốc bắt nguồn từ ba nơi: Thiên Kiều ở Bắc Kinh, Chợ Lượng Tử ở Thiên Tân và nơi nào ở Nam Kinh?",Fuzimiao
Rise of Kingdoms,Homer 'The Iliad' tập trung vào các sự kiện xảy ra trong cuộc chiến hay trận chiến nào?,Cuộc chiến trojan
Rise of Kingdoms,Điều nào sau đây không phải là một phần của quốc kỳ Mexico.?,Lạc đà
Rise of Kingdoms,Chỉ huy nào được gọi là Celtic Rose?,Boudica
Rise of Kingdoms,Loại thiên tai nào được đo bằng thang độ Richter?,Động đất
Rise of Kingdoms,Truyện tranh nào được sách kỷ lục Guinness thế giới công nhận là truyện tranh có số lượng phát hành tích lũy lớn nhất so với truyện tranh của một tác giả?,Eiichiro Oda / One Piece
Rise of Kingdoms,"Ở Hy Lạp cổ đại, nhà triết học nào thích thảo luận về các ý tưởng trên một con phố mà sau đó có biệt danh là Trường học Peripatetic?",Aristotle
Rise of Kingdoms,Thí nghiệm Tháp nghiêng Pisa của Galileo đã lật ngược lý thuyết của các nhà khoa học Hy Lạp cổ đại nào?,Aristotle
Rise of Kingdoms,Vị chỉ huy nào đã thể hiện thiên tài quân sự của họ trong trận chiến Poitiers vào thế kỷ 8 sau Công nguyên?,Charles Martel
Rise of Kingdoms,Người chỉ huy nào đã thể hiện thiên tài quân sự của họ trong trận Tours vào thế kỷ thứ 8 sau Công nguyên?,Charles Martel
Rise of Kingdoms,Những người lính của La Mã cổ đại lấy vũ khí và áo giáp của họ ở đâu?,Chúng tôi
Rise of Kingdoms,Ai đã viết Art of War?,Binh pháp Tôn Tử
Rise of Kingdoms,Loại nào sau đây được coi là quốc hoa của Philippines?,Sampaguita
Rise of Kingdoms,Tên của điện được sản xuất bằng nước sử dụng các đập lớn trên sông là gì?,Năng lượng thủy điện
Rise of Kingdoms,"Cuốn tự truyện ""Sống để kể chuyện"" đã đoạt giải Nobel Văn học của ai?",Gabriel García Márquez
Rise of Kingdoms,Biện pháp chính thức nào khiến việc cho Martin Luther thức ăn hoặc chỗ ở trở thành tội phạm?,Sắc lệnh của Worms
Rise of Kingdoms,Thành phố nào sau đây đăng cai Thế vận hội năm 1900?,Paris
Rise of Kingdoms,Taj Mahal được xây dựng vào triều đại nào của Ấn Độ?,Vương triều Mughal
Rise of Kingdoms,Vị hoàng đế nào đã ban hành Tuyên ngôn thành Milan?,Constantine I
Rise of Kingdoms,"Thành tích nào sau đây phải hoàn thành trước thành tích ""Bông tuyết đặc biệt""?",Tấn công tầm xa
Rise of Kingdoms,Chỉ huy Lancelot giỏi cái gì?,Các đơn vị kỵ binh hàng đầu
Rise of Kingdoms,Commander Baybars giỏi cái gì?,Các đơn vị kỵ binh hàng đầu
Rise of Kingdoms,Chỉ huy Hermann giỏi cái gì?,Cung thủ hàng đầu
Rise of Kingdoms,Chỉ huy Osman tôi giỏi cái gì?,Tấn công các thành phố
Rise of Kingdoms,Có thể nhận được buff nào khi chiếm Sanctum of Courage?,Tăng EXP nhận được bởi các chỉ huy
Rise of Kingdoms,Chỉ huy Hannibal Barca giỏi điều gì?,Tấn công các thành phố
Rise of Kingdoms,Ai đã chiến thắng trong cuộc chiến thành Troy?,Người Hy Lạp
Rise of Kingdoms,Đế chế cũ hiện nay trên đất nước Châu Á,Iran
Rise of Kingdoms,Chỉ huy Eulji Mundeok giỏi cái gì?,Đơn vị bộ binh dẫn đầu
Rise of Kingdoms,"Trong Chiến tranh Punic lần thứ hai, trong trận chiến nào mà quân đội La Mã đông hơn rất nhiều người Hannibal đã đánh bại?",Trận chiến của Cannae
Rise of Kingdoms,"Một ""ngày"" trên hành tinh Sao Kim xấp xỉ bằng bao nhiêu ngày trên trái đất?",243 ngày
Rise of Kingdoms,Khí nào sau đây KHÔNG phải là một trong những khí nhà kính chính trong khí quyển trái đất?,Nitơ
Rise of Kingdoms,"Một cách sử dụng khác của gin, ngoài việc là một thức uống phổ biến, vào thế kỷ 18 là gì?",Thuốc
Rise of Kingdoms,"Khi đánh bắt và thả cá biển sâu, tại sao phải chọc thủng bàng bơi của chúng?",Để ngăn chúng chết vì những chiếc phao bơi căng phồng
Rise of Kingdoms,Yếu tố nào sau đây cho phép một số loại đồ uống hỗn hợp nhất định được xếp lớp?,Tỉ trọng
Rise of Kingdoms,Khủng long đầu tiên tồn tại khi nào?,Trias
Rise of Kingdoms,Binh pháp Tôn Tử giỏi cái gì?,Các đơn vị đồn trú hàng đầu của thành phố.
Rise of Kingdoms,Không khí thường trong lành hơn sau cơn giông vì nó đã được làm giàu bằng loại khí nào?,Khí quyển
Rise of Kingdoms,"Asoka vĩ đại, là vua của vương quốc Ấn Độ cổ đại",Maurya
Rise of Kingdoms,Ai đã nghĩ ra ý tưởng về Con ngựa thành Troy? Ai đã chiến thắng trong cuộc chiến thành Troy?,Odysseus; Người Hy Lạp
Rise of Kingdoms,Keira đã từng bất chấp sự kỳ vọng của thế giới về mình trong một trận chiến vinh quang. Trận chiến này diễn ra ở đâu?,Hooàng hôn
Rise of Kingdoms,Đền Trời của Trung Quốc được xây dựng dưới triều đại của vị hoàng đế nào?,Hoàng đế Yongle (Zhu Di)
Rise of Kingdoms,Kỹ năng nào sau đây KHÔNG phải là một trong những kỹ năng của Keira?,Máu ngỗ ngược
Rise of Kingdoms,Danh hiệu 'Nữ hoàng' của vương quốc tăng theo thứ tự nào sau đây?,Tốc độ thu thập
Rise of Kingdoms,Ai là người đầu tiên trong số những người con của Henry VIII trị vì nước Anh?,Edward VI
Rise of Kingdoms,Henry I lên ngôi Englnd vào năm 1100 sau khi người họ hàng nào qua đời?,Anh trai của anh ấy
Rise of Kingdoms,Điều gì gây ra mùi đặc biệt trong không khí sau khi trời mưa?,Ảnh hưởng của xạ khuẩn
Rise of Kingdoms,"Trong số các quốc gia sau, quốc gia nào có diện tích nhỏ nhất?",Thành phố Vatican
Rise of Kingdoms,Bộ phận khó nhất trên cơ thể con người là gì?,Men răng
Rise of Kingdoms,Nhân vật lịch sử nào được chôn trong Đền khắc ở Palenque?,Pakal Đại đế
Rise of Kingdoms,Mô tả nào sau đây là chính xác về khí hậu Địa Trung Hải?,"Mùa hè nóng, khô và mùa đông mát, ẩm ướt."
Rise of Kingdoms,Kỹ năng nào sau đây KHÔNG phải là một trong những kỹ năng của Belisarius?,Lực lượng nguy hiểm
Rise of Kingdoms,Mô tả danh hiệu vương quốc nào sau đây là KHÔNG ĐÚNG?,Thủ tướng đã tăng cường tấn công quân.
Rise of Kingdoms,"Trong trang Chế độ xem chỉ huy, các chỉ huy đóng vai trò là ""thợ khoan"" nhận được ưu đãi gì?",+ 1% Tấn công quân
Rise of Kingdoms,"Trong trang Chế độ xem chỉ huy, các chỉ huy hoạt động với tư cách là ""Kiểm lâm viên"" nhận được ưu đãi gì?",+ 5% XP nhận và sát thương so với Barbarians
Rise of Kingdoms,"Trong trang Chế độ xem chỉ huy, các chỉ huy đóng vai trò là ""Nhân viên thuế"" sẽ nhận được ưu đãi gì?",+ 5% tốc độ thu thập
Rise of Kingdoms,"Trong trang Chế độ xem chỉ huy, các chỉ huy hoạt động như một ""Người bảo vệ sắt"" sẽ nhận được ưu đãi gì?",+ 1% Máu quân
Rise of Kingdoms,"Trong trang Chế độ xem chỉ huy, các chỉ huy đóng vai trò là ""Đội trưởng cung cấp"" sẽ nhận được ưu đãi gì?",+ 5% Tốc độ thu thập và tải quân
Rise of Kingdoms,"Trong trang Chế độ xem chỉ huy, các chỉ huy đóng vai trò là ""Đội trưởng phụ trách"" sẽ nhận được những ưu đãi gì?",+ 1% Tốc độ tấn công tập hợp & tập hợp quân số tháng 3
Rise of Kingdoms,"Trong trang Chế độ xem chỉ huy, các chỉ huy đóng vai trò là ""Vua đầu"" nhận được những ưu đãi gì?",+ 1% Lực lượng Phòng thủ và Máu
Rise of Kingdoms,"Trong số các chỉ huy dưới đây, chỉ huy nào phù hợp nhất để dẫn quân chống lại kẻ thù bộ binh?",Hermann
Rise of Kingdoms,Điều nào sau đây được đồng hương ca ngợi là đại diện dân chủ trung thực và tốt nhất của Hy Lạp cổ đại?,Pericles
Rise of Kingdoms,"Trong số các chỉ huy dưới đây, chỉ huy nào phù hợp nhất để dẫn quân CHỐNG lại kẻ thù bắn cung?",Cao Cao
Rise of Kingdoms,"Trong số các chỉ huy dưới đây, tướng nào thích hợp nhất để dẫn quân CHỐNG lại kẻ thù kỵ binh?",Binh pháp Tôn Tử
Rise of Kingdoms,Mô tả danh hiệu vương quốc nào sau đây không chính xác?,Quân đội của Dukes đã tăng cường tấn công
Rise of Kingdoms,"Trong số các chỉ huy dưới đây, chỉ huy nào là phù hợp nhất để dẫn quân khi thu thập tài nguyên?",Seondeok
Rise of Kingdoms,"Vào thời nhà Hán của Trung Quốc, ai đã mở con đường tơ lụa theo lệnh của Hoàng đế Ngô?",Zhang Qian
Rise of Kingdoms,Tại sao bệnh còi từng là một vấn đề phổ biến đối với các thủy thủ?,Thiếu trái cây tươi và rau quả trong những chuyến đi dài
Rise of Kingdoms,Tại sao uống cà phê lại khiến người ta cảm thấy tỉnh táo hơn?,Nó chứa caffeine
Rise of Kingdoms,Bệnh nào sau đây có thể do thiếu vitamin D?,Bệnh còi xương
Rise of Kingdoms,Nhân viên thuế quan,Tốc độ thu gom +5%
Rise of Kingdoms,Thánh đường dũng cảm,Nhận kinh nghiệm chỉ huy 10%
Rise of Kingdoms,Tại sao scurvy là ván đề của thủy thủ,Thiếu trái cây tươi và rau quả trong những chuyến đi dài
Rise of Kingdoms,Brazil tổ chức olympic ở?,Rio dranero
Rise of Kingdoms,Không phải là kỹ năng của Matilda Flanders,Dòng máu
Rise of Kingdoms,"Tên nào sau đây là tên gọi khác của ""Cái chết đen"" hoành hành khắp châu Âu trong thời kỳ Hậu Trung Cổ?",Yersinia pestis
Rise of Kingdoms,"Trong thần thoại Hy Lạp, tên của con chó 3 đầu của Hades canh giữ cánh cổng của Thế giới ngầm là gì",Cerberus
Rise of Kingdoms,Người đẹp được cho là nguyên nhân của cuộc chiến thành Troy là ai?,Helen
Rise of Kingdoms,Những nhà Nhân văn phương Bắc như Erasmus thường được biết đến nhiều nhất vì điều gì?,Mối quan tâm đến tôn giáo và hình thái xã hội
Rise of Kingdoms,Ai đầu tiên thực hiện Lịch Julian ở Rome?,Julius Caesar
Rise of Kingdoms,Chỉ huy nào đã chỉ huy đánh chiếm Constantinople năm 21 tuổi?,Mehmed II
Rise of Kingdoms,"Ai được gọi là ""Napoléon của tội ác"" trong một số câu chuyện về Sherlock Holmes?",Giáo sư Moriarty
Rise of Kingdoms,Tòa nhà nào ban đầu được xây dựng ở Luân Đôn để tổ chức Triển lãm lớn về ngành công trình của tất cả các quốc gia được tổ chức vào năm 1851?,Cung điện pha lê
Rise of Kingdoms,Ăn không đủ nguyên tố nào có thể dẫn đến bệnh to tuyến giáp?,Iốt
Rise of Kingdoms,Quốc gia nào ở châu Á trùng với đế chế Parthia trước đây?,Iran
Rise of Kingdoms,Vật nào sau đây là Hiệp sĩ của Bàn tròn?,Lancelot
Rise of Kingdoms,Nguồn nào sau đây là nguồn năng lượng thay thế dựa trên sự phân tách các nguyên tử nặng thành các nguyên tử nhẹ hơn để giải phóng năng lượng?,Năng lượng hạt nhân
Rise of Kingdoms,Cuộc chiến nào đã kết thúc sự cai trị của House of Plantagenet và bắt đầu sự cai trị của những người Tudors ở Anh?,Cuộc chiến của hoa hồng
Rise of Kingdoms,Chỉ huy nào được biết đến là lãnh chúa của Kamakura?,Minamoto no Yoshitsune
Rise of Kingdoms,"Sự khác biệt giữa các loài, chẳng hạn như các mỏ chim khác nhau, được gọi là",Các biến thể
Rise of Kingdoms,Phần thưởng sức khỏe quân đội bạn có thể nhận được từ một Bệnh viện được nâng cấp hoàn chỉnh là gì?,0.01
Rise of Kingdoms,Tại sao ếch và các sinh vật khác đẻ nhiều trứng / con?,Càng nhiều con đẻ ra càng có nhiều khả năng sống sót
Rise of Kingdoms,Tên của điện năng được sản xuất bằng năng lượng nước sử dụng các đập lớn trên sông là gì?,Thủy điện
Rise of Kingdoms,Ông già Noel đi trên một chiếc xe trượt tuyết do con vật nào kéo?,Tuần lộc
Rise of Kingdoms,Chỉ huy nào được đặt biệt danh là Người man rợ gầm rú?,Lohar
Rise of Kingdoms,"Trong thần thoại Hy Lạp, hoàng tử xứ troy của Paris đã tặng quả táo vàng có khắc hình nữ thần xinh đẹp nhất cho ai?",Aphrodite
Rise of Kingdoms,Loại nào sau đây là nguồn năng lượng vô tận phụ thuộc vào magma nóng hoặc đá khô nóng bên dưới mặt đất?,Địa lý
Rise of Kingdoms,Nền kinh tế của Ai Cập chủ yếu dựa trên cái gì?,Nông nghiệp
Rise of Kingdoms,Nhà thám hiểm người Bồ Đào Nha nào là người châu Âu đầu tiên đi thuyền đến mũi phía nam của châu Phi?,Bartolomeu Dias
Rise of Kingdoms,"""Cuối cùng biện minh cho phương tiện"" là một niềm tin quan trọng của tác giả của ""The Prince"". Tên của anh ấy là gì?",Machiavelli
Rise of Kingdoms,“Nút thắt Windsor” được vua nào của nước Anh sử dụng phổ biến?,Edward VIII
Rise of Kingdoms,"Trong trường hợp bình thường, bằng mắt thường ta có thể nhìn thấy mặt trời ở tầng nào?",Photosphere
Rise of Kingdoms,Chỉ huy nào được biết đến với cái tên Barbarossa?,Frederick I
Rise of Kingdoms,Người sáng lập Kentucky Fried Chicken (KFC) đã được trao thứ hạng danh dự nào?,Đại tá
Rise of Kingdoms,Thành phố-nhà nước nào của Hy Lạp cổ đại được biết đến với sự dũng cảm và huấn luyện quân sự tàn bạo của nó?,Sparta
Rise of Kingdoms,Vị chỉ huy nào được coi là kẻ thù của La Mã ngay từ khi còn nhỏ?,Hannibal Barca
Rise of Kingdoms,Những nhà nhân văn phương Bắc như Erasmus được biết đến nhiều nhất để làm gì?,Các tôn giáo
Rise of Kingdoms,Tên nào sau đây là tên của đá trầm tích được hình thành từ xác thực vật mục nát ở các vùng đầm lầy?,Than đá
Rise of Kingdoms,Tên của năng lượng tái tạo có nguồn gốc từ việc đốt cháy các vật liệu hữu cơ như gỗ và rượu là gì?,Năng lượng sinh khối
Rise of Kingdoms,Hoàng đế của Đế chế Pháp đầu tiên là ai?,Napoléon Bonaparte
Rise of Kingdoms,Chính khách lỗi lạc nào từng là vị tướng đầu tiên của Mạc phủ Edo vào cuối thời Chiến quốc của Nhật Bản?,Tokugawa Ieyasu
Rise of Kingdoms,Đâu là điểm tập hợp cho cuộc Thập tự chinh đầu tiên?,Constantinople
Rise of Kingdoms,Từ nào sau đây là thuật ngữ chỉ vật liệu có giá trị có nguồn gốc địa chất có thể được khai thác từ trái đất,Tài nguyên thiên nhiên
Rise of Kingdoms,Kỹ năng nào sau đây không phải là kỹ năng bị động của Pelagius?,Sạc điện
Rise of Kingdoms,Chỉ huy nào sau đây xuất sắc dẫn đầu bộ binh?,Richard tôi
Rise of Kingdoms,Tên của hiện tượng mà các sinh vật thích nghi tốt hơn với môi trường sống sót để truyền các tính trạng cho đời con là gì?,Chọn lọc tự nhiên
Rise of Kingdoms,Người chỉ huy nào được đặt biệt danh là đồng cỏ của cái chết?,Sarka
Rise of Kingdoms,"Kính đeo mắt được cấu tạo từ thạch anh, cát, và chất gì?",Dầu mỏ
Rise of Kingdoms,Người chỉ huy nào được gọi là Người chinh phục hỗn loạn?,Cao Cao
Rise of Kingdoms,Bộ luật nào trong số các Bộ luật Babylon là bộ luật thành văn đầy đủ đầu tiên trong lịch sử được ghi chép lại?,Bộ luật Hammurabi
Rise of Kingdoms,Truyện tranh nào được sách kỷ lục Guinness thế giới công nhận là truyện tranh có số lượng phát hành tích lũy lớn nhất trong số các truyện tranh của một tác giả?,Eiichiro Oda / One Piece
Rise of Kingdoms,"Ở Hy Lạp cổ đại, triết gia nào thích thảo luận về các ý tưởng trên một con phố mà sau đó có biệt danh là Trường học Peripatetic?",Aristotle
Rise of Kingdoms,Thí nghiệm Tháp nghiêng Pisa của Galileo đã lật ngược giả thuyết nào của các nhà khoa học Hy Lạp cổ đại?,Aristotle
Rise of Kingdoms,Vị chỉ huy nào đã thể hiện thiên tài quân sự của họ trong trận chiến Poitiers vào thế kỷ thứ 8 sau Công nguyên?,Charles Martel
Rise of Kingdoms,Vị chỉ huy nào đã thể hiện thiên tài quân sự của họ trong trận Tours vào thế kỷ 8 sau Công nguyên?,Charles Martel
Rise of Kingdoms,Tên của điện được sản xuất bằng nước sử dụng đập lớn trên sông là gì?,Năng lượng thủy điện
Rise of Kingdoms,Biện pháp chính thức nào khiến việc cho Martin Luther thức ăn hoặc chỗ ở trở thành một tội ác?,Sắc lệnh của Worms
Rise of Kingdoms,Thành phố nào trong số những thành phố này đã đăng cai Thế vận hội vào năm 1900?,Paris
Rise of Kingdoms,Chỉ huy Baybars giỏi cái gì?,Các đơn vị kỵ binh hàng đầu
Rise of Kingdoms,Một phần đế chế cũ bây giờ trên đất nước Châu Á,Iran
Rise of Kingdoms,"Trong Chiến tranh Punic lần thứ hai, trong trận chiến nào, một đội quân Hannibal đông hơn rất nhiều đã đánh bại một đội quân La Mã?",Trận chiến của Cannae
Rise of Kingdoms,"Khi đánh bắt và thả cá biển sâu, tại sao việc chọc thủng bàng bơi của chúng lại quan trọng?",Để ngăn chúng chết vì những chiếc phao bơi căng phồng
Rise of Kingdoms,Yếu tố nào sau đây cho phép một số loại đồ uống hỗn hợp được xếp thành lớp?,Tỉ trọng
Rise of Kingdoms,Ai là người đưa ra ý tưởng Trojan Horse? Ai đã thắng trong cuộc chiến thành Troy?,Odysseus; Người Hy Lạp
Rise of Kingdoms,Ai là người đầu tiên trong số những người con của Henry VIII cai trị nước Anh?,Edward VI
Rise of Kingdoms,"Trong trang Chế độ xem chỉ huy, các chỉ huy hoạt động với tư cách là ""thợ khoan"" nhận được ưu đãi gì?",+ 1% Tấn công quân
Rise of Kingdoms,"Trong trang Commander View, các chỉ huy đóng vai trò là ""Iron Guard"" sẽ nhận được những ưu đãi gì?",+ 1% Máu quân
Rise of Kingdoms,"Trong trang Chế độ xem chỉ huy, các chỉ huy hoạt động với tư cách là ""Vua đầu"" nhận được ưu đãi gì?",+ 1% Phòng thủ và Máu của Quân đội
Rise of Kingdoms,"Trong số các chỉ huy dưới đây, chỉ huy nào phù hợp nhất để dẫn quân CHỐNG lại kẻ thù kỵ binh?",Binh pháp Tôn Tử
Rise of Kingdoms,"Vào thời nhà Hán của Trung Quốc, ai là người mở con đường tơ lụa theo lệnh của Hoàng đế Ngô?",Zhang Qian
Rise of Kingdoms,Tại sao uống cà phê khiến người ta cảm thấy tỉnh táo hơn?,Nó chứa caffeine
Rise of Kingdoms,Tư lệnh nào sau đây xuất sắc dẫn đầu kỵ binh?,Minamoto no Yoshitsune
Rise of Kingdoms,Cái nào KHÔNG phải là Kỹ năng Vua?,Cứu trợ
Rise of Kingdoms,Nhà sinh vật học Karl Landsteiner đã đoạt giải Nobel có đóng góp xuất sắc nào cho khoa học?,Khám phá các nhóm máu của con người
Rise of Kingdoms,Mối quan hệ giữa các vị tướng lừng danh Tolui và Thành Cát Tư Hãn là gì?,Cha và con trai
Rise of Kingdoms,Alexander Fleming khám phá ra penicillin vào năm nào?,1928.0
Rise of Kingdoms,Kỹ năng nào sau đây KHÔNG phải là một trong những kỹ năng của Matilda of Flanders?,Máu Celtic
Rise of Kingdoms,Kỹ năng nào sau đây KHÔNG phải là một trong những kỹ năng của Hoa Mộc Lan?,Quân đội bất khuất
Rise of Kingdoms,Nước nào đầu tiên phát minh ra nước hoa?,Síp
Rise of Kingdoms,Nguyên nhân chính của sự hình thành dãy Himalaya là gì?,Va chạm giữa các tấm
Rise of Kingdoms,"Trong thời Chiến Quốc của Trung Quốc, nhà nước nào đã đánh bại 6 nước kia và xây dựng nên đế chế Trung Hoa thống nhất?",Tần
Rise of Kingdoms,Nguyên nhân chính của địa hình karst là gì?,Sự hòa tan của các loại đá hòa tan
Rise of Kingdoms,"Bastille, một nhà tù từng nằm ở trung tâm Paris, Pháp, ban đầu phục vụ cho mục đích gì?",Pháo đài phòng thủ
Rise of Kingdoms,Bác sĩ nào sau đây là người đầu tiên mô tả đầy đủ và chi tiết về tuần hoàn toàn thân và chức năng của tim?,William Harvey
Rise of Kingdoms,"Marco Polo, một nhà thám hiểm và thương gia nổi tiếng, sinh ra ở nước nào?",Cộng hòa Venice
Rise of Kingdoms,Nguyên nhân địa hình karst,Hòa tan các loại đá hòa tan
Rise of Kingdoms,Con nào trong số những con vật này KHÔNG đẻ trứng?,Con dơi
Rise of Kingdoms,"Ngoài ""Lần bạn có thể được giúp đỡ"" và ""Sức mạnh"", thông số nào sau đây của Trung tâm Liên minh cũng có thể được nâng cấp?",Năng lực quân đội tăng cường
Rise of Kingdoms,"Kỹ năng liên minh ""quà tặng của thiên nhiên"" để làm gì?",Triệu hồi điểm tài nguyên trong một khu vực đã chọn (không thể sử dụng trong vương quốc đã mất)
Rise of Kingdoms,Nguyên nhân sâu xa của chứng say độ cao là gì?,Tiếp xúc nhanh chóng với lượng oxy thấp ở độ cao lớn
Rise of Kingdoms,Công trình nào sau đây không thể nâng cấp?,Trạm chuyển phát nhanh
Rise of Kingdoms,"Kỹ năng liên minh ""nạp đầy đủ"" để làm gì?",Tăng tốc độ thu thập của các thành viên liên minh cho một loại tài nguyên.
Rise of Kingdoms,Câu nào sau đây mô tả đúng nhất về Cá hề?,Cá biển nhiệt đới
Rise of Kingdoms,Công nghệ nào xuất hiện ngay trước Heavy Cavalry?,Áo giáp quy mô
Rise of Kingdoms,"Ở Ai Cập cổ đại, điều nào sau đây KHÔNG phải là đặc quyền được trở thành 'Người ghi chép'?",Miễn chi phí khám chữa bệnh nếu ốm đau
Rise of Kingdoms,Điều nào sau đây không phải là lợi ích khi trở thành Người ghi chép về Ai Cập cổ đại?,Ngoại trừ từ bệnh hiểm nghèo được trả lương y tế
Rise of Kingdoms,Làm thế nào mà Kinh thánh Gutenberg được đưa vào sản xuất hàng loạt?,Máy in loại di động
Rise of Kingdoms,Bộ luật Napoléon được thành lập vào năm nào?,1804.0
Rise of Kingdoms,"Nhà khoa học Hà Lan nào được biết đến là ""cha đẻ của vi sinh vật học""?",Antonie van Leeuwenhoek
Rise of Kingdoms,Nhà chiến lược quân sự và nhà cách mạng nổi tiếng Simón Bolívar sinh ra ở nước nào?,Venezuela
Rise of Kingdoms,"Kể từ khi thành lập năm 1863, Ủy ban Chữ thập đỏ Quốc tế đã đoạt giải Nobel Hòa bình bao nhiêu lần?",3.0
Rise of Kingdoms,Tiểu thuyết Tam Quốc Diễn Nghĩa bắt đầu gần cuối của thuốc nhuộm nào của Trung Quốc?,Han
Rise of Kingdoms,Bản giao hưởng số 5 ở C Minor của Beethoven được ra mắt tại nhà hát nào vào năm 1808?,Nhà hát và der Wien
Rise of Kingdoms,"Trong mã Morse, độ dài tính bằng dấu chấm giữa hai từ là bao nhiêu?",7.0
Rise of Kingdoms,"Sau khi Venus Flytrap bắt được côn trùng, nó tiêu hóa và hấp thụ con mồi như thế nào?",Các vạt bên trong của lá tiết ra dịch tiêu hoá.
Rise of Kingdoms,"Trong số những điều sau đây, điều nào có nhiều khả năng đã trực tiếp dẫn đến thời kỳ đồ đồng?",Đồng cứng hơn và bền hơn các kim loại khác có sẵn vào thời điểm đó.
Rise of Kingdoms,Điểm nào sau đây thưởng cho điểm hoạt động hàng ngày?,Đánh bại quân man rợ trên bản đồ
Rise of Kingdoms,Thành phố nào sau đây là thành phố đầu tiên có hệ thống giao thông nhanh dưới lòng đất?,London
Rise of Kingdoms,Vua đầu tiên của Ý sau khi thống nhất vào năm 1861 là ai?,Victor Emmanuel II
Rise of Kingdoms,Giải vô địch quần vợt Wimbledon đầu tiên được tổ chức vào năm nào?,1877.0
Rise of Kingdoms,Vườn quốc gia nào sau đây là vườn quốc gia đầu tiên trên thế giới?,Công viên quốc gia Yellowstone
Rise of Kingdoms,"Tập đoàn Carlsberg, một nhà sản xuất bia hàng đầu, được thành lập vào năm 1847 ở nước nào?",Đan mạch
Rise of Kingdoms,Kích thước của sương mù được xóa bởi một vật phẩm trên Bản đồ Vương quốc là gì?,10x10
Rise of Kingdoms,Điều gì đã gây ra cái chết của Pericles?,Một bệnh dịch.
Rise of Kingdoms,Cơn lốc xoáy hình nón gió nổi tiếng về điều gì?,Quay
Rise of Kingdoms,Mục Tuyển Dụng Người Xây Dựng tồn tại trong bao lâu?,2 ngày
Rise of Kingdoms,Bạn mở khóa vĩnh viễn hàng đợi tòa nhà thứ hai ở cấp độ VIP nào?,Cấp độ 6
Rise of Kingdoms,Bạn có thể nhận trợ giúp liên minh bao nhiêu lần nếu trung tâm liên minh của bạn là cấp 25?,30.0
Rise of Kingdoms,Đấu trường La Mã được hoàn thành dưới triều đại của vị hoàng đế nào?,Tít
Rise of Kingdoms,Anh cả của thần Zeus,Poseidon
Rise of Kingdoms,Khả năng quân đội tập hợp mặc định khi lâu đài của bạn là cấp 25 là bao nhiêu?,2 triệu
Rise of Kingdoms,Đế chế Mông Cổ đã tan rã bao nhiêu vương quốc hoặc đế quốc riêng biệt vào thời điểm Hốt Tất Liệt qua đời năm 1294?,4.0
Rise of Kingdoms,Ai là người khởi xướng Salt March đầu tiên?,Mahatma gandhi
Rise of Kingdoms,"Được tổ chức vào năm 1929, lễ trao Giải Oscar (""Giải Oscar"") đầu tiên diễn ra trong bao lâu?",15 phút
Rise of Kingdoms,Zeppelin được phát minh bởi các kỹ sư từ quốc gia nào?,Nước Đức
Rise of Kingdoms,"Trong chuyến đi đầu tiên đầy bi kịch của nó, điểm đến dự định của Titanic là gì?",Newyork
Rise of Kingdoms,"Einstein đã xuất bản bốn Annus Mirabilis (""Bài báo thần kỳ"") vào năm nào?",1905.0
Rise of Kingdoms,"Edward Jenner, người được mệnh danh là cha đẻ của ngành miễn dịch học, đã phát triển một loại vắc-xin cho căn bệnh nào?",Bệnh đậu mùa
Rise of Kingdoms,Công trình nào sau đây là trang trí?,Trống đá
Rise of Kingdoms,Bạn có thể mua bao nhiêu điểm VIP với 200 viên ngọc?,200.0
Rise of Kingdoms,"Điều gì đã gây ra cái chết của chính khách và nhà chiến lược quân sự kiệt xuất, Pericles?",Một bệnh dịch
Rise of Kingdoms,Điều nào sau đây rất có thể đã trực tiếp dẫn đến thời đại đồ đồng?,Đồng cứng hơn và bền hơn các kim loại khác hiện có vào thời điểm đó
Rise of Kingdoms,Pharaoh nào đã ra lệnh xây dựng các ngôi đền Abu Simbel?,Ramesses II
Rise of Kingdoms,Điều nào sau đây KHÔNG xảy ra trong Chiến tranh Greco-Ba Tư?,Trận chiến Agincourt
Rise of Kingdoms,"Theo câu chuyện về She-sói trong thần thoại La Mã, điều gì đến với cặp song sinh mà cô nuôi dưỡng, Romulus và Remus?",Romulus trở thành người sáng lập và là vị vua đầu tiên của La Mã
Rise of Kingdoms,Nhà hát Shakespeare's Globe được xây dựng ở thành phố hiện đại nào?,London
Rise of Kingdoms,Vật phẩm Tấn công Nâng cao (Advanced) sẽ tăng sức tấn công của bạn lên bao nhiêu?,0.1
Rise of Kingdoms,"Những người đàn ông và phụ nữ đang trốn tránh điều gì ở ngoại ô Florence trong bộ sưu tập tiểu thuyết ""The Decameron""?",Bệnh dịch đen
Rise of Kingdoms,Bài phát biểu nổi tiếng của Otto von Bismarck về điều gì vào năm 1862?,Máu và sắt
Rise of Kingdoms,Tại sao biển chết lại có cái tên này?,Nước có độ mặn cao ngăn cản thực vật và động vật phát triển gần nó.
Rise of Kingdoms,Tổng thống Mỹ duy nhất phục vụ hơn 2 nhiệm kỳ là ai?,Franklin D. Roosevelt
Rise of Kingdoms,"Từ ""Formua"" trong ""Đua xe Công thức 1"" ám chỉ điều gì?",Các quy tắc mà xe ô tô tham gia phải tuân theo
Rise of Kingdoms,"Edward VIII trở thành Vua nước Anh vào tháng 1 năm 1936. Sau đó cùng năm, ông từ bỏ ngai vàng vào tháng nào?",Tháng mười hai
Rise of Kingdoms,Ai là phi hành gia đầu tiên đi vào không gian vũ trụ?,Yuri Gagarin
Rise of Kingdoms,The Beatles được thành lập ở thành phố nào của Vương quốc Anh vào năm 1960?,Liverpool
Rise of Kingdoms,Bài phát biểu nào sau đây được thực hiện bởi Thủ tướng Phổ Otto von Bismarck vào tháng 9 năm 1862?,Máu và sắt
Rise of Kingdoms,Nền văn minh nào thưởng 5% tấn công cho các đơn vị kỵ binh?,Nước Đức
Rise of Kingdoms,Cuốn tiểu thuyết Romance of the Three Kingdoms bắt đầu gần cuối triều đại Trung Quốc,Han
Rise of Kingdoms,Ai là người sáng lập Mạc phủ Edo của Nhật Bản?,Tokugawa Ieyasu
Rise of Kingdoms,Thời hạn của mục Tuyển dụng Thợ xây là gì?,2 ngày
Rise of Kingdoms,Truyện nào sau đây không phải là một trong Truyện cổ Grimms?,Nàng tiên cá nhỏ
Rise of Kingdoms,Jiang Ziya đã giúp thành lập triều đại nào của Trung Quốc?,Nhà Chu
Rise of Kingdoms,Cầu Dom Luis của Bồ Đào Nha nối hai thành phố nào?,"Porta, Vila Nova de Gaia"
Rise of Kingdoms,Mục đích ban đầu của,Lăng mộ Pharaoh khufu
Rise of Kingdoms,Điều nào xảy ra nếu các phép bổ trợ sau đây có thể có hiệu lực trong các trận chiến Sunset Canyon?,Buff từ thiết bị
Rise of Kingdoms,Vương triều của vị hoàng đế cuối cùng của triều đại nhà Thanh của Trung Quốc là gì?,Tuyên thống
Rise of Kingdoms,"Tác phẩm nào sau đây dựa trên Trận chiến trên đèo Roncevaux, do Charlemagne và các hiệp sĩ của ông chiến đấu?",Bài hát của Roland
Rise of Kingdoms,Sao chổi chu kỳ ngắn duy nhất được biết đến thường xuyên có thể nhìn thấy bằng mắt thường từ Trái đất?,Sao chổi của Halley
Rise of Kingdoms,"Triết gia nào đã viết ""Utopia""?",Plato
Rise of Kingdoms,Tại sao mũi thuyền và đuôi thuyền của người Viking được thiết kế đối xứng?,Để đảo ngược hướng một cách nhanh chóng mà không cần quay đầu lại
Rise of Kingdoms,"Năm 1998, FIFA World Cup lần thứ 16 được tổ chức tại quốc gia nào?",Nước pháp
Rise of Kingdoms,Kỹ năng chủ động mina,Kyohachiryu
Rise of Kingdoms,Vận động viên người mỹ gốc phi jesse owens đã giành được bao nhiêu huy chương vàng,4.0
Rise of Kingdoms,Rương 1.000 điểm,Tượng chỉ huy
Call of Dragons,Which of the following acts grants you Dark Keys?,Defeating Level 5+ Dwarven Patrols and Dark Creatures
Call of Dragons,Garrison Skills allow Heroes to better command Garrisoned Armies. What is the correct definition of a Stronghold?,Passes and other buildings that can be attacked by Rallied Armies or defended by Garrisoned Armies
Call of Dragons,Ncreasing your Alliance’s member capacity is essential for its development. Which of the following is correct about increasing membership capacity?,Every 10 Alliance Towers increases the member limit by 1
Call of Dragons,Which of the following Policies can increase your Elixir Production Speed?,Healthcare Reforms
Call of Dragons,Sing the unit advantage system can swiftly turn the tide of a battle. Which of the following statements about unit advantages is incorrect?,Cavalry units counter Magic units
Call of Dragons,Which of the following events contains a “Battle Day” that allows you to fight to your heart’s content?,Strongest Lord
Call of Dragons,Which of the following statements about City management is incorrect?,Activating Counterscout will lead enemy Scouts to gather incorrect data about your total number of units when scouting your City
Call of Dragons,Roads are a sign of prosperity and a symbol of efficiency. Which of the following statements about roads is incorrect?,"If either endpoint of a road is destroyed, the road will still exist"
Call of Dragons,Which of the following is correct about Alliance Resource Centers?,Each player can only deploy one Legion to gather from an Alliance Resource Center
Call of Dragons,What can an Alliance Beastmaster do?,Summon and control Alliance Behemoths
Call of Dragons,Which of the following Heroes spent a year as a visiting scholar at the College of Tiyar?,Waldyr
Call of Dragons,Which of the following Heroes is a blood relative of the Lord of Moonvaie?,Gwanwyn
Call of Dragons,"What is the name of the sword of Florin, Knight of Daybreak?",Blade of Reproach
Call of Dragons,Madeline is the firstborn daughter of the King of Jargand. Which of the following statements about her life is incorrect?,Her membership of her bloodline was confirmed by a miracle when she came of age
Call of Dragons,What is the name of the structure the Elves built to commemorate the fallen of the Battle of the Hexwood?,Stone of Peace
Call of Dragons,Which of the following Trolls can use magic?,Witch Troll
Call of Dragons,"Which of the following Heroes is a blood relative of Myrsach, Sage of Order?",Indis
Call of Dragons,Which of the following Heroes is ranked #2 on the Assassins’ Guild leaderboard?,NIka
Call of Dragons,Which of the following characters was banished for the misuse of divine power?,Atheus
Call of Dragons,Which of the following statements about severely wounded statements is correct?,"When your Legions are fighting Behemoths, att severely wounded units witl be sent to your Hospital"
Call of Dragons,Which of the following houses hired the assassin Nika?,House Scull
Call of Dragons,"Which of the following is closest to the holy wellspring of Ffynon, the birthplace of Elven civilization?",The Queenswood
Call of Dragons,One character is a Caravan Captain for the Merchants’ Guild. Where is their hometown?,Bandits’ Bay
Call of Dragons,Legend has it that any adventurer who can solve the riddle of Cortac Isle will gain the treasure buried beneath it. How many Generals are mentioned in the Song in Chapter: Corlac?,5
Call of Dragons,Who defeated all challengers in the Duel of Honor and became Chieftain of Wilderburg?,Kurrata
Call of Dragons,Hearty Fish Soup is one of the most delicious dishes in Tamaris. Which of the following is not one of its ingredients?,Paprika
Call of Dragons,Where is the Hydra said to originate from?,Feathersnare Swamp
Call of Dragons,"Emrys, who always wears a mask, is the leader of the Watchers of the Shadowglade. What is the name of the weapon he carries?",Springblades
Call of Dragons,Which rebellious house did House Remus help Dawngrad to defeat?,Riven
Call of Dragons,[Login](https://cod.guide/logmeinpls/?,Redirect_to=https%3A%2F%2Fcod.guide%2Fvale-society-quiz-questions-answers%2F)
Rise of Kingdoms,Tuyên ngôn độc lập hoa kì,1776
Rise of Kingdoms,Kẻ thù thời nhỏ của rome .,Hanibal barca
Rise of Kingdoms,Là bộ phận chứa nhiều nước.,Nhãn cầu
Rise of Kingdoms,Thuộc trong thống đốc hùng mạnh.,Thu hoạch tài nguyên
Rise of Kingdoms,Trân chiến battle of piotiers thế kỉ thứ 8 tướng tham gia.,Charlet martel
Rise of Kingdoms,Là phản ứng phân chia hạt nguyên tử.,Phân hạch
Rise of Kingdoms,Là phản ứng của cơn lốc nhỏ trong cơn bão.,Xoáy
Rise of Kingdoms,Thành phố phát triển trong rừng chứ không phải ở sông .,Inca
Rise of Kingdoms,Là thủ đô 2 nước áo Hungary,Viene
Rise of Kingdoms,Tấn công người chơi khác.,Không tăng cấp độ
Rise of Kingdoms,Cha đẻ của thế vận Hội Olympic hiện đại.,Coubertin
Rise of Kingdoms,Là tướng tấn công thành phố người chơi,Julius Caesar
Rise of Kingdoms,Đại diện dân chủ văn hoá hy lạp,Perciles
Rise of Kingdoms,Là tướng dẫn dắt kị binh,Minamoto
Rise of Kingdoms,Vào thế kỉ thứ 6 đóng vai trò quan trọng trong la Mã.,Thượng viện
Rise of Kingdoms,Dùng để nâng cấp lâu đài,Sách giáo ước
Rise of Kingdoms,Kẻ chinh phục hỗn mang,Tào tháo
Rise of Kingdoms,Kẻ bảo vệ carthage,Hannibal barca
Rise of Kingdoms,Là vị vua sát nhập wales vào anh,Heny viii
Rise of Kingdoms,Là nền kinh tế ai cập,Nông nghiệp
Rise of Kingdoms,Là 1 trong 7kì quan thế giới được tạo ra từ nữ hoàng .,Vườn treo Babylon
Rise of Kingdoms,Là thú kéo của ông già nô en.,Tuần lộc
Rise of Kingdoms,Là người chinh phục.,Baybar
Rise of Kingdoms,Là tác phẩm đạt kỉ lục Guiness...,One piece
Rise of Kingdoms,Lliad/ là 2 tác phẩm chính của homer,"Odyssey, iliad"
Rise of Kingdoms,Là thuật ngữ nguyên liệu giá tri nguồn gốc địa chất khai thác trái đất,Tài nguyên thiên nhiên
Rise of Kingdoms,Là số ngón chuột mickey.,4 ngón
Rise of Kingdoms,Thành lập công quốc austrie.,Pelagius
Rise of Kingdoms,Bông hồng xứ celt.,Boudicar
Rise of Kingdoms,Là một nguồn năng lượng.,Dầu khí
Rise of Kingdoms,Là nơi Thành cát tư hãn Thành lập đế quốc,Châu á
Rise of Kingdoms,Từng là lãnh thổ pháp đức.,Francia
Rise of Kingdoms,Là nơi vua Louis 17 chuyển toà án hoàng gia .,Điện versialles
Rise of Kingdoms,Là tên cách mạng quân chủ lập hiến anh 1688.,Cách mạng vinh quang
Rise of Kingdoms,Là tài nguyên tái sử dụng.,Nước
Rise of Kingdoms,Chỉ huy quân đội trong nội chiến anh.,Cromwell
Rise of Kingdoms,Nội chiến Lancaster &york.,Cuộc chiến hoa hồng
Rise of Kingdoms,Được danh hiệu mahatma.,Mohandas Gandhi
Rise of Kingdoms,Là sa hoàng đầu tiên chuyên chế.,Ivan bạo chúa
Rise of Kingdoms,Là hoàng đế đế chế pháp.,Napoleon Bonaparte
Rise of Kingdoms,Tam quốc triều tiên,Gogurye
Rise of Kingdoms,Thế kỉ 8-11 ngươi Châu Âu gọi Scandinavia là gì,Viking
Rise of Kingdoms,"3 nhà triết học vỉ đại Hy lạpPlato, Aristotle ?",Socates
Rise of Kingdoms,Ai cập lấy giấy làm từ nguyên liệu nào,Cói
Rise of Kingdoms,La mã và đế chế nào trong chiến tranh Punic,Cartheage Cổ đại
Rise of Kingdoms,Nghề nghiệpđc tạo ra đầu tiên hy lạp. Dưới lời thề hippocates,Bác sĩ
Rise of Kingdoms,Là quốc gia làm 8 tiếng.,Anh
Rise of Kingdoms,Tướng trong trận chiến 100 năm.,Joan of arch
Rise of Kingdoms,Là tướng.Tiêu diệt cyrus the great.,Tomyris
Rise of Kingdoms,Là số vương quốccủa ai cập cổ đại.,3
Rise of Kingdoms,Đc gọi là tâm bão.,Mắt
Rise of Kingdoms,Là giải mã chữ tượng hình.,Phiến đá rhosetta
Rise of Kingdoms,Là nơi tạo ra bão.,Trên biển khơi
Rise of Kingdoms,Đột biến và tái tổ hợp di truyền.,Sự thích nghi đến từ
Rise of Kingdoms,T là tài nguyên kim loại.,Sắ
Rise of Kingdoms,Điểm yếu Achilles.,Gót chân
Rise of Kingdoms,Dài nhất thế giới.,Sông nile
Rise of Kingdoms,Thực nghiệm tháp nghiêng Pisa.,Aristotle
Rise of Kingdoms,Là của hoạ sĩ flander.,Nghệ thuật hiện thực
Rise of Kingdoms,Chiếm đền thờ thất thủ,Là vua vương quốc
Rise of Kingdoms,Gọi là đạo độc thần.,Đạo thờ 1 thần
Rise of Kingdoms,Biệt danh cánh đồng chết chóc.,Sarka
Rise of Kingdoms,Số hữu mới thứ ở ai cập.,Pharaoh
Rise of Kingdoms,Chinh phục đông là mã.,Ottoman
Rise of Kingdoms,Richard và saladin đình chiến.,1192
Rise of Kingdoms,Không có trong cờ medico.,Lạc đà
Rise of Kingdoms,Độ dài thi marathon,40km
Rise of Kingdoms,Đc trao cho người sáng lập kfc.,Đại tá
Rise of Kingdoms,Hk phải phát minh tàu.,Địa chân kế
Rise of Kingdoms,Là nơi sản sinh nhân loại,Châu phi
Rise of Kingdoms,Uống rượu gây hại,Tiểu não
Rise of Kingdoms,Là vương quốc asoka.,Maurya
Rise of Kingdoms,Hk phải của thần thoại hy Lạp,Tạo 1 đường cứu rỗi
Rise of Kingdoms,"Lựa chọn nào sau đây là nguồn năng lượng nông đá khô, dưới mặt đất.",Nguồn năng lượng địa nhiệt
Rise of Kingdoms,Là luật đầu tiên của Babylon.,Luật harmmurabi
Rise of Kingdoms,Là quá trình kết hợp nguyên tử.,Nhiệt hạch
Rise of Kingdoms,Càng sinh nhiều con càng sống sót,Là cách sinh của ếch và
Rise of Kingdoms,Là kho báu quốc gia canada.,Cirquer du solile
Rise of Kingdoms,Quần thể càng có nhiều biến thể di truyền thì 1 số cá nhân,Tồn tại
Rise of Kingdoms,84:Oda nobunaga khẩu hiệu bốn chữ là gì,Thiên hạ bố võ
Rise of Kingdoms,85: Cụm từ để cập hành động hạn chế sử dụng tài nguyên thiên nhiên để bảo vệ chúng,Bảo tồn
Rise of Kingdoms,Người châu âu viết nhật ký đầu tiên về lịch sử trung quốc,Marco Polo
Rise of Kingdoms,"87: Quân La mã cổ đại lấy vũ khí, giáp ở đâu",Tự Làm
Rise of Kingdoms,Năng lượng tái tạo từ việc đốt chất hữu cơ như gỗ và rượu A,Sinh khối
Rise of Kingdoms,Quốc gia đầu tiên chế tạo ra nước hoa,Síp
Rise of Kingdoms,Kẻ thù Richard tim sư tử,Saladin
Rise of Kingdoms,Quốc gia không thuộc châu âu là,Ai cập
Rise of Kingdoms,Tài nguyên không có trong quần jean,Chì
Rise of Kingdoms,Kính mắt được tạo ra từ,Dầu khí
Rise of Kingdoms,Sự khác biệt giữa 1 loài như chim có mỏ khác nhau là,Giống
Rise of Kingdoms,Mối quan hệ của Herman và Zeus là,Cha con
Rise of Kingdoms,Vị vua nước anh bị xử tử là,Charles 1
Rise of Kingdoms,Hoàng đế đc ban tên Augustus,Gaius Octavius
Rise of Kingdoms,Trước khi lãnh đạo nổi dậy spartacus là,Đấu sĩ
Rise of Kingdoms,Phát minh máy điều hòa.,Mỹ
Rise of Kingdoms,Đột biến là thay đổi,Dna
Rise of Kingdoms,Saladin thay đổi trung đông ntn,Chinh phục người Palestine
Rise of Kingdoms,"Ai đã đi từ bồ đào nha, qua mũi hảo vọng đến ấn độ?",> vasco de gama
Rise of Kingdoms,Đc dùng trong orisis.,Tăng tốc chưa lành
Rise of Kingdoms,Là hiện tượng sinh vật thích nghi tốt môi trường truyền tính trạng sag con cái.,Chọn lọc tự nhiên
Rise of Kingdoms,Những đặc điểm cơ lợi đc truyền sang con cái,Để chúng sinh sản và sống sót
Rise of Kingdoms,Để quốc murgal mang hồi giáo đến,Ấn độ
Rise of Kingdoms,"Hoàng tử thành troy tặng quả táo vàng có khắc chữ ""Cho người đẹp nhất cho","Aphrodite,"
Rise of Kingdoms,Raphael vẽ bức tranh,Nhà thờ athen
Rise of Kingdoms,"Ai nghĩ ra ngựa troy,ai chiến thắng trận troy","Odyssus, hy lạp"
Rise of Kingdoms,Nữ hoàng Victoria thuộc dòng họ,Hanover
Rise of Kingdoms,Công nghệ in chữ rời có ở,Trung Quốc
Rise of Kingdoms,Em trai của Minamoto no yhisasute là,Minamoto no yoritomo
Rise of Kingdoms,Nâng cấp tháp canh.,Mũi tên chống trả
Rise of Kingdoms,Khoảng vật mềm nhất,Tan
Rise of Kingdoms,Không thuộc nghe thuật phục hưng.,"Không gian 2 chiều, phẳng"
Rise of Kingdoms,Không phải là kĩ năng của pelagius,Kị năng đột kích
Rise of Kingdoms,Biệt hiệu nhà vô địch Keira,Tắc kè hoa đỏ
Rise of Kingdoms,Kĩ năng không phải của elcid,Tinh thần hiệp sĩ
Rise of Kingdoms,Ai đã vẽ bữa ăn tối cuối cùng,Leonardo dvinci
Rise of Kingdoms,Ưu điểm báo in Julian gubenteng.... ngoại trừ,Tăng quyền lực nhà thờ
Rise of Kingdoms,"Achilles, mũi tên xuyên gót chân.","Ai giết hector, Achilles chết ntn"
Rise of Kingdoms,Dưới dk mắt thường chúng ta thấy rằng nào của mặt trời,Quang quyển
Rise of Kingdoms,Những người theo cải cách phương bắc esmusra quan tâm đến gì,Cái cách tôn giáo và xã hội
Rise of Kingdoms,Thành bang nào của hi Lạp cổ đại đc biết đến sự rèn luyện khác nghiệt,Spartan
Rise of Kingdoms,Ai bảo trợ kinh tế phong trào phục hưng,Những người bảo trợ giàu có
Rise of Kingdoms,Vòng tròn màu xanh đại diện châu lục nào Olympic,Châu Đại Dương
Rise of Kingdoms,Biệt danh barrarosa của ai,Frederick 1
Rise of Kingdoms,Điểm quy tụ tháp tự chinh,Constatinolpe
Rise of Kingdoms,Nghệ sĩ thiết kế đền thánh Peter ở Vatican,Micheanglo
Rise of Kingdoms,Chính khách nổi tiếng nào là tướng quân edo cho thời kì chiến quốc.,Tokugwa leysua
Rise of Kingdoms,Phong trào phục hưng là sự tái sinh của,Văn hóa cổ điển
Rise of Kingdoms,Trong thần thoại Bắc âu ai sử dụng vũ khí gungri,Odin
Rise of Kingdoms,Da gấu bắc cực màu gì,Đen
Rise of Kingdoms,137hoàng để đầu tiên của la mã,Gaius octovus
Rise of Kingdoms,Ai là người đầu tiên vượt qua mũi châu phi,Bartoloumeu dias
Rise of Kingdoms,Lựa chọn nào không phải tài nguyên thiên nhiên,Quần áo
Rise of Kingdoms,Ai phát hiện lực nổi khi tắm,Archimedes
Rise of Kingdoms,Lựa chọn nào sau đây không phải phong trào phục hưng bắt đầu từ ý,Cái chết đen không xảy ra ở ý do dãy aps
Rise of Kingdoms,Biến thể di truyền cần thiết để có 1 quần thể tiến hoá.,Đột biến quan trọng nhằm mang lại gì
Rise of Kingdoms,Nhiên liệu hoá thạch lỏng đc các sinh vật dưới đáy biển đốt cháy và dùng để sx nhựa,Dầu
Rise of Kingdoms,Lý do Florence ý qan trọng trong phục hưng,"Là nơi sinh ra, biểu tượng của phục hưng"
Rise of Kingdoms,Tên đá trầm tích hình thành từ các thực vật mục nát trong đầm lầy,Than đá
Rise of Kingdoms,Điện đc sản xuất từ các đập lớn trên sông,Năng lượng thủy điện
Rise of Kingdoms,"Gubenteng phát triển báo in, quốc gia nào ảnh hưởng tới ông, quốc gia nào phát minh ra chữ rời",Trung quốc
Rise of Kingdoms,Olympic mùa hè 2000 tổ chức ở,Sydney
Rise of Kingdoms,Nữ pharaoh cuối cùng vương triều plotemy,Cleopatra 7
Rise of Kingdoms,Chỉ huy đc gọi là lãnh chúa kamakura,Minamoto
Rise of Kingdoms,Tai hoa thiên nhiên nào đo độ Richter,Động đất
Rise of Kingdoms,Biệt danh của Julius Caesar,Vua thoái vị
Rise of Kingdoms,Trong thần thoại hy Lạp ai lấy bộ lông cừu vàng,Jason
Rise of Kingdoms,Ai đã lập ra lịch Julian,Julius Caesar
Rise of Kingdoms,Vật phẩm nào không có trong rương bạc,Sách kinh nghiệm cấp 3
Rise of Kingdoms,Có bao nhiêu tướng xanh dương trong rok,5
Rise of Kingdoms,Nâng cấp full tất cả Bệnh viện tăng bao nhiêu% máu,1%
Rise of Kingdoms,Nền văn minh cổ đại bi mất xây thành phố machu pichu,Inca
Rise of Kingdoms,Ai sáng lập ra triều đại josoen,Yi soeng gye
Rise of Kingdoms,Tứ đại danh cầm thời Trung Quốc cổ đại là....,Rượu cao lương
Rise of Kingdoms,Mục đích biện minh cho phương tiện là niềm tin của tác giả sách quân vương. Ông tên gì,Machiavelli
Rise of Kingdoms,Ai phát minh ra bảo in,Julian gubenteng
Rise of Kingdoms,Nguồn năng lượng tạo ra từ xây các con đập thủy điện chắn nước,Năng lượng thủy điện
Rise of Kingdoms,"Nguồn nhiên liệu không thể tái tạo ( than đá, dầu hoả...)",Nhiên liệu hoá thạch
Rise of Kingdoms,Đồ uống phát minh dược sĩ John pemberton,Coca cola
Rise of Kingdoms,Hành tinh nào way quanh mặt trời nhanh nhất,Sao mộc
Rise of Kingdoms,Hai tác phẩm sáng tác bởi lenardo davinci,"Bữa ăn tối cuối cùng,mona Lisa"
Rise of Kingdoms,Bộ thơ ca anh hùng lliad của hommer tập trung vào giai đoạn nào cuộc chiến,Cuộc chiến thành troya
Rise of Kingdoms,Chỉ huy nào sau đây nổi loạn chống chồng mình,Constance
Rise of Kingdoms,Nhà nào bảo trợ nổi tiếng công tước Florenze trong nghệ thuật phục hưng là gia tộc nào,Medici
Rise of Kingdoms,Vị tướng trong cuộc chiến tranh geinpei nhật bản,Tomoe goezen
Rise of Kingdoms,"Bốn vở nhạc kịch nổi tiếng thế giới vật, miss sai Gon ..",Bóng ma nhà hát
Rise of Kingdoms,Cuộc chiến nào chấm dứt cai trị nhà palanet và. Bắt đầu vương triều Tudor anh,Cuộc chiến hoa hồng
Rise of Kingdoms,"Hình thức tấu hài nói trung quốc bắt nguồn từ 3 nơi. Thiên Kiều ở bắc kinh, qyuan zaar ở thiên tân.. Và nơi nào ở nam kinh.",Phu tử miếu
Rise of Kingdoms,"Từ thế kỷ 17 đến thế kỷ 19, vương quốc nước Phổ chủ yếu ở nước hiện đại",Đức
Rise of Kingdoms,Vua của châu Âu đã tài trợ cho chuyến thám hiểm nổi tiếng của christopher columbus,Tây ban nha
Rise of Kingdoms,Học giả Hy Lạp cổ đại đã đặt nền móng cho toán học châu Âu trong tương lai và là tác giả của các yếu tố hình học,Euclid
Rise of Kingdoms,Ở Hy Lạp cổ đại mà triết gia thích thảo luận về ý tưởng trên một con phố mà sau đó có biệt danh trường phái peripatetic,Aristotle
Rise of Kingdoms,The nút thắt gió (winds knot) được phổ biến bởi vua của nước Anh,Edward VIII
Rise of Kingdoms,Biệt danh cũa belisarius là,Người roman cuối cùng
Rise of Kingdoms,"Một địa điểm nào ở Sydney, Úc , có hình cánh buồm",Nhà hát Opera
Rise of Kingdoms,Ai phát minh ra máy phát điện 1837,Robert davidson
Rise of Kingdoms,"Điều nào sau đây là một phong trào trí tuệ thời Phục hưng, trong đó các nhà tư tưởng nghiên cứu các văn bản cổ điển và tập trung vào tiềm năng và thành tựu của con người",Chủ nghĩa nhân văn
Rise of Kingdoms,Điều nào sau đây không phải là một trụ cột của thời Phục hưng,Cách cư xử
Rise of Kingdoms,Thời kỳ nào của lịch sử từ 1300-1600 đã chứng kiến ​​sự quan tâm mới về văn hóa cổ điển và dẫn đến những thay đổi sâu rộng trong học tập nghệ thuật và thế giới quan,Phục hưng
Rise of Kingdoms,Nguồn nào sau đây là nguồn năng lượng thay thế dựa trên việc tách các nguyên tử nặng thành các nguyên tử nhẹ hơn để giải phóng năng lượng,Năng lượng hạt nhân
Rise of Kingdoms,Quốc vương nào được gọi là thánh louis,Louis XI
Rise of Kingdoms,Các họa sĩ thời phục hưng ở Flan và Ý có su hướng sáng tác loại hình tác phẩm nghệ thuật nào?,Hiện thực
Rise of Kingdoms,Điểm quy tụ của cuộc thập tự trinh đầu tiên,Constantinople
Rise of Kingdoms,Được ca ngợi là đại diện dân chủ tuyệt vời và trung thực nhất Hy lạp,Pericles
Rise of Kingdoms,Minamoto no Yoshitsune cùng ai xây dưng đội quân chiến đấu với  Taira no Kiyomori?,Mina no Yoritomo
Rise of Kingdoms,"Ai đã đề xuất triết học "" Tôi tư duy, nên tôi tồn tại """,Descartes
Rise of Kingdoms,Ai là nguyên mẫu lá Già Cơ,Charlesmagne
Rise of Kingdoms,Biệt hiệu của julius caesar,Vua thoái vị
Rise of Kingdoms,Nhà thám hiểm bồ đào nha là người châu Âu đầu tiên đi thuyềnn đến mũi phía nam Châu phi,Dias
Rise of Kingdoms,Đảo lớn nhất thế giới,Greenland
Rise of Kingdoms,"Trong thần thoại hi lạp,ai sử dụng vũ khí Gungnir",Odin
Rise of Kingdoms,Chỉ huy nào được coi là kẻ thù của La mã từ khi còn nhỏ?,Barca
Rise of Kingdoms,Đế quốc nào được coi là Đông la mã?,Đế quốc Byzhbasd
Rise of Kingdoms,Chỉ huy nào thể hiện tài năng quân sự trong trận tours vào thế kỷ 8 CN?,CM
Rise of Kingdoms,"Sau khi thành lập vào thế kỷ 6 TCN,tổ chức nào của cộng hòa la mã đã đóng vai trò như 1 nghị viện hiệp thương?",Thượng viện
Rise of Kingdoms,Họ lợn(suidae) thuộc loài động vất có vú nào,Artiodactyla
Rise of Kingdoms,Ưu điểm trong báo in của Julian Gutenberg,Tăng quyền lực nhà thờ
Rise of Kingdoms,"Dưới diều kiện bình thường, chúng ta có thể thaays tầng nào của mặt trời bằng mắt thường",Quang quyển
Rise of Kingdoms,Ai là người đã nghĩ ra ý tưởng ngựa Troia?,Ai đã chiến thắng cuộc chiến thành Troia?Odysius
Rise of Kingdoms,"Lựa chọn nào là nhiên liệu hóa thạch được hình thành từ sinh vật biển thường được tìm thấy trong các tầng đá gấp hoặc nghiêng,được sử dụng để sưởi ấm hoặc nấu ăn?",Khí thiên nhiên
Rise of Kingdoms,Pháp và đức đều là một phần của vương quốc phong kiến nào?,Francia
Rise of Kingdoms,Ký tự số 1 được sử dụng bao nhiêu lần từ 1 đến 99?,20
Rise of Kingdoms,Đâu là nguồn cung cấp hỗ trợ về kinh tế lớn cho phong trào Phục hưng?,Những người giàu có
Rise of Kingdoms,Không đủ nguyên tố nào có thể gây ra bệnh suy giáp?,Iot
Rise of Kingdoms,Điều nào không là mục đích của thần thoại Hy lạp?,Tạo ra 1 con đường cứu rỗi
Rise of Kingdoms,Kiến trúc được xây dựng theo lệnh Shah Jahan để tưởng nhớ người vợ Muntaz mahal?,Taj mahal
Rise of Kingdoms,Raphael nổi tiếng nhất với tác phẩm nào?,Trường học athen
Rise of Kingdoms,Nhà vật lý nào sinh ra vào ngày giỗ của galilei và mất vào ngày sinh nhật của einstein?,Hawking
Rise of Kingdoms,Chỉ huy nao là nhân vật trong chiến tranh trăm năm?,Joan
Rise of Kingdoms,Tòa nhà nào ban đầu xây dựng ờ Lon don để tổ Chức đại triển lãm thành tựu công nghiệp các quốc gia  năm 1851?,Cung điện pha lê
Rise of Kingdoms,Đăng cai thế vận hội 1900?,Paris
Rise of Kingdoms,Thủ đô của Áo-hungary là budapest và thành phố nào?,Vienna
Rise of Kingdoms,Không phải kỹ năng của Hermann,Không thể cưỡng lại
Rise of Kingdoms,Không phải kỹ năng của keira,Dòng máu bất kham
Rise of Kingdoms,Không là kỹ năng của el cid,Tinh thần hiếp sĩ
Rise of Kingdoms,Điều nào sau đây không xảy ra trong chiến tranh Hi Lạp-Ba Tư,Trận Agin
Rise of Kingdoms,Tăng cường tấn công cao cấp,10%
Rise of Kingdoms,Kaira đã từng thách thức sự kỳ vọng của cả thế giới về bản thân mình trong một trận chiến vẻ vang,Hẻm núi hoàng hôn
Rise of Kingdoms,Truyện nào không nằm trong truyện cổ Grimm,Nàng tiên cá
Rise of Kingdoms,Alexander fleming phát hiện ra penicillin vào năm nào,1928
Rise of Kingdoms,Những người đàn ông và phụ nữ trốn tránh điều gì ở ngoại ô Florence trong tiểu thuyết mười ngày?,Cái chết đen
Rise of Kingdoms,Kinh tuyến gốc đi qua,Mali
Rise of Kingdoms,"Kể từ khi thành lập vào ănm 1863,ủy ban chữ thập đỏ quốc tế đã đạt giải nobel hòa bình mấy lần",3
Rise of Kingdoms,Ai là người sáng lập ra Rome?,Romulus
Rise of Kingdoms,Đơn vị quân đặc biệt của Pháp là gì?,Hiệp sĩ ném lao
Rise of Kingdoms,Ai được gọi là 'Kẻ Chinh Phục'?,William I
Rise of Kingdoms,Tài nguyên nào không thể thu hoạch ở bản đồ thế giới?,Gỗ
Rise of Kingdoms,Tôn Tử là tướng của quốc gia nào?,Trung Quốc
Rise of Kingdoms,Tướng nào có biệt danh là 'Hoa Mộc Lan'?,Mulan
Rise of Kingdoms,Quốc gia nào có đơn vị đặc biệt là Teutonic Knight?,Đức
Call of Dragons,Tướng nào mạnh nhất về phép thuật?,Waldyr
Call of Dragons,Đơn vị bay của tộc Tiên là gì?,Cung thủ đại bàng
Call of Dragons,Lực lượng nào chuyên đi thu thập tài nguyên?,Công binh
Rise of Kingdoms,A crater on the far side of the Moon is named after a Chinese official who was (supposedly) the first person to travel into space. What was his name?,Wan Hu
Rise of Kingdoms,Một miệng núi lửa ở phía xa của Mặt trăng được đặt theo tên của một quan chức Trung Quốc (được cho là) ​​là người đầu tiên du hành vào vũ trụ. Tên anh ấy là gì?,Vạn Hồ
Rise of Kingdoms,A decrease in which of the following metrics might indicate increasing nearness to a state of vacuum?,Air pressure
Rise of Kingdoms,A human fingernail is made of which material?,Alpha-keratin
Rise of Kingdoms,Móng tay của con người được làm từ chất liệu nào?,Alpha-keratin
Rise of Kingdoms,"A robot may not injure a human being or, through inaction, allow a human being to come to harm. Which of Isaac Asimov’s Three Laws of Robotics is this?",First law
Rise of Kingdoms,Robot không được gây thương tích cho con người hoặc nếu không hành động sẽ khiến con người bị tổn hại. Đây là định luật nào trong ba định luật về người máy của Isaac Asimov?,Luật đầu tiên
Rise of Kingdoms,"According to Greek mythology, which two gods transformed into the “fish” in the symbol of Pisces?",Aphrodite and Eros
Rise of Kingdoms,"Theo thần thoại Hy Lạp, hai vị thần nào đã hóa thân thành “con cá” trong biểu tượng của Song Ngư?",Aphrodite và Eros
Rise of Kingdoms,"According to Maya chronology, the Late Late Preclassic Period falls within",1 BCE to 159 CE
Rise of Kingdoms,"Theo niên đại Maya, Hậu kỳ Tiền cổ điển rơi vào khoảng",1 TCN đến 159 CN
Rise of Kingdoms,"According to the tale of the She-wolf in Roman mythology, what came of the twins she nurtured, Romulus and Remus?",Romulus became the founder and first King of Rome
Rise of Kingdoms,"According to World Athletics, which of these is NOT an official international discus weight?",1.25kg
Rise of Kingdoms,"Theo World Athletics, cái nào trong số này KHÔNG phải là hạng cân ném đĩa quốc tế chính thức?","1,25kg"
Rise of Kingdoms,Acquiring Commander William I unlocks which of these achievements?,Path of Glory
Rise of Kingdoms,Việc có được Chỉ huy William I sẽ mở khóa những thành tựu nào trong số này?,Con đường vinh quang
Rise of Kingdoms,Advantages of Johannes Gutenberg’s printing press include all of the following except what?,Increase in church power
Rise of Kingdoms,"Ưu điểm của máy in của Johannes Gutenberg bao gồm tất cả những điều sau đây, ngoại trừ điều gì?",Tăng quyền lực của nhà thờ
Rise of Kingdoms,"After a Venus Flytrap catches an insect, how does it digest and absorb the prey?",The inner flaps of the leaves secrete a digestive fluid
Rise of Kingdoms,"After its foundation in the 6th century BCE, which institution of the Roman Republic served as a consultative parliament?",The Senate
Rise of Kingdoms,"After the Lost Kingdom opens, what item do you have to spend to teleport to and from the Lost Kingdom?",Random Teleport
Rise of Kingdoms,"Sau khi Lost Kingdom mở ra, bạn phải bỏ ra vật phẩm gì để dịch chuyển đến và đi từ Lost Kingdom?",Dịch chuyển ngẫu nhiên
Rise of Kingdoms,"After the students at the Lyceum of Wisdom finish their lessons, what building in your city do they return to?",Academy
Rise of Kingdoms,"Sau khi các học sinh tại Lyceum of Wisdom kết thúc bài học, họ sẽ quay trở lại tòa nhà nào trong thành phố của bạn?",Học viện
Rise of Kingdoms,Afterglow is caused by,Light scattering in air
Rise of Kingdoms,Ánh sáng rực rỡ được gây ra bởi,Sự tán xạ ánh sáng trong không khí
Rise of Kingdoms,Alliance help can NOT speed up which of the following activities?,Troop training
Rise of Kingdoms,Sự giúp đỡ của liên minh KHÔNG thể đẩy nhanh hoạt động nào sau đây?,Huấn luyện quân đội
Rise of Kingdoms,Amethyst is valued for its brilliant violet hue. What mineral is it a variety of?,Quartz
Rise of Kingdoms,Thạch anh tím được đánh giá cao vì màu tím rực rỡ của nó. Nó có nhiều loại khoáng chất gì?,Thạch anh
Rise of Kingdoms,"Apart from “Number of Scouts” and “Power”, which of the following Scout Camp parameters can also be upgraded?",Scout March Speed and Exploration Range
Rise of Kingdoms,"Apart from “Times You Can Be Helped” and “Power”, which of the following Alliance Center parameters can also be upgraded?",Reinforcement Troop Capacity
Rise of Kingdoms,"Ngoài “Số lần bạn có thể được giúp đỡ” và “Sức mạnh”, thông số nào sau đây của Alliance Center cũng có thể được nâng cấp?",Năng lực quân tăng cường
Rise of Kingdoms,"As of the 2018 World Cup, how many times has Shakira performed at the World Cup closing ceremony?",3.0
Rise of Kingdoms,"Tính đến World Cup 2018, Shakira đã biểu diễn bao nhiêu lần ở lễ bế mạc World Cup?",3.0
Rise of Kingdoms,"As of the 2018 World Cup, how many World Cups has Brazil won?",5.0
Rise of Kingdoms,"Tính đến World Cup 2018, Brazil đã vô địch bao nhiêu World Cup?",5.0
Rise of Kingdoms,"As of the 2018 World Cup, what is the United State’s best ever World Cup result?",Third place
Rise of Kingdoms,"Tính đến World Cup 2018, kết quả World Cup tốt nhất từ ​​trước đến nay của Hoa Kỳ là gì?",Vị trí thứ ba
Rise of Kingdoms,"As of the 2018 World Cup, which player holds the record for most goals scored in a single World Cup match with five goals?",Oleg Salenko
Rise of Kingdoms,"Tính đến World Cup 2018, cầu thủ nào giữ kỷ lục ghi nhiều bàn thắng nhất trong một trận đấu ở World Cup với 5 bàn thắng?",Oleg Salenko
Rise of Kingdoms,"As of the 2018 World Cup, who holds the record for most goals scored in the World Cup?",Miroslav Klose
Rise of Kingdoms,"Tính đến World Cup 2018, ai là người giữ kỷ lục ghi nhiều bàn thắng nhất ở World Cup?",Miroslav Klose
Rise of Kingdoms,"As of the 2018 World Cup, who holds the World Cup record for fastest goal scored at 11 seconds?",Hakan Şükür
Rise of Kingdoms,"Tính đến World Cup 2018, ai giữ kỷ lục World Cup về bàn thắng nhanh nhất ghi được sau 11 giây?",Hakan Şükür
Rise of Kingdoms,"As of the 2022 World Cup, how many countries have won the World Cup?",8.0
Rise of Kingdoms,"Tính đến World Cup 2022, có bao nhiêu quốc gia đã vô địch World Cup?","8,0"
Rise of Kingdoms,"As of the 21st World Cup, who is the only player to have scored a hat-trick in 2 different World Cups?",Gabriel Batistuta
Rise of Kingdoms,"Tính đến World Cup lần thứ 21, ai là cầu thủ duy nhất lập hat-trick ở 2 kỳ World Cup khác nhau?",Gabriel Batistuta
Rise of Kingdoms,Ashoka the Great was the King of which Ancient Indian kingdom?,Maurya
Rise of Kingdoms,"Assuming the absence of any other special buffs, which of these commanders has the highest march speed?",Belisarius
Rise of Kingdoms,"Giả sử không có buff đặc biệt nào khác, chỉ huy nào trong số này có tốc độ hành quân cao nhất?",Belisarius
Rise of Kingdoms,At what level does the Trading Posts transport tax rate become 10%?,24.0
Rise of Kingdoms,Thuế vận chuyển của Bưu điện Thương mại trở thành 10% ở mức nào?,24.0
Rise of Kingdoms,At what VIP level can you purchase a VIP Special chest that contains enough Hannibal Barca sculptures to awaken him?,14.0
Rise of Kingdoms,Ở cấp VIP nào bạn có thể mua rương VIP Đặc biệt chứa đủ tác phẩm điêu khắc Hannibal Barca để đánh thức anh ta?,14.0
Rise of Kingdoms,At which VIP level do you permanently unlock a second building queue?,Lvl. 6
Rise of Kingdoms,Bhutan is also known as the Land of the Thunder Dragon. What is its capital and largest city?,Thimphu
Rise of Kingdoms,Bhutan còn được mệnh danh là Vùng đất của Rồng Sấm. Thủ đô và thành phố lớn nhất của nó là gì?,Thimphu
Rise of Kingdoms,Big Ben is located in which of the following countries?,United Kingdom
Rise of Kingdoms,Big Ben nằm ở quốc gia nào sau đây?,Vương quốc Anh
Rise of Kingdoms,Black Forest Cake is a famous European dessert. In which country is the Black Forest from which it takes its name?,Germany
Rise of Kingdoms,Bánh Rừng Đen là món tráng miệng nổi tiếng của Châu Âu. Rừng Đen được lấy tên từ quốc gia nào?,Nước Đức
Rise of Kingdoms,Bossa nova is a popular genre of music originating from which country?,Brazil
Rise of Kingdoms,Bossa nova là thể loại nhạc phổ biến có nguồn gốc từ quốc gia nào?,Brazil
Rise of Kingdoms,Broccoli is rich in which vitamin?,Vitamin C
Rise of Kingdoms,By what other name are Ceroli Chieftains Ak & Hok also known by?,The Astral Twins
Rise of Kingdoms,Tên khác là Ceroli Chieftains Ak,Cặp song sinh Astral
Rise of Kingdoms,By what other name is October also known under Japan’s old calendar?,Kannazuki
Rise of Kingdoms,Tháng 10 còn được biết đến với cái tên nào khác theo lịch cũ của Nhật Bản?,Kannazuki
Rise of Kingdoms,By what other name is the Ceroli Chieftain Wafura also known?,Wolfshadow
Rise of Kingdoms,Thủ lĩnh Ceroli Wafura còn được biết đến với cái tên nào khác?,Bóng sói
Rise of Kingdoms,Cactus spines are actually a modified form of which other part of the plant?,Leaves
Rise of Kingdoms,Champagne is a region in which country?,France
Rise of Kingdoms,Champagne là vùng của nước nào?,Pháp
Rise of Kingdoms,Charles Macintosh crafted a very early version of a raincoat from which material?,Rubber
Rise of Kingdoms,"China’s “crosstalk” sketch comedy format originates in three places: Tianqiao in Beijing, the Quanye Bazaar in Tianjin, and where in Nanjing?",Fuzimiao
Rise of Kingdoms,"Định dạng hài kịch phác thảo “xuyên âm” của Trung Quốc bắt nguồn từ ba địa điểm: Tianqiao ở Bắc Kinh, Chợ Quanye ở Thiên Tân và ở đâu ở Nam Kinh?",Fuzimiao
Rise of Kingdoms,Combat Tactics is an important Military Technology – what effect does it have?,Increases Attack of all units
Rise of Kingdoms,Chiến thuật tác chiến là một Công nghệ quân sự quan trọng – nó có tác dụng gì?,Tăng sức tấn công của tất cả các đơn vị
Rise of Kingdoms,Commander Björn Ironside’s “Viking Lord” skill benefits which of the following unit types?,Infantry
Rise of Kingdoms,Kỹ năng “Chúa tể Viking” của Chỉ huy Björn Ironside mang lại lợi ích cho loại đơn vị nào sau đây?,Bộ binh
Rise of Kingdoms,Darwin’s last book primarily discussed which species’ influence on soil?,Earthworms
Rise of Kingdoms,Cuốn sách cuối cùng của Darwin chủ yếu thảo luận về ảnh hưởng của loài nào đến đất?,Giun đất
Rise of Kingdoms,"Diego Velázquez, the painter of the realist work Portrait of Pope Innocent X, was from which country?",Spain
Rise of Kingdoms,"During a solar eclipse, the celestial object that comes between the Sun and the Earth is",The Moon
Rise of Kingdoms,"Khi xảy ra nhật thực, thiên thể nằm giữa Mặt trời và Trái đất là",Mặt trăng
Rise of Kingdoms,"During China’s Warring States Period, which state defeated the other six and built the unified Chinese empire?",Qin
Rise of Kingdoms,"During nuclear fusion, which of the following elements produces less energy than it absorbs?",Iron
Rise of Kingdoms,"Trong quá trình tổng hợp hạt nhân, nguyên tố nào sau đây tạo ra ít năng lượng hơn mức hấp thụ?",Sắt
Rise of Kingdoms,"During the Renaissance, why was Florence significant?",Birthplace and symbol of the Renaissance
Rise of Kingdoms,"During the Second Punic War, in which battle did a vastly outnumbered Hannibal defeat a Roman army?",The Battle of Cannae
Rise of Kingdoms,"During the Trojan War, which Greek warrior killed Hector?",Achilles
Rise of Kingdoms,"During the Upper and Lower Egypt period, what color was the crown of the pharaoh of Upper Egypt?",White
Rise of Kingdoms,"Trong thời kỳ Thượng và Hạ Ai Cập, vương miện của pharaoh Thượng Ai Cập có màu gì?",Trắng
Rise of Kingdoms,During which emperor’s reign was the Roman Colosseum completed?,Titus
Rise of Kingdoms,During which season are nights relatively short and days relatively long?,Summer
Rise of Kingdoms,"Edward VIII became King of England in January 1936. Later in the same year, in which month did he give up the throne?",December
Rise of Kingdoms,Egypt’s economy was primarily based on what?,Agriculture
Rise of Kingdoms,Egyptians made paper from which material?,Papyrus
Rise of Kingdoms,Elbe Day was the meeting of which two armies during World War II?,"USA, USSR"
Rise of Kingdoms,Equipment with special talent bonuses will have their attributes enhanced by what percentage when equipped to a commander with the corresponding talent?,30%
Rise of Kingdoms,Feijoada is considered a national dish of which country?,Brazil
Rise of Kingdoms,Feijoada được coi là món ăn quốc gia của nước nào?,Brazil
Rise of Kingdoms,"First created in Ancient Greece, to which profession does the Hippocratic Oath apply?",Doctors
Rise of Kingdoms,"Lần đầu tiên được tạo ra ở Hy Lạp cổ đại, Lời thề Hippocrates áp dụng cho nghề nghiệp nào?",Bác sĩ
Rise of Kingdoms,Fish and chips has its earliest origins in which country?,England
Rise of Kingdoms,Cá và khoai tây chiên có nguồn gốc sớm nhất ở quốc gia nào?,Nước Anh
Rise of Kingdoms,Focaccia is a type of pizza-like bread. Which country (and its cooking culture) created the focaccia?,Italy
Rise of Kingdoms,Focaccia là một loại bánh mì giống pizza. Quốc gia nào (và văn hóa nấu ăn của quốc gia đó) đã tạo ra món focaccia?,Ý
Rise of Kingdoms,Foie gras is a very nutrient-rich food. Which country produces the most foie gras?,France
Rise of Kingdoms,Gan ngỗng là một loại thực phẩm rất giàu chất dinh dưỡng. Quốc gia nào sản xuất nhiều gan ngỗng nhất?,Pháp
Rise of Kingdoms,"For every 1 unit you train in your city, how many expedition units do you get in Expedition mode?",1.0
Rise of Kingdoms,"Với mỗi 1 đơn vị bạn huấn luyện trong thành phố của mình, bạn nhận được bao nhiêu đơn vị viễn chinh trong chế độ Viễn chinh?",1.0
Rise of Kingdoms,For how many francs did Charles V ransom Bertrand du Guesclin during the conflict over Brittany?,100000.0
Rise of Kingdoms,Charles V đã chuộc Bertrand du Guesclin với bao nhiêu franc trong cuộc xung đột ở Brittany?,100000.0
Rise of Kingdoms,"For which disease did Edward Jenner, known as the father of immunology, develop a vaccine?",Smallpox
Rise of Kingdoms,France and Germany were both once part of what feudal Kingdom?,Francia
Rise of Kingdoms,French National Day is on July 14 in order to coincide with which historical event?,Storming of the Bastille
Rise of Kingdoms,"From the 17th to 19th centuries, the Kingdom of Prussia was mostly in which modern country?",Germany
Rise of Kingdoms,"Từ thế kỷ 17 đến thế kỷ 19, Vương quốc Phổ chủ yếu nằm ở quốc gia nào hiện nay?",Nước Đức
Rise of Kingdoms,"From the 8th to the 11th century CE, what did Europeans frequently call the Scandinavian invaders who frequently ravaged their lands?",Vikings
Rise of Kingdoms,Galileo’s Leaning Tower of Pisa experiment overturned a theory of which Ancient Greek scientist?,Aristotle
Rise of Kingdoms,Global warming will NOT lead to,A drop in sea levels
Rise of Kingdoms,Sự nóng lên toàn cầu sẽ KHÔNG dẫn đến,Mực nước biển giảm
Rise of Kingdoms,Governors cannot earn Activity Points through which of the following?,Expeditions
Rise of Kingdoms,Thống đốc không thể kiếm được Điểm hoạt động thông qua cách nào sau đây?,Cuộc thám hiểm
Rise of Kingdoms,Halley’s Comet can be observed from Earth every…,75-76 years
Rise of Kingdoms,Sao chổi Halley có thể được quan sát từ Trái đất mỗi…,75-76 tuổi
Rise of Kingdoms,"Held in 1929, how long did the first Academy Awards (“Oscars”) ceremony take?",15 minutes
Rise of Kingdoms,Hieroglyphs were part of which country’s formal writing system?,Ancient Egypt
Rise of Kingdoms,Homer’s epic “The Iliad” focuses on events happening during which war or battle?,The Trojan War
Rise of Kingdoms,Sử thi “The Iliad” của Homer tập trung vào những sự kiện xảy ra trong cuộc chiến tranh hay trận chiến nào?,Cuộc chiến thành Troy
Rise of Kingdoms,How do you get Alliance Technology Credits?,By donating to research Alliance Technology
Rise of Kingdoms,How do you get Alliance Technology Points?,By donating to research Alliance Technology
Rise of Kingdoms,Làm thế nào để bạn nhận được Điểm Công nghệ Liên minh?,Bằng cách quyên góp cho nghiên cứu của Alliance Technology
Rise of Kingdoms,How do you obtain the Friend of the Kingdom achievement?,Visit 100 tribal villages
Rise of Kingdoms,Làm thế nào để bạn có được thành tích Người bạn của Vương quốc?,Thăm 100 làng dân tộc
Rise of Kingdoms,How high in the Sunset Canyon daily ranking do you need to place before you can receive the Golden Key Daily Rewards?,In the top 5
Rise of Kingdoms,Bạn cần đạt thứ hạng hàng ngày của Sunset Canyon ở mức nào trước khi có thể nhận Phần thưởng Chìa khóa Vàng hàng ngày?,Trong top 5
Rise of Kingdoms,How long did the Hundred Years’ War between England and France last?,116 years
Rise of Kingdoms,Chiến tranh Trăm Năm giữa Anh và Pháp kéo dài bao lâu?,116 năm
Rise of Kingdoms,How long does the “Basic Army Expansion” boost last?,4h
Rise of Kingdoms,How long does the rune dropped by defeating the Guardians remain on the map?,8 hours
Rise of Kingdoms,Rune rơi ra khi đánh bại những người bảo vệ vẫn tồn tại trên bản đồ trong bao lâu?,8 giờ
Rise of Kingdoms,How many “Golden Kingdom Equipment Troves” are contained within the Golden Chest earned from stage 16 of the “Golden Kingdom” event?,3.0
Rise of Kingdoms,Có bao nhiêu “Tủ trang bị Vương quốc Vàng” được chứa trong Rương Vàng kiếm được từ màn 16 của sự kiện “Vương quốc Vàng”?,3.0
Rise of Kingdoms,How many arrows are stuck in the shield of commander Lohar?,4.0
Rise of Kingdoms,Có bao nhiêu mũi tên cắm vào khiên của chỉ huy Lohar?,4.0
Rise of Kingdoms,How many beasts can you expect to see fighting alongside Lvl 20 barbarian troops in Rise of Kingdoms,1 bear and 2 wolves
Rise of Kingdoms,Bạn có thể mong đợi bao nhiêu quái thú chiến đấu bên cạnh đội quân man rợ cấp 20 trong Rise of Kingdoms,1 con gấu và 2 con sói
Rise of Kingdoms,How many bones does an adult human normally have?,206.0
Rise of Kingdoms,Một người trưởng thành thường có bao nhiêu xương?,206.0
Rise of Kingdoms,How many bowmen are shown practising in the Archery Range when training composite bowmen?,3.0
Rise of Kingdoms,Có bao nhiêu cung thủ được thể hiện đang luyện tập trong Trường bắn cung khi huấn luyện cung thủ tổng hợp?,3.0
Rise of Kingdoms,How many cards in total are shown in the Mysterious Merchant’s hands?,5.0
Rise of Kingdoms,Tổng cộng có bao nhiêu lá bài được hiển thị trên tay Người lái buôn bí ẩn?,5.0
Rise of Kingdoms,How many daily Activity Points do you need in “Lucerne Scrolls” to claim the Daily Gift clue reward?,50.0
Rise of Kingdoms,How many days are in a leap year?,366 days
Rise of Kingdoms,How many dispatches do you need to complete at the State Forum to open a Dispatch Commendation?,15.0
Rise of Kingdoms,Bạn cần hoàn thành bao nhiêu công văn tại Diễn đàn Nhà nước để mở Khen thưởng Công văn?,"15,0"
Rise of Kingdoms,How many Easter eggs are featured in the Easter Egg Avatar Frame?,5.0
Rise of Kingdoms,Có bao nhiêu quả trứng Phục sinh được giới thiệu trong Khung Avatar Trứng Phục sinh?,5.0
Rise of Kingdoms,How many emeralds are featured on the clothing of commander Matilda of Flanders?,5.0
Rise of Kingdoms,Có bao nhiêu viên ngọc lục bảo được đính trên trang phục của chỉ huy Matilda xứ Flanders?,5.0
Rise of Kingdoms,How many flags are featured in front of the Alliance Center for the French civilization?,6.0
Rise of Kingdoms,Có bao nhiêu lá cờ được treo trước Trung tâm Liên minh văn minh Pháp?,6.0
Rise of Kingdoms,How many gears are shown on the icon for the Economic Technology “Engineering”?,2.0
Rise of Kingdoms,Có bao nhiêu bánh răng được hiển thị trên biểu tượng của ngành “Kỹ thuật” Kinh tế?,2.0
Rise of Kingdoms,How many goals does a player need to score to earn a hat-trick?,3.0
Rise of Kingdoms,Một cầu thủ cần ghi bao nhiêu bàn để lập hat-trick?,3.0
Rise of Kingdoms,How many Golden Keys are awarded to the top finishing Governor in each season of Sunset Canyon?,5.0
Rise of Kingdoms,Có bao nhiêu Chìa khóa Vàng được trao cho Thống đốc về đích cao nhất trong mỗi mùa của Sunset Canyon?,5.0
Rise of Kingdoms,How many hurricanes were recorded around the Pacific Ocean in the year 1977?,4.0
Rise of Kingdoms,Có bao nhiêu cơn bão được ghi nhận quanh Thái Bình Dương vào năm 1977?,4.0
Rise of Kingdoms,How many individual credits can be earned from selling normal equipment blueprints through the Alliance Shop’s reclaim feature?,400.0
Rise of Kingdoms,Có thể kiếm được bao nhiêu tín dụng cá nhân từ việc bán bản thiết kế trang bị thông thường thông qua tính năng thu hồi của Cửa hàng Liên minh?,"400,0"
Rise of Kingdoms,How many individual quests does an Expedition involve?,90.0
Rise of Kingdoms,Một cuộc thám hiểm bao gồm bao nhiêu nhiệm vụ riêng lẻ?,"90,0"
Rise of Kingdoms,How many items of the same quality should I equip to complete “Ready For Battle”?,6.0
Rise of Kingdoms,How many Key Points are required to unlock the Treasure of Blue Crystal in Alliance Gifts?,3000000.0
Rise of Kingdoms,Cần bao nhiêu Điểm chính để mở khóa Kho báu Pha lê xanh trong Quà tặng của Liên minh?,3000000.0
Rise of Kingdoms,How many keys are included in the Alliance Gift received for the destruction of a Lvl 5 Barbarian Fort?,60.0
Rise of Kingdoms,Có bao nhiêu chìa khóa trong Quà tặng Liên minh nhận được khi phá hủy Pháo đài man rợ cấp 5?,"60,0"
Rise of Kingdoms,How many keys are included in the Wooden Chest Alliance Gift?,10.0
Rise of Kingdoms,Có bao nhiêu chìa khóa được bao gồm trong Quà tặng Liên minh Rương Gỗ?,"10,0"
Rise of Kingdoms,How many keys does a typical modern piano have?,88.0
Rise of Kingdoms,Một cây đàn piano hiện đại điển hình có bao nhiêu phím?,"88,0"
Rise of Kingdoms,How many Legendary Commander Sculptures are awarded to the top finisher by total rankings in the “The Mightiest Governor” event?,180.0
Rise of Kingdoms,Có bao nhiêu Tác phẩm điêu khắc Chỉ huy Huyền thoại được trao cho người về đích cao nhất tính theo tổng thứ hạng trong sự kiện “Thống đốc hùng mạnh nhất”?,"180,0"
Rise of Kingdoms,How many letters are used in today’s version of English?,26.0
Rise of Kingdoms,How many Medals of the Conqueror are needed to purchase a Legendary Commander Sculpture in the Medal Store in Expedition mode?,1500.0
Rise of Kingdoms,Cần bao nhiêu Huy chương của Kẻ chinh phục để mua Tác phẩm điêu khắc Chỉ huy Huyền thoại trong Cửa hàng Huy chương ở chế độ Viễn chinh?,"1500,0"
Rise of Kingdoms,"How many minutes’ worth total of speedups can be obtained from purchasing the “7-Day Speedup Supply” in addition to the immediate 1,050 Gem reward?","3,150 minutes"
Rise of Kingdoms,Bạn có thể nhận được tổng số lần tăng tốc trong bao nhiêu phút khi mua “Nguồn cung cấp tăng tốc trong 7 ngày” cùng với phần thưởng 1.050 Đá quý ngay lập tức?,3.150 phút
Rise of Kingdoms,How many Normal Iron Ore do you need to make an Advanced Iron Ore?,4.0
Rise of Kingdoms,Bạn cần bao nhiêu quặng sắt thông thường để tạo ra quặng sắt nâng cao?,4.0
Rise of Kingdoms,How many officers (excluding the alliance leader) can an alliance have?,8.0
Rise of Kingdoms,Một liên minh có thể có bao nhiêu sĩ quan (không bao gồm người lãnh đạo liên minh)?,"8,0"
Rise of Kingdoms,How many Olympic gold medals did African-American athlete Jesse Owens win in 1936?,4.0
Rise of Kingdoms,Vận động viên người Mỹ gốc Phi Jesse Owens đã giành được bao nhiêu huy chương vàng Olympic vào năm 1936?,4.0
Rise of Kingdoms,How many patrolling soldiers roam a governor’s walls?,7.0
Rise of Kingdoms,Có bao nhiêu người lính tuần tra đi lang thang trên tường của thống đốc?,"7,0"
Rise of Kingdoms,How many phases are there in The Mightiest Governor event?,5.0
Rise of Kingdoms,Có bao nhiêu giai đoạn trong sự kiện Thống đốc hùng mạnh nhất?,5.0
Rise of Kingdoms,How many players are there in the board game Go?,2.0
Rise of Kingdoms,Có bao nhiêu người chơi trong trò chơi cờ vây?,2.0
Rise of Kingdoms,How many points are earned per 1 point of upgraded Power within the “Stage 4: Power Upgrade” segment of “The Mightiest Governor” event?,2.0
Rise of Kingdoms,Bạn nhận được bao nhiêu điểm cho mỗi 1 điểm Sức mạnh được nâng cấp trong phân đoạn “Giai đoạn 4: Nâng cấp sức mạnh” của sự kiện “Thống đốc hùng mạnh nhất”?,2.0
Rise of Kingdoms,How many points are gained per Lvl 3 unit severely wounded/killed in the “Stage 5: Enemy Elimination” segment of the “Mightiest Governor” event?,4.0
Rise of Kingdoms,Mỗi đơn vị Cấp 3 bị thương/tử trận nặng nề trong phân đoạn “Giai đoạn 5: Loại bỏ kẻ thù” của sự kiện “Thống đốc hùng mạnh nhất” sẽ nhận được bao nhiêu điểm?,4.0
Rise of Kingdoms,How many polar bears feature on the Heart of the North Avatar Frame?,3.0
Rise of Kingdoms,Có bao nhiêu chú gấu Bắc Cực xuất hiện trên Khung Avatar Trái Tim Phương Bắc?,3.0
Rise of Kingdoms,How many refreshes are available per visit to the Mysterious Merchant?,5.0
Rise of Kingdoms,Có bao nhiêu lần làm mới có sẵn cho mỗi lần ghé thăm Thương nhân bí ẩn?,5.0
Rise of Kingdoms,How many reward chests are awarded for reaching 60 daily activity points?,3.0
Rise of Kingdoms,How many roses feature on the Rose Petals Avatar Frame?,4.0
Rise of Kingdoms,Có bao nhiêu bông hồng xuất hiện trên Khung Avatar Cánh Hoa Hồng?,4.0
Rise of Kingdoms,How many Scouts can the Scout Camp hold at once?,3.0
Rise of Kingdoms,Trại Hướng đạo có thể chứa bao nhiêu Hướng đạo sinh cùng một lúc?,3.0
Rise of Kingdoms,How many sections are featured in the Kingdom Newspaper outside of special calendar events?,5.0
Rise of Kingdoms,Có bao nhiêu mục được đăng trên Báo Nước Trời ngoài những sự kiện đặc biệt theo lịch?,5.0
Rise of Kingdoms,How many separate khanates or empires had the Mongol Empire fractured into by the time of Kublai’s death in 1294?,4.0
Rise of Kingdoms,How many small tents can you see in a Lvl 3 Barbarian Fort?,6.0
Rise of Kingdoms,Bạn có thể nhìn thấy bao nhiêu lều nhỏ trong Pháo đài man rợ cấp 3?,6.0
Rise of Kingdoms,How many stars are featured on the banner displayed behind the commander Minamoto no Yoshitsune?,3.0
Rise of Kingdoms,Có bao nhiêu ngôi sao xuất hiện trên lá cờ phía sau chỉ huy Minamoto no Yoshitsune?,3.0
Rise of Kingdoms,How many students sit in on the lectures held by the scholars of the Lyceum of Wisdom?,6.0
Rise of Kingdoms,Có bao nhiêu sinh viên ngồi trong các bài giảng do các học giả của Lyceum of Wisdom tổ chức?,6.0
Rise of Kingdoms,How many teams competed in the 2022 World Cup?,32.0
Rise of Kingdoms,Có bao nhiêu đội thi đấu ở World Cup 2022?,"32,0"
Rise of Kingdoms,How many teams took part in the first World Cup?,13.0
Rise of Kingdoms,Có bao nhiêu đội tham dự World Cup đầu tiên?,13.0
Rise of Kingdoms,How many tents are shown on the icon for the Military Technology “Encampment”?,3.0
Rise of Kingdoms,Có bao nhiêu chiếc lều được hiển thị trên biểu tượng của “Trại trại” Công nghệ Quân sự?,3.0
Rise of Kingdoms,How many tiles does a City Hall occupy within your city?,9 x 9
Rise of Kingdoms,Tòa thị chính chiếm bao nhiêu ô trong thành phố của bạn?,9 x 9
Rise of Kingdoms,How many times can you receive alliance help if your Alliance Center is level 14?,18.0
Rise of Kingdoms,Bạn có thể nhận được trợ giúp liên minh bao nhiêu lần nếu Trung tâm Liên minh của bạn ở cấp 14?,18.0
Rise of Kingdoms,How many times can you receive alliance help if your alliance center is level 25?,30.0
Rise of Kingdoms,How many times has North Korea qualified for the World Cup?,Two times
Rise of Kingdoms,Triều Tiên đã bao nhiêu lần vượt qua vòng loại World Cup?,Hai lần
Rise of Kingdoms,How many times is the character “1” used when you write from number 1 to number 99?,20.0
Rise of Kingdoms,Ký tự “1” được sử dụng bao nhiêu lần khi viết từ số 1 đến số 99?,"20,0"
Rise of Kingdoms,How many troops are recommended for destroying a Lvl 3 Barbarian Fort?,"480,000 Lvl 3 units"
Rise of Kingdoms,Cần bao nhiêu quân để phá hủy Pháo đài man rợ cấp 3?,480.000 cấp 3 đơn vị
Rise of Kingdoms,How many troops can governors send with a level 17 City Hall or above?,4.0
Rise of Kingdoms,How many VIP points can you buy with 200 gems?,200.0
Rise of Kingdoms,How many Watchtowers are included in a Lvl 25 city?,8.0
Rise of Kingdoms,Có bao nhiêu Tháp canh được bao gồm trong một thành phố cấp 25?,"8,0"
Rise of Kingdoms,How many wheels are there on a battering ram?,6.0
Rise of Kingdoms,Có bao nhiêu bánh xe trên một chiếc ram đập?,6.0
Rise of Kingdoms,How many Women’s World Cups has Megan Rapinoe won?,2.0
Rise of Kingdoms,Megan Rapinoe đã giành được bao nhiêu World Cup nữ?,2.0
Rise of Kingdoms,How many World Cup titles has Italy won?,4.0
Rise of Kingdoms,Ý đã giành được bao nhiêu danh hiệu World Cup?,4.0
Rise of Kingdoms,How many World Cup titles has Pelé won?,3.0
Rise of Kingdoms,How many years are there between each Winter Olympic Games?,4.0
Rise of Kingdoms,How much capacity does a Lvl 15 Hospital provide (excluding boosts)?,29000.0
Rise of Kingdoms,Bệnh viện Cấp 15 cung cấp bao nhiêu công suất (không bao gồm tăng cường)?,29000.0
Rise of Kingdoms,How much does the 12-Hour Enhanced Attack item increase your troops’ Attack by?,5%
Rise of Kingdoms,Vật phẩm Tấn công nâng cao 12 giờ tăng sức tấn công của quân bạn lên bao nhiêu?,5%
Rise of Kingdoms,How much experience does a commander earn from a Lvl 7 Tome of Knowledge?,50000.0
Rise of Kingdoms,Người chỉ huy kiếm được bao nhiêu kinh nghiệm từ Sách Kiến thức Cấp 7?,"50000,0"
Rise of Kingdoms,How much gold does a single issue of the Kingdom Newspaper cost?,1000.0
Rise of Kingdoms,Một số báo Nước Trời trị giá bao nhiêu vàng?,"1000,0"
Rise of Kingdoms,How much reinforcement troop capacity does a city receive at Alliance Center Lvl 20?,575000.0
Rise of Kingdoms,Một thành phố nhận được bao nhiêu quân tăng cường tại Trung tâm Liên minh Lvl 20?,575000.0
Rise of Kingdoms,How much stone will a Lvl 17 Quarry produce every hour (excluding boosts)?,2775.0
Rise of Kingdoms,Mỏ đá cấp 17 sẽ sản xuất bao nhiêu đá mỗi giờ (không bao gồm đá tăng)?,2775.0
Rise of Kingdoms,How much total daily contribution is required to place in the daily alliance contribution rankings?,10000.0
Rise of Kingdoms,Tổng số tiền đóng góp hàng ngày cần thiết để xếp hạng trong bảng xếp hạng đóng góp hàng ngày của liên minh?,"10000,0"
Rise of Kingdoms,How much will an Enhanced Attack (Advanced) item increase your attack?,10%
Rise of Kingdoms,How much will an Enhanced Gathering item increase your gathering speed?,50%
Rise of Kingdoms,How often does the World Cup take place?,Every 4 years
Rise of Kingdoms,World Cup diễn ra thường xuyên như thế nào?,Cứ sau 4 năm
Rise of Kingdoms,How often is the FIFA World Cup held?,Every 4 years
Rise of Kingdoms,How was the Gutenberg Bible put into mass production?,Movable type printing press
Rise of Kingdoms,"If a man with type AB blood and a woman with type B blood have a baby, which of the following statements would be incorrect?",It could have type O blood
Rise of Kingdoms,"Nếu một người đàn ông có nhóm máu AB và một người phụ nữ có nhóm máu B sinh con, phát biểu nào sau đây là sai?",Nó có thể có nhóm máu O
Rise of Kingdoms,Iguazu Falls lies on the border of which two countries?,Brazil and Argentina
Rise of Kingdoms,Thác Iguazu nằm ở biên giới của hai quốc gia nào?,Brazil và Argentina
Rise of Kingdoms,"In “Republic”, what does Plato identify as the “highest form”?",Form of the Good
Rise of Kingdoms,"Trong “Cộng hòa”, Plato xác định điều gì là “hình thức cao nhất”?",Hình thức tốt
Rise of Kingdoms,"In 1582, Oda Nobunaga was betrayed and ambushed by his general Akechi Mitsuhide. Where did this occur?",Honnō-ji Temple in Kyoto
Rise of Kingdoms,"Năm 1582, Oda Nobunaga bị tướng Akechi Mitsuhide phản bội và phục kích. Điều này đã xảy ra ở đâu?",Đền Honnō-ji ở Kyoto
Rise of Kingdoms,"In 1970, an Apollo mission attempted to land on the moon. Due to a technical issue, it only managed to orbit around the moon and return to Earth. What was the name of the mission?",Apollo 13
Rise of Kingdoms,"Năm 1970, một sứ mệnh Apollo đã cố gắng hạ cánh trên mặt trăng. Do sự cố kỹ thuật, nó chỉ quay quanh mặt trăng và quay trở lại Trái đất. Tên của nhiệm vụ là gì?",Apollo 13
Rise of Kingdoms,"In 1970, which goalkeeper made the “save of the century” against Pelé?",Gordon Banks
Rise of Kingdoms,"In 2002, FIFA published a fan-selected World Cup Dream Team. Who was the goalkeeper?",Lev Yashin
Rise of Kingdoms,"Năm 2002, FIFA công bố Đội hình trong mơ World Cup do người hâm mộ lựa chọn. Thủ môn là ai?",Lev Yashin
Rise of Kingdoms,"In 2010, at age 71, Otto Rehhagel became the oldest person to manage a World Cup team. Which team did he manage?",Greece
Rise of Kingdoms,"Năm 2010, ở tuổi 71, Otto Rehhagel trở thành người lớn tuổi nhất dẫn dắt một đội tuyển dự World Cup. Anh ấy đã quản lý đội nào?",Hy Lạp
Rise of Kingdoms,"In 2018, which country set the record for being the least-populated country to ever reach the World Cup?",Iceland
Rise of Kingdoms,"Năm 2018, quốc gia nào lập kỷ lục là quốc gia ít dân số nhất từng lọt vào World Cup?",Iceland
Rise of Kingdoms,"In 2026, the US, Mexico, and Canada will co-host the World Cup. How many teams will be participating?",48.0
Rise of Kingdoms,"Năm 2026, Mỹ, Mexico và Canada sẽ đồng đăng cai World Cup. Có bao nhiêu đội sẽ tham gia?","48,0"
Rise of Kingdoms,"In Ancient Egypt, which of the following was NOT a privilege of being a ‘Scribe’?",Exempt from paying medical expenses if sick
Rise of Kingdoms,"Ở Ai Cập cổ đại, điều nào sau đây KHÔNG phải là đặc quyền để trở thành 'Người ghi chép'?",Miễn thanh toán chi phí y tế nếu bị bệnh
Rise of Kingdoms,"In ancient Greece, the Delian League was led by which city-state?",Athens
Rise of Kingdoms,"Ở Hy Lạp cổ đại, Liên minh Delian được lãnh đạo bởi thành bang nào?",Athens
Rise of Kingdoms,"In Ancient Greece, which philosopher liked to discuss ideas on a street which then got the nickname “Peripatetic School”?",Aristotle
Rise of Kingdoms,"Ở Hy Lạp cổ đại, triết gia nào thích thảo luận về các ý tưởng trên một con phố mà lúc đó có biệt danh là “Trường học Peripatetic”?",Aristote
Rise of Kingdoms,"In ancient Greece, who was the high priestess of the Temple of Apollo at Delphi?",The Pythia
Rise of Kingdoms,"Ở Hy Lạp cổ đại, nữ tư tế cao cấp của Đền thờ Apollo ở Delphi là ai?",Pythia
Rise of Kingdoms,"In ancient Greek mythology, who was Hermes’ father?",Zeus
Rise of Kingdoms,"In ancient Greek mythology, who was the wife of Hades, the king of the underworld?",Persephone
Rise of Kingdoms,"Trong thần thoại Hy Lạp cổ đại, vợ của Hades, vua địa ngục là ai?",Persephone
Rise of Kingdoms,"In Ark of Osiris, how many teleports does the first alliance to occupy an obelisk earn?",8.0
Rise of Kingdoms,"In Ark of Osiris, what effect does the Desert Storm skill have on enemy troops?",Deals skill damage
Rise of Kingdoms,"Trong Ark of Osiris, kỹ năng Bão táp sa mạc có tác dụng gì với quân địch?",Gây sát thương kỹ năng
Rise of Kingdoms,"In Ark of Osiris, what is the requirement for an alliance to participate in the Golden Battlefield?",Ranked top 20 for alliance power in their kingdom
Rise of Kingdoms,"Trong Ark of Osiris, yêu cầu để một liên minh tham gia Chiến trường Vàng là gì?",Xếp hạng top 20 về sức mạnh liên minh trong vương quốc của họ
Rise of Kingdoms,"In Ark of Osiris, where are you supposed to take the Ark?",A non-enemy building
Rise of Kingdoms,"In Ark of Osiris, which Speedup can you use?",Healing Speedup
Rise of Kingdoms,"Trong Ark of Osiris, bạn có thể sử dụng Speedup nào?",Tăng tốc chữa bệnh
Rise of Kingdoms,"In China’s Han Dynasty, who opened the Silk Road on the orders of Emperor Wu?",Zhang Qian
Rise of Kingdoms,"In Chinese mythology, what kind of creature is Jingwei?",A bird
Rise of Kingdoms,"Trong thần thoại Trung Quốc, Jingwei là loại sinh vật gì?",Một con chim
Rise of Kingdoms,"In DC comics, what is Batman’s real name?",Bruce Wayne
Rise of Kingdoms,"Trong truyện tranh DC, tên thật của Batman là gì?",Bruce Wayne
Rise of Kingdoms,"In French novelist Stendhal’s The Red and the Black, what is the name of the ambitious protagonist?",Julien
Rise of Kingdoms,"Trong tiểu thuyết gia người Pháp Stendhal's The Red and the Black, tên của nhân vật chính đầy tham vọng là gì?",Julien
Rise of Kingdoms,"In Golden Kingdom, how many passes do you need to clear to get a Golden Chest?",4 Passes
Rise of Kingdoms,"Ở Golden Kingdom, bạn cần hoàn thành bao nhiêu lượt để nhận được Rương Vàng?",4 đường chuyền
Rise of Kingdoms,"In Greek mythology, to whom did Paris, the Prince of Troy, give a golden apple inscribed with, “To the most beautiful goddess”?",Aphrodite
Rise of Kingdoms,"Trong thần thoại Hy Lạp, Paris, Hoàng tử thành Troy, đã tặng ai một quả táo vàng có khắc dòng chữ “Dành cho nữ thần xinh đẹp nhất”?",Aphrodite
Rise of Kingdoms,"In Greek mythology, what is the Goddess Eos known as?",Goddess of the Dawn
Rise of Kingdoms,"In Greek mythology, what is the relationship between Zeus and Hermes?",Father and son
Rise of Kingdoms,"In Greek mythology, what was Achilles’ only weak point?",His heels
Rise of Kingdoms,"In Greek mythology, what was the name of Hades’ 3-headed dog which guarded the gates of the Underworld?",Cerberus
Rise of Kingdoms,"Trong thần thoại Hy Lạp, con chó 3 đầu canh giữ cổng Địa ngục của Hades tên là gì?",Cerberus
Rise of Kingdoms,"In Greek mythology, which hero quested for the Golden Fleece?",Jason
Rise of Kingdoms,"In Greek mythology, which hero rode the flying horse Pegasus?",Bellerophon
Rise of Kingdoms,"Trong thần thoại Hy Lạp, vị anh hùng nào cưỡi ngựa bay Pegasus?",Bellerophon
Rise of Kingdoms,"In Greek mythology, who is the hero known for stealing fire from the gods and giving it to humankind?",Prometheus
Rise of Kingdoms,"Trong thần thoại Hy Lạp, ai là người anh hùng nổi tiếng với việc đánh cắp lửa từ các vị thần và đưa nó cho loài người?",Prometheus
Rise of Kingdoms,"In Greek mythology, who ran the chariot of the sun off its path, setting the earth aflame?",Phaethon
Rise of Kingdoms,"Trong thần thoại Hy Lạp, ai đã điều khiển cỗ xe của mặt trời lệch khỏi đường đi của nó và khiến trái đất bốc cháy?",Phaethon
Rise of Kingdoms,"In her in-game dialogue, who does Cleopatra VII mention was assassinated by his own senators?",Julius Caesar
Rise of Kingdoms,"Trong cuộc đối thoại trong trò chơi của mình, Cleopatra VII đề cập đến ai đã bị chính các thượng nghị sĩ của mình ám sát?",Julius Caesar
Rise of Kingdoms,"In his in-game dialogue, who does Lohar say is the “cruelest man” he’s ever met?",High Chieftain Gavar
Rise of Kingdoms,"Trong đoạn hội thoại trong trò chơi, Lohar nói ai là “người đàn ông độc ác nhất” mà anh từng gặp?",Thủ lĩnh tối cao Gavar
Rise of Kingdoms,"In Homer’s epic “The Iliad”, which of theh following goddesses was NOT part of the competition for the Golden Apple?",Artemis
Rise of Kingdoms,"Trong sử thi “The Iliad” của Homer, nữ thần nào sau đây KHÔNG tham gia cuộc tranh giành Quả táo vàng?",Artemis
Rise of Kingdoms,"In Japan, “torii” gates are usually placed at the entrance of what buildings?",Shrines
Rise of Kingdoms,"Ở Nhật Bản, cổng “torii” thường được đặt ở lối vào của những tòa nhà nào?",Đền thờ
Rise of Kingdoms,"In Japan, which fruit is known as the “fruit of immortality”?",Tachibana
Rise of Kingdoms,Ở Nhật Bản loại trái cây nào được mệnh danh là “trái cây trường sinh”?,Tachibana
Rise of Kingdoms,"In Maya mythology, how many levels are there in the heavens and the underworld combined?",22.0
Rise of Kingdoms,"Trong thần thoại Maya, thiên đường và địa ngục cộng lại có bao nhiêu cấp độ?",22.0
Rise of Kingdoms,"In Morse code, what is the length in dots between two words?",7 dots
Rise of Kingdoms,"In most cases, which kind of lion has a mane?",Adult male
Rise of Kingdoms,"In mythology, who was hit by the lead arrow of Eros?",Daphne
Rise of Kingdoms,"Trong thần thoại, ai bị mũi tên chì của Eros bắn trúng?",Daphne
Rise of Kingdoms,"In Norse mythology, the ravens Huginn and Muninn were the companions of which god?",Odin
Rise of Kingdoms,"Trong thần thoại Bắc Âu, quạ Huginn và Muninn là bạn đồng hành của vị thần nào?",Odin
Rise of Kingdoms,"In Norse mythology, what variety of trees was the World Tree?",Ash
Rise of Kingdoms,"In Norse mythology, who does the hammer Mjolnir belong to?",Thor
Rise of Kingdoms,"In Norse mythology, who wielded the weapon Gungnir?",Odin
Rise of Kingdoms,"In RoK, how many soldiers stand in front of the gates of your city?",2.0
Rise of Kingdoms,"Ở Hàn Quốc, có bao nhiêu người lính đứng trước cổng thành của bạn?",2.0
Rise of Kingdoms,"In RoK, the Cataphract is which civilization’s special unit?",Byzantium
Rise of Kingdoms,"Ở Hàn Quốc, Cataphract là đơn vị đặc biệt của nền văn minh nào?",Byzantium
Rise of Kingdoms,"In RoK, the Hwarang is which civilization’s special unit?",Korea
Rise of Kingdoms,"Ở Hàn Quốc, Hwarang là đơn vị đặc biệt của nền văn minh nào?",Hàn Quốc
Rise of Kingdoms,"In RoK, the Janissary is which civilization’s special unit?",Ottoman Empire
Rise of Kingdoms,"Ở Hàn Quốc, Janissary là đơn vị đặc biệt của nền văn minh nào?",Đế quốc Ottoman
Rise of Kingdoms,"In RoK, the Throwing Axeman is which civilization’s special unit?",France
Rise of Kingdoms,"Ở Hàn Quốc, Ném Rìu là đơn vị đặc biệt của nền văn minh nào?",Pháp
Rise of Kingdoms,"In RoK, there is a road paved with golden bricks that can be purchased for 100 Gems. What is it called?",King’s Road
Rise of Kingdoms,"Ở Hàn Quốc, có một con đường lát gạch vàng có thể mua được với giá 100 viên Đá quý. Nó được gọi là gì?",Đường Vua
Rise of Kingdoms,"In RoK, what do you have to do to complete the quest “Sword of the King”?",Recruit 200 infantry units
Rise of Kingdoms,"Ở Hàn Quốc, bạn phải làm gì để hoàn thành nhiệm vụ “Sword of the King”?",Tuyển 200 đơn vị bộ binh
Rise of Kingdoms,"In RoK, what is the maximum number of Goldmines a player can build?",4.0
Rise of Kingdoms,"Ở Hàn Quốc, người chơi có thể xây dựng số lượng Goldmines tối đa là bao nhiêu?",4.0
Rise of Kingdoms,"In RoK, what is the nickname of the commander Constance?",Queen of Sicily
Rise of Kingdoms,"Ở Hàn Quốc, biệt danh của chỉ huy Constance là gì?",Nữ hoàng Sicilia
Rise of Kingdoms,"In RoK, which building can you use to view your kingdom’s history?",Monument
Rise of Kingdoms,"Ở Hàn Quốc, bạn có thể sử dụng tòa nhà nào để xem lịch sử vương quốc của mình?",Đài kỷ niệm
Rise of Kingdoms,"In RoK, which commander can dispel enemy Attack buffs?",Amanitore
Rise of Kingdoms,"Ở Hàn Quốc, chỉ huy nào có thể xua tan bùa tấn công của kẻ thù?",Amanitore
Rise of Kingdoms,"In RoK, which commander has the nickname “Queen of Sicily”?",Constance
Rise of Kingdoms,"Ở Hàn Quốc, vị chỉ huy nào có biệt danh là “Nữ hoàng Sicily”?",Constance
Rise of Kingdoms,"In RoK, which commander has the skill “Beauty and Wisdom”?",Cleopatra VII
Rise of Kingdoms,"Ở Hàn Quốc, chỉ huy nào có kỹ năng “Sắc đẹp và Trí tuệ”?",Cleopatra VII
Rise of Kingdoms,"In RoK, which commander has the title “Beloved of Thoth”?",Thutmose III
Rise of Kingdoms,"Ở Hàn Quốc, vị chỉ huy nào có danh hiệu “Người yêu của Thoth”?",Thutmose III
Rise of Kingdoms,"In RoK, which commander is nicknamed “Queen of Silla”?",Seondeok
Rise of Kingdoms,"Ở Hàn Quốc, vị tướng nào được mệnh danh là “Nữ hoàng Silla”?",Seondeok
Rise of Kingdoms,"In RoK, which Kingdom Chronicles chapter requires all fog in your kingdom to be fully explored?",Long Peace
Rise of Kingdoms,"Ở Hàn Quốc, chương Kingdom Chronicles nào yêu cầu phải khám phá toàn bộ sương mù trong vương quốc của bạn?",Hòa bình lâu dài
Rise of Kingdoms,"In RoK, which of Sun Tzu’s skills is enhanced by his expertise skill?",Art of War
Rise of Kingdoms,"Ở Hàn Quốc, kỹ năng nào của Tôn Tử được nâng cao nhờ kỹ năng chuyên môn?",Nghệ thuật chiến tranh
Rise of Kingdoms,"In RoK, which of the following armaments can be used with the arch formation?",Emblem of the North
Rise of Kingdoms,"Ở Hàn Quốc, loại vũ khí nào sau đây có thể được sử dụng với đội hình vòm?",Biểu tượng của miền Bắc
Rise of Kingdoms,"In RoK, which of the following characters does Sun Tzu mention in his Trust dialogue?",Mulan
Rise of Kingdoms,"Ở Hàn Quốc, Tôn Tử nhắc đến nhân vật nào sau đây trong đoạn hội thoại Niềm Tin của mình?",Hoa Mộc Lan
Rise of Kingdoms,"In RoK, which of the following decorations has to be purchased with Gems?",Vase
Rise of Kingdoms,"Ở Hàn Quốc, đồ trang trí nào sau đây phải được mua bằng Đá quý?",Lọ cắm hoa
Rise of Kingdoms,"In RoK, which of the following is considered a Boost item?",Peace Shield
Rise of Kingdoms,"Ở Hàn Quốc, vật phẩm nào sau đây được coi là vật phẩm Tăng cường?",Lá chắn hòa bình
Rise of Kingdoms,"In RoK, which of the following is NOT one of Mulan’s skills?",Clever Heart
Rise of Kingdoms,"Ở Hàn Quốc, điều nào sau đây KHÔNG phải là một trong những kỹ năng của Mulan?",Trái tim thông minh
Rise of Kingdoms,"In RoK, which of these commanders is NOT good at leading archer units?",Saladin
Rise of Kingdoms,"Ở Hàn Quốc, người chỉ huy nào KHÔNG giỏi chỉ huy các đơn vị cung thủ?",Saladin
Rise of Kingdoms,"In Roman mythology, which animal is the goddess Minerva often associated with?",Owl
Rise of Kingdoms,"Trong thần thoại La Mã, nữ thần Minerva thường gắn liền với con vật nào?",Con cú
Rise of Kingdoms,"In Russian history, what nickname was the first Tzar given for their tyranny?",Ivan the Terrible
Rise of Kingdoms,"In Shakespeare’s Macbeth, the titular character murders King Duncan of Scotland. What is the name of Duncan’s eldest son?",Malcolm
Rise of Kingdoms,"Trong Macbeth của Shakespeare, nhân vật chính đã giết vua Duncan của Scotland. Con trai cả của Duncan tên là gì?",Malcolm
Rise of Kingdoms,"In soccer, which position is allowed to touch the ball with their hands while it is in their team’s penalty area?",Goalkeeper
Rise of Kingdoms,"Trong bóng đá, vị trí nào được phép chạm tay khi bóng ở trong vòng cấm của đội mình?",Thủ môn
Rise of Kingdoms,"In Sunset Canyon, how many troops can you deploy at a time?",5.0
Rise of Kingdoms,"Ở Sunset Canyon, bạn có thể triển khai bao nhiêu quân cùng một lúc?",5.0
Rise of Kingdoms,"In the “Batman” series by DC Comics, which iteration of Robin died as a result of a reader vote?",Jason Todd (Red Hood)
Rise of Kingdoms,"Trong loạt phim “Batman” của DC Comics, phiên bản nào của Robin đã chết do phiếu bầu của độc giả?",Jason Todd (Mũ trùm đầu đỏ)
Rise of Kingdoms,"In the “Gather Resources” stage of the Mightiest Governor event, how many points do you get for gathering 1 gem?",150.0
Rise of Kingdoms,"Trong màn “Thu thập tài nguyên” của sự kiện Thống đốc hùng mạnh nhất, bạn nhận được bao nhiêu điểm khi thu thập 1 viên ngọc?","150,0"
Rise of Kingdoms,"In the 16th-17th centuries, which disease did the famous bird-masked “plague doctors” treat?",Bubonic plague
Rise of Kingdoms,"Vào thế kỷ 16-17, các “bác sĩ bệnh dịch hạch” đeo mặt nạ chim nổi tiếng đã chữa khỏi căn bệnh gì?",Bệnh dịch hạch
Rise of Kingdoms,"In the 1966 World Cup, England manager Alf Ramsey began using a unique formation that led England to the World Cup title. What was notable about this formation?",No wingers
Rise of Kingdoms,"Tại World Cup 1966, huấn luyện viên đội tuyển Anh Alf Ramsey bắt đầu sử dụng đội hình độc đáo đã đưa đội tuyển Anh đến chức vô địch World Cup. Điều gì đáng chú ý về đội hình này?",Không có tiền vệ cánh
Rise of Kingdoms,"In the 2006 World Cup, Switzerland did not concede a single goal in regular play. Who was their goalkeeper?",Pascal Zuberbühler
Rise of Kingdoms,"Ở World Cup 2006, Thụy Sĩ không để thủng lưới một bàn nào khi thi đấu thường xuyên. Thủ môn của họ là ai?",Pascal Zuberbühler
Rise of Kingdoms,"In the 2006 World Cup, who was the only English player to score during penalties in England’s quarter-final match against Portugal?",Owen Hargreaves
Rise of Kingdoms,"Tại World Cup 2006, ai là cầu thủ người Anh duy nhất ghi bàn trong loạt sút luân lưu ở trận tứ kết giữa đội tuyển Anh với Bồ Đào Nha?",Owen Hargreaves
Rise of Kingdoms,"In the 2010 World Cup Final between Spain and the Netherlands, which Spanish player scored the game-winning goal?",Andrés Iniesta
Rise of Kingdoms,"Trong trận chung kết World Cup 2010 giữa Tây Ban Nha và Hà Lan, cầu thủ Tây Ban Nha nào đã ghi bàn thắng quyết định?",Andrés Iniesta
Rise of Kingdoms,"In the 2010 World Cup, which goalkeeper saved two penalty kicks during regular play?",Brad Friedel
Rise of Kingdoms,"Ở World Cup 2010, thủ môn nào cản phá được 2 quả đá phạt đền khi thi đấu thường xuyên?",Brad Friedel
Rise of Kingdoms,"In the 2014 World Cup Final between Germany and Argentina, which German player scored the game-winning goal?",Mario Götze
Rise of Kingdoms,"Trong trận chung kết World Cup 2014 giữa Đức và Argentina, cầu thủ Đức nào ghi bàn thắng quyết định?",Mario Gotze
Rise of Kingdoms,"In the 2014 World Cup held in Brazil, how many cities held match venues?",12.0
Rise of Kingdoms,"Tại World Cup 2014 được tổ chức ở Brazil, có bao nhiêu thành phố tổ chức địa điểm thi đấu?",12.0
Rise of Kingdoms,"In the 2014 World Cup held in Brazil, how many Confederation of African Football teams qualified for the tournament?",5.0
Rise of Kingdoms,"Tại World Cup 2014 được tổ chức tại Brazil, có bao nhiêu đội tuyển Liên đoàn bóng đá châu Phi đủ điều kiện tham dự giải đấu?",5.0
Rise of Kingdoms,"In the 2014 World Cup, which of the following teams was not in the same group as the eventual champions Germany?",England
Rise of Kingdoms,"Tại World Cup 2014, đội nào sau đây không nằm cùng bảng với nhà vô địch cuối cùng là Đức?",Nước Anh
Rise of Kingdoms,"In the 2018 World Cup, Thibaut Courtois won the Golden Glove award for best goalkeeper. What country is he from?",Belgium
Rise of Kingdoms,"Tại World Cup 2018, Thibaut Courtois đã giành giải Găng tay vàng cho thủ môn xuất sắc nhất. Anh ấy đến từ nước nào?",Nước Bỉ
Rise of Kingdoms,"In the 2018 World Cup, what other countries were in England’s Group G?","Belgium, Panama, Tunisia"
Rise of Kingdoms,"Ở World Cup 2018, đội tuyển Anh có những quốc gia nào khác ở bảng G?","Bỉ, Panama, Tunisia"
Rise of Kingdoms,"In the 2018 World Cup, which of the following teams was not in the same group as the eventual champions France?",Germany
Rise of Kingdoms,"Tại World Cup 2018, đội nào sau đây không cùng bảng với nhà vô địch cuối cùng là Pháp?",Nước Đức
Rise of Kingdoms,"In the 2022 World Cup, how many teams made it through the group stage to the knockout stage?",16.0
Rise of Kingdoms,"Tại World Cup 2022, có bao nhiêu đội vượt qua vòng bảng để vào vòng loại trực tiếp?",16.0
Rise of Kingdoms,"In the 2022 World Cup, which two teams stayed in university accommodations?","Argentina, Spain"
Rise of Kingdoms,"Ở World Cup 2022, hai đội nào ở ký túc xá đại học?","Argentina, Tây Ban Nha"
Rise of Kingdoms,"In the 2022 World Cup, who faced the host country Qatar in the opening match?",Ecuador
Rise of Kingdoms,"Ở World Cup 2022, ai đối đầu nước chủ nhà Qatar ở trận mở màn?",Ecuador
Rise of Kingdoms,"In the 2022 World Cup, who was the first team to be eliminated?",Qatar
Rise of Kingdoms,"Ở World Cup 2022, đội đầu tiên bị loại là ai?",Qatar
Rise of Kingdoms,"In the 49 BCE Roman civil war, who was Julius Caesar’s primary opponent?",Gnaeus Pompeius Magnus
Rise of Kingdoms,"Trong cuộc nội chiến La Mã năm 49 trước Công nguyên, đối thủ chính của Julius Caesar là ai?",Gnaeus Pompey Đại đế
Rise of Kingdoms,"In the Book of Exodus, who leads the Jewish people to the Promised Land?",Moses
Rise of Kingdoms,"In the COMMANDER VIEW page, what buff do commanders acting as a “Bloodfist Guard” get?",Troop Health +1%
Rise of Kingdoms,"Trong trang XEM CHỈ HUY, các chỉ huy đóng vai trò là “Người bảo vệ Bloodfist” nhận được buff gì?",Sức khỏe quân đội 1%
Rise of Kingdoms,"In the COMMANDER VIEW page, what buff do commanders acting as a “Drillmaster” get?",Troop Attack +1%
Rise of Kingdoms,"Trong trang XEM LỆNH, những người chỉ huy đóng vai trò là “Thợ khoan” sẽ nhận được buff gì?",Quân tấn công 1%
Rise of Kingdoms,"In the COMMANDER VIEW page, what buff do commanders acting as a “Iron Guard” get?",Troop Health +1%
Rise of Kingdoms,"Trong trang XEM CHỈ HUY, các chỉ huy đóng vai trò là “Người bảo vệ sắt” nhận được buff gì?",Sức khỏe quân đội 1%
Rise of Kingdoms,"In the COMMANDER VIEW page, what buff do commanders acting as a “Ranger” get?",None of these answers are correct
Rise of Kingdoms,"Trong trang XEM CHỈ HUY, các chỉ huy đóng vai trò là “Ranger” nhận được buff gì?",Không có câu
Rise of Kingdoms,"In the COMMANDER VIEW page, what buff do commanders acting as a “Tax Officer” get?",Gathering Speed +5%
Rise of Kingdoms,"Trong trang XEM LỆNH, người chỉ huy đóng vai trò là “Nhân viên Thuế” nhận được buff gì?",Tốc độ thu thập 5%
Rise of Kingdoms,"In the competition for the Golden Boot, if two players have scored the same number of goals, how is the winner determined?",Assists
Rise of Kingdoms,"Trong cuộc cạnh tranh Chiếc giày vàng, nếu 2 cầu thủ ghi được số bàn thắng bằng nhau thì người chiến thắng được xác định như thế nào?",Hỗ trợ
Rise of Kingdoms,"In the Desire of Victory event, how can players gain rewards?",Training troops
Rise of Kingdoms,"Trong sự kiện Khát Vọng Chiến Thắng, người chơi có thể nhận phần thưởng như thế nào?",Huấn luyện quân đội
Rise of Kingdoms,"In the Emerald Tablet, Hermes Trismegistus claims to hold “three parts of the wisdom of the whole world”. Which of these is NOT one of the three parts?",Transfiguration
Rise of Kingdoms,"Trong Tấm bảng Ngọc lục bảo, Hermes Trismegistus tuyên bố nắm giữ “ba phần trí tuệ của toàn thế giới”. Phần nào KHÔNG phải là một trong ba phần?",Biến hình
Rise of Kingdoms,"In the Grimms’ fairy tale “Town Musicians of Bremen”, a group of animals travels to Bremen together to become musicians. Which of the following animals is NOT in the group?",Pig
Rise of Kingdoms,"Trong câu chuyện cổ tích của Grimms “Những nhạc sĩ thị trấn Bremen”, một nhóm động vật cùng nhau du hành đến Bremen để trở thành nhạc sĩ. Những động vật nào sau đây KHÔNG thuộc nhóm?",Con lợn
Rise of Kingdoms,"In the Lohar’s Trial event, how can players obtain Bone Necklaces?",Defeating ordinary Barbarians
Rise of Kingdoms,"Trong sự kiện Thử thách Lohar, làm thế nào người chơi có thể nhận được Dây chuyền Xương?",Đánh bại những kẻ man rợ thông thường
Rise of Kingdoms,"In the Peerless Scholar event, how many answers do you need to get correct in the Preliminary to quality for the Midterm?",6.0
Rise of Kingdoms,"Trong sự kiện Học giả vô song, bạn cần làm đúng bao nhiêu câu",6.0
Rise of Kingdoms,"In the simplified Maslow’s hierarchy of needs, which need is at the top of the pyramid?",Self-actualization
Rise of Kingdoms,"Trong hệ thống phân cấp nhu cầu đơn giản của Maslow, nhu cầu nào đứng đầu kim tự tháp?",Tự thực hiện
Rise of Kingdoms,"In total, how many goals were scored at the 2018 World Cup?",169.0
Rise of Kingdoms,Tổng cộng có bao nhiêu bàn thắng được ghi ở World Cup 2018?,"169,0"
Rise of Kingdoms,"In total, how many matches were played at the 2018 World Cup?",64.0
Rise of Kingdoms,Tổng cộng có bao nhiêu trận đấu đã diễn ra tại World Cup 2018?,"64,0"
Rise of Kingdoms,"In what century was a settlement established near the mouth of the Amstel, which would eventually become the city of Amsterdam?",12th century
Rise of Kingdoms,"Vào thế kỷ nào một khu định cư được thành lập gần cửa sông Amstel, nơi sau này trở thành thành phố Amsterdam?",Thế kỷ 12
Rise of Kingdoms,"In what city did Henri I de Bourbon, Prince of Condé, pass away?",Saint-Jean-d’Angély
Rise of Kingdoms,"In what climate does basil, known in Europe as the “King of Herbs”, largely grow?",Tropical areas
Rise of Kingdoms,"Cây húng quế, được mệnh danh là “Vua của các loại thảo mộc” ở châu Âu, phát triển chủ yếu ở vùng khí hậu nào?",Vùng nhiệt đới
Rise of Kingdoms,In what country did the “Battle of Marengo” take place?,Italy
Rise of Kingdoms,In what era of Chinese history did the “Battle of Fei River” take place where a small number of soldiers conquered a vastly superior force?,The Eastern Jin Dynasty
Rise of Kingdoms,In what year did Einstein publish his four Annus Mirabilis (“Miracle Papers”)?,1905.0
Rise of Kingdoms,Einstein xuất bản bốn Annus Mirabilis (“Những giấy tờ kỳ diệu”) vào năm nào?,1905.0
Rise of Kingdoms,In what year did Maradona score his “Hand of God” goal?,1986.0
Rise of Kingdoms,Maradona ghi bàn thắng “Bàn tay của Chúa” vào năm nào?,1986.0
Rise of Kingdoms,In what year did Mark Zuckerberg create Facebook?,2004.0
Rise of Kingdoms,Mark Zuckerberg tạo ra Facebook vào năm nào?,2004.0
Rise of Kingdoms,In what year did Qatar host the World Cup?,2022.0
Rise of Kingdoms,Qatar đăng cai World Cup vào năm nào?,2022.0
Rise of Kingdoms,In what year did the current World Cup trophy come into use?,1974.0
Rise of Kingdoms,Chiếc cúp World Cup hiện tại được sử dụng vào năm nào?,1974.0
Rise of Kingdoms,In what year did the Late Show with David Letterman first premiere?,1993.0
Rise of Kingdoms,Buổi diễn muộn với David Letterman ra mắt lần đầu tiên vào năm nào?,1993.0
Rise of Kingdoms,In what year was FIFA founded?,1904.0
Rise of Kingdoms,FIFA được thành lập vào năm nào?,1904.0
Rise of Kingdoms,In what year was the first Women’s World Cup held?,1991.0
Rise of Kingdoms,Giải vô địch bóng đá nữ thế giới đầu tiên được tổ chức vào năm nào?,1991.0
Rise of Kingdoms,In what year was the first World Cup held?,1930.0
Rise of Kingdoms,World Cup đầu tiên được tổ chức vào năm nào?,1930.0
Rise of Kingdoms,In which century did the classic English dessert sticky toffee pudding originate?,The mid-20th century
Rise of Kingdoms,Món bánh pudding kẹo bơ cứng dính tráng miệng cổ điển của Anh có nguồn gốc từ thế kỷ nào?,Giữa thế kỷ 20
Rise of Kingdoms,In which city in the United States has McDonald’s established a Hamburger University?,Chicago
Rise of Kingdoms,McDonald's đã thành lập Đại học Hamburger ở thành phố nào ở Hoa Kỳ?,Chicago
Rise of Kingdoms,In which city is Denmark’s statue of The Little Mermaid located?,Copenhagen
Rise of Kingdoms,In which city is FIFA headquartered?,Zurich
Rise of Kingdoms,FIFA có trụ sở ở thành phố nào?,Zürich
Rise of Kingdoms,In which city is the Obelisk of Thutmose III currently held?,Istanbul
Rise of Kingdoms,Đài tưởng niệm Thutmose III hiện đang được tổ chức ở thành phố nào?,Istanbul
Rise of Kingdoms,In which city was the world’s first international soccer match held?,Glasgow
Rise of Kingdoms,Trận đấu bóng đá quốc tế đầu tiên trên thế giới được tổ chức ở thành phố nào?,Glasgow
Rise of Kingdoms,In which commander’s background picture can you see a chicken?,Queen Tamar of Georgia
Rise of Kingdoms,Trong hình nền của người chỉ huy nào bạn có thể nhìn thấy một con gà?,Nữ hoàng Tamar của Georgia
Rise of Kingdoms,In which commander’s background picture can you see a sakura tree?,Minamoto no Yoshitsune
Rise of Kingdoms,Bạn có thể nhìn thấy cây hoa anh đào trong hình nền của người chỉ huy nào?,Minamoto no Yoshitsune
Rise of Kingdoms,"In which country did assam tea, known for its rich aromas, originate?",India
Rise of Kingdoms,"Trà assam, nổi tiếng với hương thơm đậm đà, có nguồn gốc từ quốc gia nào?",Ấn Độ
Rise of Kingdoms,"In which country did the “Olé, Olé, Olé” chant originate?",Spain
Rise of Kingdoms,In which country did the Carlist Wars take place during the 19th century?,Spain
Rise of Kingdoms,"In which country is the Lighthouse of Alexandria, one of the Seven Wonders of the Ancient World, located?",Egypt
Rise of Kingdoms,"Ngọn hải đăng Alexandria, một trong Bảy kỳ quan thế giới cổ đại, nằm ở quốc gia nào?",Ai Cập
Rise of Kingdoms,In which country is the mysterious Stonehenge located?,United Kingdom
Rise of Kingdoms,In which country was air conditioning invented?,USA
Rise of Kingdoms,"In which country was Botticelli, painter of The Birth of Venus, born?",Italy
Rise of Kingdoms,"Botticelli, họa sĩ của bức tranh Sự ra đời của thần Vệ Nữ sinh ra ở nước nào?",Ý
Rise of Kingdoms,"In which country was Carlsberg Group, a leading brewer, founded in 1847?",Denmark
Rise of Kingdoms,"In which country was mozzarella cheese first produced, broadly associated with Italian cooking and pizzas?",Italy
Rise of Kingdoms,"Phô mai mozzarella được sản xuất lần đầu tiên ở quốc gia nào, thường gắn liền với món ăn và pizza của Ý?",Ý
Rise of Kingdoms,In which country was the 20th World Cup held?,Brazil
Rise of Kingdoms,World Cup lần thứ 20 được tổ chức ở nước nào?,Brazil
Rise of Kingdoms,In which country was the electric rice cooker invented?,Japan
Rise of Kingdoms,Nồi cơm điện được phát minh ở nước nào?,Nhật Bản
Rise of Kingdoms,In which country was the famed revolutionary and military strategist Simón Bolívar born?,Venezuela
Rise of Kingdoms,In which country was the microscope invented?,The Netherlands
Rise of Kingdoms,"In which country was the Somme, the most infamous battlefield in World War I, located?",France
Rise of Kingdoms,In which country were instant noodles first invented?,Japan
Rise of Kingdoms,In which country were the Wars of the Roses fought?,England
Rise of Kingdoms,Cuộc chiến hoa hồng diễn ra ở quốc gia nào?,Nước Anh
Rise of Kingdoms,In which English palace did the “Star Chamber” sit?,Palace of Westminster
Rise of Kingdoms,In which English stadium was the 1966 World Cup Final held?,Wembley Stadium
Rise of Kingdoms,Trận chung kết World Cup 1966 được tổ chức ở sân vận động nào của Anh?,Sân vận động Wembley
Rise of Kingdoms,In which era of French history was the Arc de Triomphe built?,Napoleonic era
Rise of Kingdoms,Khải Hoàn Môn được xây dựng vào thời kỳ nào trong lịch sử nước Pháp?,Thời đại Napoléon
Rise of Kingdoms,In which era was the very first pyramid of ancient Egypt constructed?,The Third Dynasty of Egypt
Rise of Kingdoms,Kim tự tháp đầu tiên của Ai Cập cổ đại được xây dựng vào thời đại nào?,Vương triều thứ ba của Ai Cập
Rise of Kingdoms,In which gallery is the Mona Lisa currently held?,The Louvre
Rise of Kingdoms,Bức tranh Mona Lisa hiện đang được lưu giữ ở phòng trưng bày nào?,Bảo tàng Louvre
Rise of Kingdoms,In which lake is Olkhon Island located?,Lake Baikal
Rise of Kingdoms,Đảo Olkhon nằm ở hồ nào?,Hồ Baikal
Rise of Kingdoms,In which of these campaigns did Thutmose III take part?,The Battle of Megiddo
Rise of Kingdoms,Thutmose III đã tham gia vào chiến dịch nào trong số này?,Trận chiến Megiddo
Rise of Kingdoms,In which of these works does Sherlock Holmes make his first appearance?,A Study in Scarlet
Rise of Kingdoms,Sherlock Holmes xuất hiện lần đầu trong tác phẩm nào?,Một nghiên cứu ở Scarlet
Rise of Kingdoms,In which region did the popular health food hummus originate?,Middle East
Rise of Kingdoms,Món hummus thực phẩm tốt cho sức khỏe phổ biến có nguồn gốc từ khu vực nào?,Trung Đông
Rise of Kingdoms,In which region in Italy is the Cathedrawl of Santa Maria del Fiore located?,Tuscany
Rise of Kingdoms,Nhà thờ lớn Santa Maria del Fiore nằm ở khu vực nào ở Ý?,Tuscany
Rise of Kingdoms,In which region was the empire of Srivijaya located?,Southeast Asia
Rise of Kingdoms,In which theater was Beethoven’s Symphony No. 5 in C Minor debuted in 1808?,The Theater an der Wien
Rise of Kingdoms,In which two years was the World Cup suspended due to World War II?,1942 & 1946
Rise of Kingdoms,World Cup bị đình chỉ trong hai năm nào do Thế chiến thứ hai?,1942
Rise of Kingdoms,In which UK city were The Beatles founded in 1960?,Liverpool
Rise of Kingdoms,"In which World Cup did England captain Harry Kane score 6 goals, earning him the Golden Boot award?",2018 Russia World Cup
Rise of Kingdoms,"Đội trưởng đội tuyển Anh Harry Kane ghi 6 bàn ở World Cup nào, mang về danh hiệu Chiếc giày vàng?",World Cup 2018 của Nga
Rise of Kingdoms,In which World Cup did Spain win its first World Cup?,2010 South Africa World Cup
Rise of Kingdoms,Tây Ban Nha lần đầu tiên vô địch World Cup ở kỳ World Cup nào?,Giải vô địch bóng đá thế giới Nam Phi 2010
Rise of Kingdoms,In which year did Alexander Fleming discover penicillin?,1928.0
Rise of Kingdoms,In which year did every World Cup start having a mascot?,1966.0
Rise of Kingdoms,Mỗi kỳ World Cup bắt đầu có linh vật vào năm nào?,1966.0
Rise of Kingdoms,In which year did Richard the Lionheart and Saladin sign a truce?,1192.0
Rise of Kingdoms,In which year was the Battle of Guandu?,200.0
Rise of Kingdoms,In which year was the first edition of “The Diary of Anne Frank” published?,1947.0
Rise of Kingdoms,In which year was the first Wimbledon Tennis Championship held?,1877.0
Rise of Kingdoms,In which year was the Napoleonic Code established?,1804.0
Rise of Kingdoms,In which year was the Soviet Union formally established?,1922.0
Rise of Kingdoms,Liên Xô chính thức được thành lập vào năm nào?,1922.0
Rise of Kingdoms,In which year was the Tianwen-1 Mars probe launched?,2020.0
Rise of Kingdoms,Tàu thăm dò sao Hỏa Tianwen-1 được phóng vào năm nào?,2020.0
Rise of Kingdoms,In whose workshop did Leonardo da Vinci apprentice?,Andrea del Verrocchio
Rise of Kingdoms,Leonardo da Vinci học việc ở xưởng nào?,Andrea del Verrocchio
Rise of Kingdoms,Insufficient intake of which element may cause the thyromegaly?,Iodine
Rise of Kingdoms,Ăn không đủ chất nào có thể gây phì đại tuyến giáp?,Iốt
Rise of Kingdoms,Into what kind of deity was Imhotep deified following his death?,A god of medicine
Rise of Kingdoms,Imhotep được phong làm vị thần nào sau cái chết của ông?,Thần y học
Rise of Kingdoms,Into what shape does commander Yi Seong-Gye’s fan-shaped active skill transform after gaining Expertise?,A circle
Rise of Kingdoms,Kỹ năng chủ động hình quạt của chỉ huy Yi Seong-Gye biến thành hình dạng gì sau khi đạt được Chuyên môn?,Một vòng tròn
Rise of Kingdoms,Japanese ivy grows upward on walls and trees in order to capture energy from which source?,Sunlight
Rise of Kingdoms,Cây thường xuân Nhật Bản mọc lên trên tường và cây để thu năng lượng từ nguồn nào?,Ánh nắng
Rise of Kingdoms,"Johannes Vermeer, the painter of Girl with a Pearl Earring, was from which country?",The Netherlands
Rise of Kingdoms,"Johannes Vermeer, họa sĩ vẽ Cô gái đeo bông tai ngọc trai, đến từ nước nào?",Hà Lan
Rise of Kingdoms,Keira once defied the world’s expectations about her in a glorious battle. Where did this battle take place?,Sunset Canyon
Rise of Kingdoms,Know thyself was a widely-known aphorism of which country?,Ancient Greece
Rise of Kingdoms,Biết mình là câu cách ngôn nổi tiếng của nước nào?,Hy Lạp cổ đại
Rise of Kingdoms,Lactose intolerance is caused by a shortage of what?,Lactase
Rise of Kingdoms,Last of the Romans is an epithet used to describe someone with a classical Roman way of thinking. Who could NOT exemplify that?,Attila
Rise of Kingdoms,Last of the Romans là một tính từ dùng để mô tả một người có lối suy nghĩ cổ điển của người La Mã. Ai KHÔNG thể làm gương cho điều đó?,Attila
Rise of Kingdoms,"Legendary commander of the Joseon Dynasty, Yi Sun-sin, sacrificed his life in which famous battle?","Legendary commander of the Joseon Dynasty, Yi Sun-sin, sacrificed his life in which famous battle?"
Rise of Kingdoms,"Li Xin, the ancestor of the “Flying General” Li Guang, was a general of which state during the Warring States period of Chinese history?",Qin
Rise of Kingdoms,"Lý Hâm, tổ tiên của “Phi tướng” Lý Quang, là tướng của nước nào trong thời Chiến Quốc trong lịch sử Trung Quốc?",Tần
Rise of Kingdoms,Machu Picchu is a notable relic of which civilization?,The Incas
Rise of Kingdoms,Man of Peace is the nickname of which commander?,Imhotep
Rise of Kingdoms,Người Hòa Bình là biệt danh của vị chỉ huy nào?,Imhotep
Rise of Kingdoms,Messi has used 6 different jersey numbers in his career. What are those 6 numbers?,"10, 14, 15, 18, 19, 30"
Rise of Kingdoms,Messi đã sử dụng 6 số áo khác nhau trong sự nghiệp. 6 số đó là gì?,"10, 14, 15, 18, 19, 30"
Rise of Kingdoms,Methods of mitigating desertification do NOT include,Overexploitation of groundwater
Rise of Kingdoms,Các phương pháp giảm thiểu sa mạc hóa KHÔNG bao gồm,Khai thác quá mức nước ngầm
Rise of Kingdoms,Military strategist Belisarius served as a personal bodyguard to which emperor in his youth?,Justinianus I
Rise of Kingdoms,Chiến lược gia quân sự Belisarius từng là vệ sĩ riêng cho vị hoàng đế nào khi còn trẻ?,Justinian I
Rise of Kingdoms,Miroslav Klose holds the record for most goals scored in the World Cup. How many goals has he scored?,16.0
Rise of Kingdoms,Miroslav Klose giữ kỷ lục ghi nhiều bàn thắng nhất ở World Cup. Anh ấy đã ghi được bao nhiêu bàn thắng?,16.0
Rise of Kingdoms,Murasaki is a character in which of the following works?,Tale of Genji
Rise of Kingdoms,Murasaki là nhân vật trong tác phẩm nào sau đây?,Câu chuyện về Genji
Rise of Kingdoms,Mutations are important because they bring about what?,Genetic variation needed for a population to evolve
Rise of Kingdoms,Northern Humanists like Erasmus were most commonly known for what?,Interest in religious and social reform
Rise of Kingdoms,Noted Danish archaeologist Christian Jürgensen Thomsen proposed the “three ages” system for categorizing ancient history. Which is the first stage?,Stone Age
Rise of Kingdoms,Nhà khảo cổ học nổi tiếng người Đan Mạch Christian Jürgensen Thomsen đã đề xuất hệ thống “ba thời đại” để phân loại lịch sử cổ đại. Đâu là giai đoạn đầu tiên?,Thời kỳ đồ đá
Rise of Kingdoms,"Of the 12 Chinese Zodiac animals, which comes first?",Rat
Rise of Kingdoms,"Of the below commanders, which is best suited to lead troops AGAINST archer enemies?",Cao Cao
Rise of Kingdoms,"Of the below commanders, which is best suited to lead troops AGAINST cavalry enemies?",Sun Tzu
Rise of Kingdoms,"Of the below commanders, which is best suited to lead troops AGAINST infantry enemies?",Hermann
Rise of Kingdoms,"Trong số các chỉ huy dưới đây, tướng nào phù hợp nhất để dẫn quân CHỐNG địch bộ binh?",Hermann
Rise of Kingdoms,"Of the below commanders, which is best suited to lead troops when gathering resources?",Seondeok
Rise of Kingdoms,"Of the following, which is most likely to have directly led to the Bronze Age?",Bronze is harder and more durable than other metals available at the time
Rise of Kingdoms,"On its tragic maiden voyage, what was the Titanic’s intended destination?",New York
Rise of Kingdoms,On which animal was the 2018 Russia World Cup’s mascot based on?,Wolf
Rise of Kingdoms,Linh vật của World Cup 2018 ở Nga dựa trên con vật nào?,Sói
Rise of Kingdoms,On which continent did the serval first live?,Africa
Rise of Kingdoms,On which continent is Benin located?,Africa
Rise of Kingdoms,Bénin nằm ở châu lục nào?,Châu phi
Rise of Kingdoms,On which continent is the human race generally thought to have originated?,Africa
Rise of Kingdoms,On which ingredient was the 1986 Mexico World Cup’s mascot based on?,Pepper
Rise of Kingdoms,Linh vật của World Cup 1986 ở Mexico dựa trên thành phần nào?,Hạt tiêu
Rise of Kingdoms,One “day” on the planet Venus is approximately equal to how many earth days?,243 days
Rise of Kingdoms,One hundred forty thousand all disarmed! Among these was there not a single man? Which Tang-dynasty poet wrote this couplet?,Madame Huarui
Rise of Kingdoms,Một trăm bốn mươi ngàn tất cả đều bị tước vũ khí! Trong số này không có một người đàn ông nào sao? Nhà thơ đời Đường nào đã viết câu đối này?,Bà Hoa Thụy
Rise of Kingdoms,One of the benefits of canned food is its long shelf life. Where were the first canned herrings made?,Northern Europe
Rise of Kingdoms,Một trong những lợi ích của thực phẩm đóng hộp là thời hạn sử dụng lâu dài. Cá trích đóng hộp đầu tiên được sản xuất ở đâu?,Bắc Âu
Rise of Kingdoms,Pandas have 5 clawed toes on as well as a sixth digit. What do pandas use their sixth digit for?,To hold bamboo while eating
Rise of Kingdoms,Passport Pages are used when immigrating to other Kingdoms. What does the number of Passport Pages used depend on?,Governor’s Individual Power
Rise of Kingdoms,Trang hộ chiếu được sử dụng khi di cư sang các Vương quốc khác. Số trang hộ chiếu được sử dụng phụ thuộc vào điều gì?,Quyền lực cá nhân của Thống đốc
Rise of Kingdoms,Peppers have been farmed for millennia. Which continent can we trace their origins back to?,The Americas
Rise of Kingdoms,Ớt đã được trồng trong nhiều thiên niên kỷ. Chúng ta có thể truy tìm nguồn gốc của chúng ở lục địa nào?,Châu Mỹ
Rise of Kingdoms,Puncture Wounds is the skill of which character in Ceroli Crisis?,Astrid
Rise of Kingdoms,Vết thương thủng là kỹ năng của nhân vật nào trong Ceroli Crisis?,Astrid
Rise of Kingdoms,Qatar follows Arabia Standard Time. How would that be notated using UTC?,UTC+3:00
Rise of Kingdoms,Qatar tuân theo Giờ chuẩn Ả Rập. Làm thế nào điều đó sẽ được ghi chú bằng UTC?,UTC 3:00
Rise of Kingdoms,Queen Guinevere fell in love with which Knight of the Round Table according to Arthurian legend?,Lancelot
Rise of Kingdoms,Queen Victoria of England was part of which royal house?,The House of Hanover
Rise of Kingdoms,Raphael is best known for his creation of which of the following?,School of Athens
Rise of Kingdoms,"Ru ware is one of the most famous types of Chinese pottery, known for its delicate pale blue glaze. Which dynasty did it originate from?",Song
Rise of Kingdoms,"Đồ gốm Ru là một trong những loại gốm nổi tiếng nhất của Trung Quốc, được biết đến với lớp men màu xanh nhạt tinh tế. Nó có nguồn gốc từ triều đại nào?",Bài hát
Rise of Kingdoms,Sandro Botticelli’s painting “Venus and Mars” is famed for its vivid colors and beautiful figures. In which gallery is this painting now housed?,The National Gallery in London
Rise of Kingdoms,Bức tranh “Sao Kim và sao Hỏa” của Sandro Botticelli nổi tiếng với màu sắc sống động và hình dáng đẹp mắt. Hiện nay bức tranh này được trưng bày ở phòng trưng bày nào?,Phòng trưng bày Quốc gia ở Luân Đôn
Rise of Kingdoms,Santa Claus travels on a sleigh pulled by what animal?,Reindeer
Rise of Kingdoms,Screenwriter Marguerite Duras is known for writing the film “Hiroshima mon amour”. Where was she born?,Vietnam
Rise of Kingdoms,Nhà biên kịch Marguerite Duras được biết đến là người viết kịch bản cho bộ phim “Hiroshima mon amour”. Cô ấy sinh ra ở đâu?,Việt Nam
Rise of Kingdoms,Seondeok was Queen of Silla (part of modern-day Korea). What was her birth name?,Kim Deokman
Rise of Kingdoms,Seondeok là Nữ hoàng của Silla (một phần của Hàn Quốc ngày nay). Tên khai sinh của cô ấy là gì?,Kim Deokman
Rise of Kingdoms,Shanghai’s Jin Mao Tower has how many floors?,88.0
Rise of Kingdoms,Tháp Jin Mao của Thượng Hải có bao nhiêu tầng?,"88,0"
Rise of Kingdoms,"Since its founding in 1863, how many times has the International Committee of the Red Cross won the Nobel Peace Prize?",3.0
Rise of Kingdoms,Some toothpastes contain powdered calcium carbonate. What is its function?,Acts as an abrasive
Rise of Kingdoms,Một số loại kem đánh răng có chứa canxi cacbonat dạng bột. Chức năng của nó là gì?,Hoạt động như một chất mài mòn
Rise of Kingdoms,"Thanks to large deposits of borax and pigment from local algae, the Laguna Colorada is a fantastical landscape of red and white. What country is it located in?",Bolivia
Rise of Kingdoms,"Nhờ trữ lượng lớn borax và chất màu từ tảo địa phương, Laguna Colorada là một cảnh quan tuyệt vời với màu đỏ và trắng. Nó nằm ở nước nào?",Bôlivia
Rise of Kingdoms,The “Battle of Las Navas de Tolosa” was a major turning point in which conflict?,The Reconquista
Rise of Kingdoms,The “Beef Wellington” involves cooking filet mignon wrapped inside which other ingredient?,Puff pastry
Rise of Kingdoms,Món “Thịt bò Wellington” liên quan đến việc nấu thịt thăn bò được bọc bên trong nguyên liệu nào khác?,Bánh phồng
Rise of Kingdoms,The “Day of the Tiles” is regarded by some historians to mark the beginning of the French Revolution. In what city did it take place?,Grenoble
Rise of Kingdoms,The “Dragonfly Cutter” was the weapon of choice of which legendary warrior?,Honda Tadakatsu
Rise of Kingdoms,The “El Nino” phenomenon is named after which of these festivals?,Christmas
Rise of Kingdoms,The “Independence March” is the national anthem of which country?,Turkey
Rise of Kingdoms,"The “Three Great Philosophers” of Ancient Greece were Plato, Aristotle, and who?",Socrates
Rise of Kingdoms,"“Ba nhà triết học vĩ đại” của Hy Lạp cổ đại là Plato, Aristotle và ai?",Socrates
Rise of Kingdoms,The “Windsor knot” was made popular by which king of England?,Edward VIII
Rise of Kingdoms,"The 1,000 point achievement chest includes",Epic Commander Sculpture
Rise of Kingdoms,The 2022 World Cup will be the first men’s world cup with female referees. How many will there by?,3.0
Rise of Kingdoms,World Cup 2022 sẽ là World Cup nam đầu tiên có trọng tài nữ. Có bao nhiêu người sẽ đến đó?,3.0
Rise of Kingdoms,The 24 “solar terms” are a traditional Chinese calendar system used for what purpose?,Agriculture
Rise of Kingdoms,24 “thuật ngữ mặt trời” là hệ thống lịch truyền thống của Trung Quốc được sử dụng với mục đích gì?,Nông nghiệp
Rise of Kingdoms,The Academy Awards occasionally presents the Jean Hersholt Humanitarian Award. Which of these films was Jean Hersholt in?,Greed (1924)
Rise of Kingdoms,Giải thưởng Viện hàn lâm thỉnh thoảng trao Giải thưởng Nhân đạo Jean Hersholt. Jean Hersholt đã tham gia bộ phim nào trong số này?,Lòng tham (1924)
Rise of Kingdoms,The air often feels fresher after a thunderstorm because it has been enriched with which gas?,Ozone
Rise of Kingdoms,The Alliance Technology “Territory Guardian” increases which attribute of troops when battling in Alliance territory?,Attack
Rise of Kingdoms,Công nghệ Liên minh “Người bảo vệ lãnh thổ” tăng thuộc tính nào của quân đội khi chiến đấu trong lãnh thổ Liên minh?,Tấn công
Rise of Kingdoms,"The Ancient Olympic Games were held every 4 years at Olympia, in southwest Greece. In what year are they believed to have begun?",776 BCE
Rise of Kingdoms,"Thế vận hội Olympic cổ đại được tổ chức 4 năm một lần tại Olympia, phía tây nam Hy Lạp. Người ta tin rằng chúng đã bắt đầu vào năm nào?",776 TCN
Rise of Kingdoms,"The Aral Sea was once the world’s fourth largest lake, but since then it has mostly dried up. Where is it located?",Central Asia
Rise of Kingdoms,Biển Aral từng là hồ lớn thứ tư thế giới nhưng kể từ đó nó gần như cạn kiệt. Nó nằm ở đâu?,Trung Á
Rise of Kingdoms,The auction house Sotheby’s was founded in 1744 in which English city?,London
Rise of Kingdoms,Nhà đấu giá Sotheby's được thành lập vào năm 1744 tại thành phố nào của Anh?,Luân Đôn
Rise of Kingdoms,"The Bastille, a prison once located in the center of Paris, France, originally served what purpose?",Defensive Fortress
Rise of Kingdoms,"Bastille, một nhà tù từng nằm ở trung tâm Paris, Pháp, ban đầu phục vụ mục đích gì?",Pháo đài phòng thủ
Rise of Kingdoms,The blueprint fragments of which of the following accessories CANNOT be redeemed from the Season of Conquest Shop?,Pendant of Eternal Night
Rise of Kingdoms,Các mảnh bản thiết kế của phụ kiện nào sau đây KHÔNG THỂ đổi được từ Cửa hàng Mùa Chinh Phục?,Mặt dây chuyền của đêm vĩnh cửu
Rise of Kingdoms,The borders of which of these countries extend across two continents?,Egypt
Rise of Kingdoms,Biên giới của quốc gia nào sau đây kéo dài qua hai châu lục?,Ai Cập
Rise of Kingdoms,The cathedral of Notre-Dame de Paris was built in which style?,Gothic
Rise of Kingdoms,Nhà thờ Đức Bà Paris được xây dựng theo phong cách nào?,Kiểu Gothic
Rise of Kingdoms,The city decoration “Ishtar Gate” is a tribute to which of the following civilizations?,Babylonia
Rise of Kingdoms,Trang trí thành phố “Cổng Ishtar” là sự tôn vinh nền văn minh nào sau đây?,Babylonia
Rise of Kingdoms,The coffee bean is in fact a type of…?,Fruit
Rise of Kingdoms,Hạt cà phê thực chất là một loại…?,Hoa quả
Rise of Kingdoms,The Colossus of Rhodes depicts which god of the sun?,Helios
Rise of Kingdoms,The Colossus of Rhodes represents which Greek god?,Helios
Rise of Kingdoms,Bức tượng khổng lồ của Rhodes tượng trưng cho vị thần Hy Lạp nào?,Helios
Rise of Kingdoms,The concept of ‘separation of powers’ comes from which work by Montesquieu?,The Spirit of Law
Rise of Kingdoms,The cone-shaped winds of tornadoes are notable for doing what?,Spinning
Rise of Kingdoms,The daily physical activities of the Maya people did NOT include,Penguin tossing
Rise of Kingdoms,Các hoạt động thể chất hàng ngày của người Maya KHÔNG bao gồm,Ném chim cánh cụt
Rise of Kingdoms,The depth at the deepest point of the Baltic Sea is,459m
Rise of Kingdoms,Độ sâu tại điểm sâu nhất của biển Baltic là,459m
Rise of Kingdoms,The end justifies the means was a key belief of the author of “The Prince”. What was his name?,Machiavelli
Rise of Kingdoms,The epic “Poem of El Cid” originated from which country?,Spain
Rise of Kingdoms,The famous Renaissance sculpture Pietà was the work of which artist?,Michelangelo
Rise of Kingdoms,The flag of which country holds the world record of being the oldest continuously used national flag?,Denmark
Rise of Kingdoms,"The four biggest musicals in the world are Cats, Les Miserables, Miss Saigon, and…?",The Phantom of the Opera
Rise of Kingdoms,"The four major varieties of Guzheng in Ancient China were the Haozhong, Luqi, Jiaowei, and the…?",Raoliang
Rise of Kingdoms,"Bốn loại đàn tranh chính ở Trung Quốc cổ đại là Hạo Trung, Lộ Kỳ, Giao Vi và…?",Nhiêu Lương
Rise of Kingdoms,The Gallic rooster is an official national symbol of which country?,France
Rise of Kingdoms,Gà trống Gallic là biểu tượng quốc gia chính thức của nước nào?,Pháp
Rise of Kingdoms,The General Carrera Lake originates from the Andes glaciers. Which two countries border the lake?,Argentina and Chile
Rise of Kingdoms,Hồ General Carrera bắt nguồn từ sông băng Andes. Hai quốc gia nào giáp hồ?,Argentina và Chilê
Rise of Kingdoms,The general theory of relativity was published by which physicist?,Einstein
Rise of Kingdoms,Thuyết tương đối rộng được công bố bởi nhà vật lý nào?,Einstein
Rise of Kingdoms,The Golden Bear Award is given out at which film festival?,Berlin Film Festival
Rise of Kingdoms,The Golden Glove/Lev Yashin award is given to the best goalkeeper in the World Cup. In which World Cup was it first awarded?,15th
Rise of Kingdoms,Giải Găng tay vàng/Lev Yashin được trao cho thủ môn xuất sắc nhất World Cup. Giải vô địch thế giới nào được trao lần đầu tiên?,Ngày 15
Rise of Kingdoms,The Greek alphabet originated from which other writing system?,Phoenician
Rise of Kingdoms,The Greek epic The Odyssey records the return of the hero Odysseus from war. Where was his homeland?,Ithaca
Rise of Kingdoms,Sử thi Hy Lạp Odyssey ghi lại sự trở về của người anh hùng Odysseus sau chiến tranh. Quê hương của ông ở đâu?,Ithaca
Rise of Kingdoms,The kingdom title ‘Queen’ increases which of the following?,Gathering Speed
Rise of Kingdoms,The Leaning Tower of Pisa is located in which of these countries?,Italy
Rise of Kingdoms,Tháp nghiêng Pisa nằm ở quốc gia nào sau đây?,Ý
Rise of Kingdoms,The Lion Gate is the largest surviving prehistoric sculpture in the Aegean. Where is it located?,Mycenae
Rise of Kingdoms,Cổng Sư tử là tác phẩm điêu khắc thời tiền sử lớn nhất còn sót lại ở Aegean. Nó nằm ở đâu?,Mycenae
Rise of Kingdoms,"The Luger pistol, manufactured for the German army during WW2, uses which type of ammo?",9mm Parabellum
Rise of Kingdoms,"Súng lục Luger, được sản xuất cho quân đội Đức trong Thế chiến 2, sử dụng loại đạn nào?",Parabellum 9mm
Rise of Kingdoms,The mascot of the 2010 South Africa World Cup was an anthropomorphic leopard with green hair. What was his name?,Zakumi
Rise of Kingdoms,Linh vật của World Cup Nam Phi 2010 là một con báo có mái tóc màu xanh lá cây. Tên anh ấy là gì?,Thứ mười
Rise of Kingdoms,The military leader Charles Martel was NOT known for which of the following?,Leading cavalry units
Rise of Kingdoms,"The more genetic variation a population has, the more likely it is that some individual will what?",Survive
Rise of Kingdoms,The Mughal Empire carried Islam to where?,Most of India
Rise of Kingdoms,Đế chế Mughal đã đưa đạo Hồi tới đâu?,Hầu hết Ấn Độ
Rise of Kingdoms,The Museum of Modern Art is located in which American city?,New York
Rise of Kingdoms,Bảo tàng Nghệ thuật Hiện đại nằm ở thành phố nào của Mỹ?,New York
Rise of Kingdoms,The novel Romance of the Three Kingdoms begins near the end of which Chinese dynasty?,Han
Rise of Kingdoms,The Pantheon has been the burial site of many important artists since the Renaissance. Which of the following artists were buried there?,Raphael
Rise of Kingdoms,The period after the fall of the Mycenaean civilization and before the birth of the Greek city-states is known as the Greek Dark Ages. Which of these works was written during that time?,The Odyssey
Rise of Kingdoms,Thời kỳ sau khi nền văn minh Mycenaean sụp đổ và trước khi các thành bang Hy Lạp ra đời được gọi là Thời kỳ Đen tối của Hy Lạp. Tác phẩm nào được viết trong thời gian đó?,Cuộc phiêu lưu
Rise of Kingdoms,The Phoenician civilization originated in which part of the world?,The Eastern Mediterranean
Rise of Kingdoms,"The poet Fernando Pessoa was known for writing his poems as different “characters”, which he called “heteronyms”. Which of these is NOT one of the heteronyms that Pessoa used?",Francisco Norman
Rise of Kingdoms,"Nhà thơ Fernando Pessoa được biết đến với việc viết những bài thơ của mình dưới dạng những “nhân vật” khác nhau, mà ông gọi là “những từ dị nghĩa”. Cái nào trong số này KHÔNG phải là một trong những từ đồng nghĩa mà Pessoa đã sử dụng?",Francisco Norman
Rise of Kingdoms,The prehistoric humans known as “homo floresiensis” are also commonly referred to as?,Hobbits
Rise of Kingdoms,Người tiền sử được gọi là “homo floresiensis” cũng thường được gọi là?,Người Hobbit
Rise of Kingdoms,The process of combining atoms is known as what?,Fusion
Rise of Kingdoms,The process of splitting atoms is known as?,Fission
Rise of Kingdoms,The Punic Wars were fought by Ancient Rome and what other ancient empire?,Ancient Carthage
Rise of Kingdoms,The Qingming Riverside Map captures the daily life and landscape of which ancient Chinese dynasty?,The Song
Rise of Kingdoms,Bản đồ ven sông Thanh Minh ghi lại cuộc sống đời thường và phong cảnh của triều đại nào của Trung Quốc cổ đại?,Bài hát
Rise of Kingdoms,The Renaissance was a “rebirth” of what?,Classical culture
Rise of Kingdoms,Thời Phục hưng là sự “tái sinh” của cái gì?,Văn hóa cổ điển
Rise of Kingdoms,The saying “The Empire on which the sun never sets” was originally used in reference to which country’s empire?,Spain
Rise of Kingdoms,"The Scoville scale is often used to rate the spiciness of peppers, a higher value denoting greater spiciness. Which of these peppers is rated at over 1 million on the Scoville scale?",Soul pepper
Rise of Kingdoms,"Thang Scoville thường được sử dụng để đánh giá độ cay của ớt, giá trị càng cao biểu thị độ cay càng lớn. Loại ớt nào trong số này được đánh giá trên 1 triệu trên thang Scoville?",Tiêu hồn
Rise of Kingdoms,"The Singing Sand Dunes in Dunhuang, China are known for making a loud drumming sound whenever the wind blows. What desert are they a part of?",Kumtag Desert
Rise of Kingdoms,"Đồi cát Hát ở Đôn Hoàng, Trung Quốc nổi tiếng với việc tạo ra âm thanh trống lớn mỗi khi có gió thổi. Họ là một phần của sa mạc nào?",Sa mạc Kumtag
Rise of Kingdoms,The Taj Mahal was built during which Indian Dynasty?,The Mughal Dynasty
Rise of Kingdoms,The Tang dynasty style of pottery decoration known as “sancai” primarily uses which three colors?,"Yellow, green, white"
Rise of Kingdoms,Phong cách trang trí đồ gốm thời nhà Đường được gọi là “sancai” chủ yếu sử dụng ba màu nào?,"Vàng, xanh lá cây, trắng"
Rise of Kingdoms,The Third Punic War led to the downfall of which state?,Carthage
Rise of Kingdoms,Chiến tranh Punic lần thứ ba dẫn tới sự sụp đổ của nước nào?,Carthage
Rise of Kingdoms,"The Three Kingdoms of Korea were Baekje, Silla, and …?",Goguryeo
Rise of Kingdoms,"Tam Quốc của Hàn Quốc là Bách Tế, Tân La và…?",Goguryeo
Rise of Kingdoms,The two capitals of Austria-Hungary were Budapest and which other city?,Vienna
Rise of Kingdoms,Hai thủ đô của Áo-Hungary là Budapest và thành phố nào khác?,Viên
Rise of Kingdoms,The Uruguay national team displays four stars on its emblems. How many World Cups has it won?,Two
Rise of Kingdoms,Đội tuyển quốc gia Uruguay hiển thị bốn ngôi sao trên biểu tượng của mình. Nó đã giành được bao nhiêu World Cup?,Hai
Rise of Kingdoms,The writer of ‘A Song of Ice and Fire’ recently contributed to the script of which video game?,Elden Ring
Rise of Kingdoms,Tác giả của ‘A Song of Ice and Fire’ gần đây đã góp phần viết kịch bản cho trò chơi điện tử nào?,Nhẫn già
Rise of Kingdoms,The zeppelin was invented by engineers from which country?,Germany
Rise of Kingdoms,"To unlock the achievement “Huarong Trail”, you must use Guan Yu to defeat a troop led by which of the following commanders?",Cao Cao
Rise of Kingdoms,"Để mở khóa thành tích “Đường mòn Huarong”, bạn phải sử dụng Quan Vũ để đánh bại đội quân do chỉ huy nào sau đây chỉ huy?",Cao Cao
Rise of Kingdoms,To whom did India give the title “Mahatma”?,Mohandas Karamchand Gandhi
Rise of Kingdoms,Tokugawa Ieyasu and who else became the three “Great Unifiers” of Japan?,Oda Nobunaga and Toyotomi Hideyoshi
Rise of Kingdoms,Tokugawa Ieyasu và ai khác đã trở thành bộ ba “Đại thống nhất” của Nhật Bản?,Oda Nobunaga và Toyotomi Hideyoshi
Rise of Kingdoms,Tongwancheng was the capital of which ethnic group from ancient China?,The Xiongnu
Rise of Kingdoms,"Under normal circumstances, which layer of the Sun can we see with the naked eye?",Photosphere
Rise of Kingdoms,Under which category does the formal writing system of ancient Egypt fall?,Hieroglyphic
Rise of Kingdoms,Hệ thống chữ viết chính thức của Ai Cập cổ đại thuộc loại nào?,Chữ tượng hình
Rise of Kingdoms,Under which Pharaoh did ancient Egyptian minister Imhotep serve?,Zoser
Rise of Kingdoms,Bộ trưởng Ai Cập cổ đại Imhotep đã phục vụ dưới thời Pharaoh nào?,Zoser
Rise of Kingdoms,"Using a troop led by Julius Caesar and Cleopatra VII, which of the f ollowing actions will unlock the achievement “Immortal Longings”?",Attack a city
Rise of Kingdoms,"Sử dụng đội quân do Julius Caesar và Cleopatra VII chỉ huy, hành động nào sau đây sẽ đạt được thành tựu “Nỗi khao khát bất tử”?",Tấn công một thành phố
Rise of Kingdoms,Wales officially became part of the Kingdom of Great Britain during the reign of which King?,Henry VIII
Rise of Kingdoms,What achievement would spending over 200 Golden Keys in the Tavern in a single transaction unlock?,All In
Rise of Kingdoms,Việc chi hơn 200 Chìa khóa Vàng trong Quán rượu chỉ trong một lần mở khóa giao dịch sẽ đạt được thành tích gì?,Tất cả trong
Rise of Kingdoms,What age did ancient Greece enter after the Mycenaean civilization was destroyed?,Dark Age
Rise of Kingdoms,Hy Lạp cổ đại bước vào thời đại nào sau khi nền văn minh Mycenaean bị hủy diệt?,Thời kỳ đen tối
Rise of Kingdoms,What ancient Roman ruin located in Algeria was formally assigned World Heritage status in 1982?,The ruins of Djemila
Rise of Kingdoms,Tàn tích La Mã cổ đại nào nằm ở Algeria đã chính thức được công nhận là Di sản Thế giới vào năm 1982?,Tàn tích của Djemila
Rise of Kingdoms,What animal is the “Tigris” named after in ancient Greek?,Tiger
Rise of Kingdoms,What animal is the mascot of the 2022 Winter Olympics based on?,Panda
Rise of Kingdoms,Linh vật của Thế vận hội mùa đông 2022 dựa trên con vật nào?,Gấu trúc
Rise of Kingdoms,What are Arrows of Resistance used for?,To upgrade the Watchtower
Rise of Kingdoms,What are Books of Covenant used for?,To upgrade the Castle
Rise of Kingdoms,What are the dimensions of the fog cleared by a Kingdom Map item?,10×10
Rise of Kingdoms,What benefit does researching “Mathematics” in the Academy provide?,Increased research speed
Rise of Kingdoms,What can “Masonry” technology help you to improve?,The building speed of buildings in your city
Rise of Kingdoms,"What caused the death of the outstanding statemen and military strategist, Pericles?",A plague
Rise of Kingdoms,What caused the deaths of Ceroli Chieftain Dekar’s parents?,The discovery of their witchcraft studies
Rise of Kingdoms,Điều gì đã gây ra cái chết của cha mẹ thủ lĩnh Ceroli Dekar?,Việc phát hiện ra các nghiên cứu về phép thuật của họ
Rise of Kingdoms,What causes lunar eclipses?,The earth moves directly between the sun and the moon
Rise of Kingdoms,What civilization developed between the Tigris and Euphrates rivers?,The Mesopotamians
Rise of Kingdoms,Nền văn minh nào đã phát triển giữa sông Tigris và Euphrates?,Người Lưỡng Hà
Rise of Kingdoms,What color are the fresh flowers in the Lyceum of Wisdom for the French civilization?,Red
Rise of Kingdoms,Những bông hoa tươi trong Lyceum of Wisdom có ​​màu gì cho nền văn minh Pháp?,Màu đỏ
Rise of Kingdoms,What color are the wings on the Pegasus decoration?,Gold
Rise of Kingdoms,Đôi cánh trên trang trí Pegasus có màu gì?,Vàng
Rise of Kingdoms,What color gemstones are engraved upon the crown of the commander El Cid?,Red
Rise of Kingdoms,Những viên đá quý màu gì được khắc trên vương miện của chỉ huy El Cid?,Màu đỏ
Rise of Kingdoms,What color is a polar bear’s skin?,Black
Rise of Kingdoms,Da của gấu Bắc Cực có màu gì?,Đen
Rise of Kingdoms,What color is used on the roofs of buildings in the Japanese civilization?,Black
Rise of Kingdoms,Màu gì được sử dụng trên mái các tòa nhà trong nền văn minh Nhật Bản?,Đen
Rise of Kingdoms,What color paint was favored by ancient Egyptian families for the walls of their homes?,White
Rise of Kingdoms,Màu sơn nào được các gia đình Ai Cập cổ đại ưa chuộng cho các bức tường trong nhà của họ?,Trắng
Rise of Kingdoms,What color sail did Theseus fly on his ship to signify to his father Aegeus that he had successfully slain the Minotaur?,White
Rise of Kingdoms,Theseus đã treo cánh buồm màu gì trên con tàu của mình để báo hiệu cho cha mình là Aegeus rằng ông đã tiêu diệt thành công Minotaur?,Trắng
Rise of Kingdoms,What color was the match ball used in the 1966 World Cup Final?,Orange
Rise of Kingdoms,Quả bóng được sử dụng trong trận chung kết World Cup 1966 có màu gì?,Quả cam
Rise of Kingdoms,What country did the infamous pirate Blackbeard come from?,England
Rise of Kingdoms,Cướp biển khét tiếng Râu Đen đến từ đất nước nào?,Nước Anh
Rise of Kingdoms,What country is not in Europe?,Egypt
Rise of Kingdoms,Nước nào không thuộc Châu Âu?,Ai Cập
Rise of Kingdoms,"What country was Sigmund Freud, the father of psychoanalysis, from?",Austria
Rise of Kingdoms,"Sigmund Freud, cha đẻ của phân tâm học, đến từ nước nào?",Áo
Rise of Kingdoms,What date is World Environment Day held each year?,June 5th
Rise of Kingdoms,Ngày Môi trường Thế giới được tổ chức hàng năm vào ngày nào?,Ngày 5 tháng 6
Rise of Kingdoms,What did Che Guevara study in college?,Medicine
Rise of Kingdoms,What did Spartacus do as a slave before leading the biggest slave rebellion of Ancient Rome?,A gladiator
Rise of Kingdoms,What did the name for ancient Egypt’s Luxor Temple also mean?,The southern sanctuary
Rise of Kingdoms,Tên của Đền Luxor của Ai Cập cổ đại cũng có ý nghĩa gì?,Thánh địa phía Nam
Rise of Kingdoms,What did the word “marathon” originally refer to?,A place name
Rise of Kingdoms,"Từ ""marathon"" ban đầu ám chỉ điều gì?",Tên địa điểm
Rise of Kingdoms,"What did Theodorus van Gogh, the younger brother of famed Dutch painter Vincent Van Gogh, do for a living?",Art Dealer
Rise of Kingdoms,What discovery made the deciphering of hieroglyphics possible?,The Rosetta Stone
Rise of Kingdoms,What do Dragon Lancers carry in their left hand?,A tobacco pipe
Rise of Kingdoms,Dragon Lancers mang gì trên tay trái?,Một ống thuốc lá
Rise of Kingdoms,What do you have to do to earn the Witness Protection achievement?,Change your nickname 10 times
Rise of Kingdoms,Bạn phải làm gì để đạt được thành tích Bảo vệ Nhân chứng?,Thay đổi biệt danh của bạn 10 lần
Rise of Kingdoms,What does a “hat-trick” mean in soccer?,One player scoring 3 goals for their team
Rise of Kingdoms,“Hat-trick” có nghĩa là gì trong bóng đá?,Một cầu thủ ghi 3 bàn cho đội mình
Rise of Kingdoms,What does the ankh character represent in ancient Egyptian hieroglyphics?,Life
Rise of Kingdoms,Ký tự ankh tượng trưng cho điều gì trong chữ tượng hình Ai Cập cổ đại?,Mạng sống
Rise of Kingdoms,What does the word “Formula” in “Formula 1 Racing” refer to?,The rules which participating cars must follow
Rise of Kingdoms,What event marked the beginning of the Hellenistic period?,The death of Alexander the Great
Rise of Kingdoms,Sự kiện nào đánh dấu sự khởi đầu của thời kỳ Hy Lạp hóa?,Cái chết của Alexander Đại đế
Rise of Kingdoms,What four-word saying did Oda Nobunaga live by?,Rule With absolute force
Rise of Kingdoms,Oda Nobunaga đã sống theo câu nói bốn chữ nào?,Quy tắc Với lực lượng tuyệt đối
Rise of Kingdoms,What honorary rank was the founder of Kentucky Fried Chicken (KFC) given?,Colonel
Rise of Kingdoms,What image is engraved on the Hammer of the Sun and Moon weapon?,The sun
Rise of Kingdoms,Hình ảnh nào được khắc trên Búa Mặt Trời và Mặt Trăng?,Mặt trời
Rise of Kingdoms,What information does the item Deceptive Troops falsify for enemy Scouts?,Your City’s unit count
Rise of Kingdoms,Mục Quân lừa đảo làm sai lệch thông tin gì cho Trinh sát đối phương?,Số đơn vị Thành phố của bạn
Rise of Kingdoms,"What ingredients are used to make “zongzi”, a traditional food eaten in China during the Dragon Boat Festival?",Glutinous rice
Rise of Kingdoms,"Những nguyên liệu nào được sử dụng để làm món “zongzi”, một món ăn truyền thống được ăn ở Trung Quốc trong Lễ hội Thuyền Rồng?",Gạo nếp
Rise of Kingdoms,What instrument was officially banned by FIFA after the 2010 South Africa World Cup?,Vuvuzela
Rise of Kingdoms,Nhạc cụ nào chính thức bị FIFA cấm sau World Cup 2010 tại Nam Phi?,Vuvuzela
Rise of Kingdoms,What is a “light-year” a measure of?,Distance
Rise of Kingdoms,Đơn vị đo “năm ánh sáng” là gì?,Khoảng cách
Rise of Kingdoms,What is Belisarius’ nickname?,Last of the Romans
Rise of Kingdoms,What is China’s earliest known book of military strategy?,Sun Tzu’s “The Art of War”
Rise of Kingdoms,Cuốn sách về chiến lược quân sự được biết đến sớm nhất của Trung Quốc là gì?,“Nghệ thuật chiến tranh” của Tôn Tử
Rise of Kingdoms,What is Commander Baibars good at?,Leading cavalry units
Rise of Kingdoms,Chỉ huy Baibars giỏi về cái gì?,Đơn vị kỵ binh dẫn đầu
Rise of Kingdoms,What is Commander Cao Cao’s expertise skill called?,Emperor Wu of Wei
Rise of Kingdoms,Kỹ năng chuyên môn của Tư lệnh Tào Tháo gọi là gì?,Hoàng đế nhà Ngụy
Rise of Kingdoms,What is Commander Eulji Mundeok good at?,Leading infantry units
Rise of Kingdoms,What is Commander Hermann good at?,Leading archer units
Rise of Kingdoms,What is Commander Keira good at?,Leading archer units
Rise of Kingdoms,Chỉ huy Keira giỏi về cái gì?,Đơn vị cung thủ hàng đầu
Rise of Kingdoms,What is Commander Lancelot good at?,Leading cavalry units
Rise of Kingdoms,What is Commander Osman I good at?,Attacking cities
Rise of Kingdoms,What is Commander Sun Tzu good at?,Leading city garrisons
Rise of Kingdoms,What is Julius Caesar’s nickname in Rise of Kingdoms?,The Uncrowned Emperor
Rise of Kingdoms,Biệt danh của Julius Caesar trong Rise of Kingdoms là gì?,Hoàng đế vô danh
Rise of Kingdoms,What is Julius Caesar’s nickname?,The Uncrowned King
Rise of Kingdoms,What is Karaku’s Fire Shaman called?,Denko
Rise of Kingdoms,Pháp sư lửa của Karaku được gọi là gì?,Denko
Rise of Kingdoms,What is the 2nd-largest constituent nation of the United Kingdom?,Scotland
Rise of Kingdoms,Quốc gia cấu thành lớn thứ 2 của Vương quốc Anh là gì?,Scotland
Rise of Kingdoms,What is the actual name of Dmitri Shostakovich’s symphony “Leningrad”?,Symphony No. 7 in C major
Rise of Kingdoms,Tên thật của bản giao hưởng “Leningrad” của Dmitri Shostakovich là gì?,Bản giao hưởng số 7 cung C trưởng
Rise of Kingdoms,What is the alliance rally capacity provided by a Lvl 15 Fort?,775000.0
Rise of Kingdoms,Khả năng tập hợp liên minh được cung cấp bởi Pháo đài cấp 15 là gì?,775000.0
Rise of Kingdoms,What is the alternative name of Shakespeare’s play Twelfth Night?,What You Will
Rise of Kingdoms,Tên thay thế của vở kịch Đêm thứ mười hai của Shakespeare là gì?,Bạn sẽ làm gì
Rise of Kingdoms,What is the bonus provided by the Frozen Fortress legendary city theme?,Infantry Defense +10%
Rise of Kingdoms,Phần thưởng được cung cấp bởi chủ đề thành phố huyền thoại Pháo đài đông lạnh là gì?,Phòng thủ bộ binh 10%
Rise of Kingdoms,What is the capital of the Republic of Chile?,Santiago
Rise of Kingdoms,What is the center of a hurricane called?,Eye
Rise of Kingdoms,What is the champion Keira’s nickname?,The Red Chameleon
Rise of Kingdoms,What is the chemical symbol of antimony?,Sb
Rise of Kingdoms,Ký hiệu hóa học của antimon là gì?,Sb
Rise of Kingdoms,What is the color of the floral headdress worn by commander Šárka in Rise of Kingdoms?,Red
Rise of Kingdoms,What is the color of the jade pendant around the commander Cao Cao’s waist?,Green
Rise of Kingdoms,Mặt dây chuyền ngọc quanh thắt lưng của Tào Tháo có màu gì?,Màu xanh lá
Rise of Kingdoms,What is the Commander Hannibal Barca good at?,Attacking cities
Rise of Kingdoms,What is the conversion ratio of amperes (A) to milliamperes (mA)?,17:40
Rise of Kingdoms,What is the default rallied troop capacity when your castle is level 25?,2 million
Rise of Kingdoms,What is the default transportation capacity if your trading post is level 25?,5 million
Rise of Kingdoms,Năng lực vận chuyển mặc định là bao nhiêu nếu trạm giao dịch của bạn ở cấp 25?,5 triệu
Rise of Kingdoms,What is the duration of the Builder Recruitment item?,2 days
Rise of Kingdoms,What is the effect of the accessory “Vengeance”?,Counterattack Damage +8%
Rise of Kingdoms,Tác dụng của phụ kiện “Báo Thù” là gì?,Sát thương phản công 8%
Rise of Kingdoms,What is the Expertise Skill of the commander Alexander the Great called?,Son of Amun
Rise of Kingdoms,Kỹ năng Chuyên môn của chỉ huy Alexander Đại đế được gọi là gì?,Con trai của Amun
Rise of Kingdoms,What is the Gem cost of the Human Sculpture decoration?,2000.0
Rise of Kingdoms,Giá Đá quý của trang trí Điêu khắc Con người là bao nhiêu?,"2000,0"
Rise of Kingdoms,"What is the half-life of Iodine-129, a radioactive isotope produced by nuclear reactors?",15.7 million years
Rise of Kingdoms,"Chu kỳ bán rã của Iốt-129, một đồng vị phóng xạ được tạo ra bởi các lò phản ứng hạt nhân là bao nhiêu?","15,7 triệu năm"
Rise of Kingdoms,What is the hardest part of the human body?,Tooth Enamel
Rise of Kingdoms,What is the heaviest alkaline earth metal?,Radium
Rise of Kingdoms,Kim loại kiềm thổ nặng nhất là gì?,Đường bán kính
Rise of Kingdoms,What is the highest island peak in the world?,Puncak Jaya
Rise of Kingdoms,Đỉnh đảo cao nhất thế giới là gì?,Puncak Jaya
Rise of Kingdoms,What is the highest level a City Hall can reach in RoK?,25.0
Rise of Kingdoms,Cấp độ cao nhất mà Tòa thị chính có thể đạt được ở Hàn Quốc là bao nhiêu?,"25,0"
Rise of Kingdoms,What is the highest mountain in Africa?,Mount Kilimanjaro
Rise of Kingdoms,Ngọn núi cao nhất ở châu Phi là gì?,Núi Kilimanjaro
Rise of Kingdoms,What is the in-game nickname of Cleopatra VII?,Queen of Egypt
Rise of Kingdoms,What is the largest airport in the world by area?,King Fahd International Airport
Rise of Kingdoms,Sân bay lớn nhất thế giới theo khu vực là gì?,Sân bay quốc tế Vua Fahd
Rise of Kingdoms,What is the largest animal on the planet?,Blue whale
Rise of Kingdoms,What is the largest city in the UK by area?,London
Rise of Kingdoms,Thành phố lớn nhất ở Vương quốc Anh theo khu vực là gì?,Luân Đôn
Rise of Kingdoms,What is the largest country in South America?,Brazil
Rise of Kingdoms,Quốc gia lớn nhất ở Nam Mỹ là gì?,Brazil
Rise of Kingdoms,What is the largest freshwater lake in the world by area?,Lake Superior
Rise of Kingdoms,Hồ nước ngọt lớn nhất thế giới theo diện tích là gì?,Hồ Thượng
Rise of Kingdoms,What is the largest known planet in our solar system?,Jupiter
Rise of Kingdoms,Hành tinh lớn nhất được biết đến trong hệ mặt trời của chúng ta là gì?,Sao Mộc
Rise of Kingdoms,What is the largest lake on the South American continent?,Lake Maracaibo
Rise of Kingdoms,Hồ lớn nhất trên lục địa Nam Mỹ là gì?,Hồ Maracaibo
Rise of Kingdoms,What is the largest living species of bird in the world?,Ostrich
Rise of Kingdoms,Loài chim còn sống lớn nhất trên thế giới là gì?,Đà điểu
Rise of Kingdoms,What is the length of a marathon in kilometers?,42.2 Km
Rise of Kingdoms,What is the main ingredient in salt?,Sodium chloride
Rise of Kingdoms,What is the main ingredient of popcorn?,Corn
Rise of Kingdoms,Thành phần chính của bỏng ngô là gì?,Ngô
Rise of Kingdoms,What is the main purpose of white blood cells in the human body?,Fighting infection and disease
Rise of Kingdoms,What is the maximum number of King’s Road decorative buildings a governor can construct?,400.0
Rise of Kingdoms,Số lượng công trình trang trí tối đa trên King’s Road mà một thống đốc có thể xây dựng là bao nhiêu?,"400,0"
Rise of Kingdoms,What is the maximum number of troops you can form in the Champions of Olympia event?,9.0
Rise of Kingdoms,Số lượng quân tối đa bạn có thể hình thành trong sự kiện Champions of Olympia là bao nhiêu?,"9,0"
Rise of Kingdoms,What is the maximum period of time that alliance resources can accumulate for in the Alliance Territory screen?,24h
Rise of Kingdoms,Khoảng thời gian tối đa mà tài nguyên liên minh có thể tích lũy trong màn hình Lãnh thổ Liên minh là bao nhiêu?,24 giờ
Rise of Kingdoms,What is the minimum number of Silver Keys that can be obtained from the “Treasure of Wisdom” bundle?,2.0
Rise of Kingdoms,Số lượng Chìa khóa Bạc tối thiểu có thể nhận được từ gói “Kho báu trí tuệ” là bao nhiêu?,2.0
Rise of Kingdoms,What is the most abundant element in earth’s crust?,Oxygen
Rise of Kingdoms,What is the name for electricity produced by water power using large dams in a river?,Hydroelectric energy
Rise of Kingdoms,What is the name for renewable energy derived from burning organic materials such as wood and alcohol?,Biomass
Rise of Kingdoms,"What is the name for the innermost sanctum of an ancient Greek temple, accessible only to members of the priesthood?",Adyton
Rise of Kingdoms,Tên của thánh đường trong cùng của một ngôi đền Hy Lạp cổ đại mà chỉ các thành viên của giới tu sĩ mới được vào là gì?,Adyton
Rise of Kingdoms,What is the name for the phenomenon by which organisms that are better adapted to the environment survive to pass traits to their offspring?,Natural selection
Rise of Kingdoms,Tên của hiện tượng mà các sinh vật thích nghi tốt hơn với môi trường sống sót để truyền lại các đặc điểm cho con cái của chúng là gì?,Chọn lọc tự nhiên
Rise of Kingdoms,What is the name of the 2022 Qatar World Cup mascot?,La’eeb
Rise of Kingdoms,Tên linh vật của World Cup 2022 Qatar là gì?,La'eeb
Rise of Kingdoms,What is the name of the achievement obtained by acquiring 3 permanent city themes?,Technicolor Themes
Rise of Kingdoms,Tên của thành tích đạt được khi có được 3 chủ đề thành phố cố định là gì?,Chủ đề Technicolor
Rise of Kingdoms,What is the name of the fourth bracket in the “Champions of Olympia” event?,Brilliant Silver
Rise of Kingdoms,Tên của nhánh thứ tư trong nội dung “Nhà vô địch Olympia” là gì?,Bạc rực rỡ
Rise of Kingdoms,What is the name of the revolution in 1688 which established the British constitutional monarchy?,The Glorious Revolution
Rise of Kingdoms,What is the name of the swindler who can also appear at the same time as the Ceroli Chieftain Bloodfist Bargha?,Dhalruk
Rise of Kingdoms,Tên của kẻ lừa đảo cũng có thể xuất hiện cùng lúc với Thủ lĩnh Ceroli Bloodfist Bargha là gì?,Dhalruk
Rise of Kingdoms,What is the name of the Turkish straits that divide Europe from Asia?,The Bosphorus
Rise of Kingdoms,"What is the nationality of Pierre de Fermat, who proposed Fermat’s Last Theorem?",France
Rise of Kingdoms,What is the only country to have won both the Men’s and Women’s World Cup?,Germany
Rise of Kingdoms,Quốc gia duy nhất vô địch cả World Cup nam và nữ là gì?,Nước Đức
Rise of Kingdoms,What is the only known short-period comet that is regularly visible to the naked eye from Earth?,Halley’s Comet
Rise of Kingdoms,What is the optimal temperature for roasting a chicken on the sizzling barrel of an Ottoman cannon?,200°C
Rise of Kingdoms,Nhiệt độ tối ưu để nướng một con gà trên nòng súng nóng hổi của khẩu pháo Ottoman là bao nhiêu?,200°C
Rise of Kingdoms,What is the primary cause of karst landforms?,The dissolution of soluble rocks
Rise of Kingdoms,What is the root cause of altitude sickness?,Rapid exposure to low amounts of oxygen at high elevation
Rise of Kingdoms,What is the shape of a soccer goal when viewed from the front?,A rectangle
Rise of Kingdoms,Hình dạng của khung thành bóng đá khi nhìn từ phía trước là gì?,Một hình chữ nhật
Rise of Kingdoms,What is the slogan of the weapons manufacturer Heckler & Koch?,“No Compromises!”
Rise of Kingdoms,Khẩu hiệu của nhà sản xuất vũ khí Heckler là gì,“Không thỏa hiệp!”
Rise of Kingdoms,What is the softest mineral currently known to mankind?,Talc
Rise of Kingdoms,Khoáng chất mềm nhất hiện nay được nhân loại biết đến là gì?,Bột talc
Rise of Kingdoms,What is the southernmost point of Africa?,Cape Agulhas
Rise of Kingdoms,Điểm cực nam của châu Phi là gì?,Mũi Agulhas
Rise of Kingdoms,What is the tallest peak in the world?,Mount Everest
Rise of Kingdoms,Đỉnh cao nhất thế giới là gì?,Đỉnh Everest
Rise of Kingdoms,What is the total Lvl 25 Hospital Capacity for severely wounded troops (excluding boosts)?,300000.0
Rise of Kingdoms,Tổng Công suất Bệnh viện Cấp 25 dành cho quân bị thương nặng (không bao gồm thuốc tăng lực) là bao nhiêu?,"300000,0"
Rise of Kingdoms,What is the unlock condition for Nightmare difficulty in the “Ian’s Ballads” event?,Reach City Hall Lvl 23 and 20 million Power
Rise of Kingdoms,Điều kiện mở khóa độ khó Ác mộng trong sự kiện “Ian's Ballads” là gì?,Đạt Tòa thị chính Lvl 23 và 20 triệu Sức mạnh
Rise of Kingdoms,What is the VIP Level required to purchase a Legendary Commander Sculpture on a weekly discount from the VIP Shop?,Lvl 13
Rise of Kingdoms,Cấp VIP cần thiết để mua Tác phẩm điêu khắc chỉ huy huyền thoại với mức giảm giá hàng tuần từ Cửa hàng VIP là bao nhiêu?,Cấp 13
Rise of Kingdoms,What is the world’s oldest film festival?,Venice Film Festival
Rise of Kingdoms,What item summons Dauntless Lohar?,Lohar’s Buckler
Rise of Kingdoms,Vật phẩm nào triệu hồi Lohar Dauntless?,Chiếc khiên của Lohar
Rise of Kingdoms,What kind of animal was the mascot of the 1998 World Cup in France?,Cockerel
Rise of Kingdoms,Linh vật của World Cup 1998 ở Pháp là con vật gì?,Gà trống
Rise of Kingdoms,What kind of boost to allied forces does commander Joan of Arc’s active skill provide?,Rage
Rise of Kingdoms,Kỹ năng chủ động của chỉ huy Joan of Arc mang lại sự thúc đẩy nào cho lực lượng đồng minh?,Cơn thịnh nộ
Rise of Kingdoms,What kind of combat blessing do Archers receive in Champions of Olympia?,The Blessing of Ares
Rise of Kingdoms,Cung thủ nhận được loại phước lành chiến đấu nào trong Champions of Olympia?,Phước lành của Ares
Rise of Kingdoms,What kind of combat blessing do Cavalry receive in Champions of Olympia?,The Blessing of Hades
Rise of Kingdoms,Kỵ binh nhận được loại phước lành chiến đấu nào trong Champions of Olympia?,Phước lành của Hades
Rise of Kingdoms,What kind of combat blessing do Infantry receive in Champions of Olympia?,The Blessing of Athena
Rise of Kingdoms,Bộ binh nhận được loại phước lành chiến đấu nào trong Champions of Olympia?,Phước lành của Athena
Rise of Kingdoms,What kind of combat blessing do mixed units receive in Champions of Olympia?,The Blessing of Apollo
Rise of Kingdoms,Các đơn vị hỗn hợp nhận được loại phước lành chiến đấu nào trong Champions of Olympia?,Phước lành của Apollo
Rise of Kingdoms,What kind of commander becomes the temporary Garrison Commander in the event a Governor has not nominated a commander or the nominated commander is not present?,The highest level commander currently present
Rise of Kingdoms,Loại chỉ huy nào trở thành Chỉ huy đồn trú tạm thời trong trường hợp Thống đốc không đề cử chỉ huy hoặc chỉ huy được chỉ định không có mặt?,Người chỉ huy cấp cao nhất hiện nay
Rise of Kingdoms,What letter is shown on the Scolas’ Lucky Coin decoration?,L
Rise of Kingdoms,Chữ cái nào được hiển thị trên trang trí Đồng xu may mắn của Scolas?,L
Rise of Kingdoms,What level do you need to upgrade the State Forum to in order to unlock the Dispatch feature?,10.0
Rise of Kingdoms,Bạn cần nâng cấp State Forum lên cấp độ nào để có thể mở khóa tính năng Dispatch?,"10,0"
Rise of Kingdoms,What level does your City Hall have to be to enter the Iron Age?,Lvl 10
Rise of Kingdoms,Tòa thị chính của bạn phải ở cấp độ nào để bước vào Thời đại đồ sắt?,Cấp 10
Rise of Kingdoms,What level does your City Hall have to be to use War Frenzy?,10.0
Rise of Kingdoms,Tòa thị chính của bạn phải ở cấp độ nào để sử dụng War Frenzy?,"10,0"
Rise of Kingdoms,What material did the craftsmen of ancient Egypt favor for sculpting statues and murals?,Stone
Rise of Kingdoms,Những người thợ thủ công ở Ai Cập cổ đại ưa chuộng chất liệu gì để điêu khắc tượng và tranh tường?,Cục đá
Rise of Kingdoms,"What nationality was Miguel de Cervantes, author of “Don Quixote”?",Spanish
Rise of Kingdoms,"Miguel de Cervantes, tác giả cuốn “Don Quixote” là người quốc tịch nào?",Tiếng Tây Ban Nha
Rise of Kingdoms,What number World Cup will the 2022 World Cup be?,22nd
Rise of Kingdoms,World Cup 2022 sẽ có số mấy?,Ngày 22
Rise of Kingdoms,What occupation buff is provided by the Flame Altar?,Troop Attack +3%
Rise of Kingdoms,Buff nghề nghiệp nào được cung cấp bởi Flame Altar?,Quân tấn công 3%
Rise of Kingdoms,What outstanding contribution to science won biologist Karl Landsteiner the Nobel Prize?,Discovering the human blood groups
Rise of Kingdoms,What process is responsible for the red hues of the eponymous Red Sea?,Unusual algae
Rise of Kingdoms,Quá trình nào tạo ra màu đỏ của Biển Đỏ cùng tên?,Tảo bất thường
Rise of Kingdoms,What provided the major economic support for the Renaissance?,Wealthy patrons
Rise of Kingdoms,Điều gì đã cung cấp sự hỗ trợ kinh tế lớn cho thời Phục hưng?,Những khách hàng quen giàu có
Rise of Kingdoms,"What race of creatures, mythical or otherwise, lived on Asgard according to Norse myth?",Aesir
Rise of Kingdoms,What resource is required to travel in the State Forum?,Action Points
Rise of Kingdoms,Cần có nguồn lực gì để tham gia Diễn đàn Nhà nước?,Điểm hành động
Rise of Kingdoms,What reward may be given to governors who do NOT qualify for the Ark of Osiris but whose fellow alliance members do qualify and are defeated?,Gems
Rise of Kingdoms,Phần thưởng nào có thể được trao cho các thống đốc KHÔNG đủ điều kiện tham gia Ark of Osiris nhưng các thành viên liên minh của họ đủ điều kiện và bị đánh bại?,Đá quý
Rise of Kingdoms,What tier of crystal treasure is found in the Lvl 26 Alliance Gift?,Treasure of Blue Crystal
Rise of Kingdoms,Loại kho báu pha lê nào được tìm thấy trong Quà tặng Liên minh Lvl 26?,Kho báu pha lê xanh
Rise of Kingdoms,What two countries together made up the “Iberian Union”?,Portugal and Spain
Rise of Kingdoms,What two major works are attributed to Homer?,The Odyssey and The Iliad
Rise of Kingdoms,What useful tool did famed carpenter Lu Ban invent?,The saw
Rise of Kingdoms,"What was another usage of gin, aside from being a popular drink, in the 18th century?",Medicine
Rise of Kingdoms,What was the country of origin of the architect who designed the Museum of Egyptian Antiquities located in Cairo?,France
Rise of Kingdoms,Quốc gia xuất xứ của kiến ​​trúc sư đã thiết kế Bảo tàng Cổ vật Ai Cập nằm ở Cairo là gì?,Pháp
Rise of Kingdoms,What was the final score of the 2014 World Cup final between Germany and Argentina?,1 – 0
Rise of Kingdoms,Tỷ số cuối cùng của trận chung kết World Cup 2014 giữa Đức và Argentina là bao nhiêu?,1 – 0
Rise of Kingdoms,What was the first animated film Satoshi Kon directed?,Perfect Blue
Rise of Kingdoms,Bộ phim hoạt hình đầu tiên mà Satoshi Kon đạo diễn là gì?,Màu xanh hoàn hảo
Rise of Kingdoms,What was the first men’s World Cup to have a female referee?,2022 Qatar World Cup
Rise of Kingdoms,World Cup nam đầu tiên có trọng tài nữ là gì?,Cúp thế giới Qatar 2022
Rise of Kingdoms,What was the first of the three major battles fought between Alexander the Great and the Achaemenid Empire?,Battle of the Granicus
Rise of Kingdoms,Trận chiến đầu tiên trong ba trận chiến lớn giữa Alexander Đại đế và Đế chế Achaemenid là gì?,Trận chiến Granicus
Rise of Kingdoms,What was the first World Cup trophy called?,Jules Rimet Trophy
Rise of Kingdoms,Chiếc cúp vô địch World Cup đầu tiên được gọi là gì?,Cúp Jules Rimet
Rise of Kingdoms,"What was the homeland of Odysseus, the subject of Homer’s Odyssey?",Ithaca
Rise of Kingdoms,"Quê hương của Odysseus, chủ đề của Odyssey của Homer là gì?",Ithaca
Rise of Kingdoms,What was the name of the alliance led by Athens in the Peloponnesian War?,Delian League
Rise of Kingdoms,Tên của liên minh do Athens lãnh đạo trong Chiến tranh Peloponnese là gì?,Liên đoàn Delian
Rise of Kingdoms,What was the name of the ancient Greek god of wine?,Dionysus
Rise of Kingdoms,Tên của vị thần rượu vang Hy Lạp cổ đại là gì?,Dionysus
Rise of Kingdoms,What was the name of the creature in Greek mythology that lured sailors with its heavenly singing voice?,Siren
Rise of Kingdoms,Tên của sinh vật trong thần thoại Hy Lạp đã thu hút các thủy thủ bằng giọng hát tuyệt vời của nó là gì?,Còi báo động
Rise of Kingdoms,What was the name of the first chimpanzee to go to space?,Ham
Rise of Kingdoms,Tên của con tinh tinh đầu tiên bay vào vũ trụ là gì?,Giăm bông
Rise of Kingdoms,What was the name of the official match ball of the 2018 World Cup?,Telstar
Rise of Kingdoms,Quả bóng thi đấu chính thức của World Cup 2018 có tên là gì?,Telstar
Rise of Kingdoms,"What was the native language of Cleopatra VII, otherwise known as Cleopatra the Queen of Egypt?",Greek
Rise of Kingdoms,"Ngôn ngữ mẹ đẻ của Cleopatra VII, hay còn gọi là Cleopatra Nữ hoàng Ai Cập là gì?",Tiếng Hy Lạp
Rise of Kingdoms,What was the original purpose of the Great Pyramid of Giza?,Pharaoh Khufu’s tomb
Rise of Kingdoms,What was the regnal name of the last emperor of China’s Qing Dynasty?,Xuantong
Rise of Kingdoms,What was the relationship between the famed generals Tolui and Genghis Khan?,Father and son
Rise of Kingdoms,What was the venue for the final match of the 2018 World Cup held in Russia?,"Luzhniki Stadium, Moscow"
Rise of Kingdoms,Địa điểm diễn ra trận đấu cuối cùng của World Cup 2018 được tổ chức tại Nga là gì?,"Sân vận động Luzhniki, Moscow"
Rise of Kingdoms,What weapon does the commander Richard I wield?,An axe and shield
Rise of Kingdoms,Chỉ huy Richard I sử dụng vũ khí gì?,Một cái rìu và một tấm khiên
Rise of Kingdoms,What weapons do City Keepers wield?,An axe and shield
Rise of Kingdoms,Người giữ thành phố sử dụng vũ khí gì?,Một cái rìu và một tấm khiên
Rise of Kingdoms,What weapons does the commander City Keeper wield?,An axe and shield
Rise of Kingdoms,Người chỉ huy City Keeper sử dụng vũ khí gì?,Một cái rìu và một tấm khiên
Rise of Kingdoms,What were Maya pyramids made of?,Stone
Rise of Kingdoms,Kim tự tháp Maya được làm bằng gì?,Cục đá
Rise of Kingdoms,What were the men and women hiding from on the outskirts of Florence in the novella collection “The Decameron”?,The Black Plague
Rise of Kingdoms,Những người đàn ông và phụ nữ đang trốn tránh điều gì ở ngoại ô Florence trong tuyển tập tiểu thuyết ngắn “The Decameron”?,Bệnh dịch đen
Rise of Kingdoms,What’s does the “Fully Loaded” alliance skill do when used?,Increases alliance members’ gathering speed for one type of resource
Rise of Kingdoms,Kỹ năng liên minh “Đã nạp đầy đủ” có tác dụng gì khi sử dụng?,Tăng tốc độ thu thập của các thành viên liên minh đối với một loại tài nguyên
Rise of Kingdoms,What’s does the “Nature’s Gift” alliance skill do when used?,Summon resource points in a selected area
Rise of Kingdoms,Kỹ năng liên minh “Quà tặng của thiên nhiên” có tác dụng gì khi sử dụng?,Triệu hồi điểm tài nguyên trong khu vực đã chọn
Rise of Kingdoms,What’s does the “Skillful Craftsman” alliance skill do when used?,Greatly increases alliance flag construction speed
Rise of Kingdoms,What’s the primary cause of the formation of the Himalayas?,Collision between plates
Rise of Kingdoms,Nguyên nhân chính dẫn đến sự hình thành dãy Himalaya là gì?,Va chạm giữa các tấm
Rise of Kingdoms,"When a governor’s city hall reaches level 25, how many farms can they build?",4.0
Rise of Kingdoms,"When Achilles refuses to fight, Patroclus puts on Achilles armor, fights the Trojans, and dies. Who is Patroclus killed by?",Hector
Rise of Kingdoms,"Khi Achilles từ chối chiến đấu, Patroclus mặc áo giáp của Achilles, chiến đấu với quân Troy và chết. Patroclus bị giết bởi ai?",Hector
Rise of Kingdoms,"When alliance members gather resources in alliance territory, how much is their Gathering Speed increased by?",25%
Rise of Kingdoms,"Khi các thành viên liên minh thu thập tài nguyên trong lãnh thổ liên minh, Tốc độ thu thập của họ tăng thêm bao nhiêu?",25%
Rise of Kingdoms,When did the “hard-boiled” or “noir” literary genre of fiction first fluorish?,1920s
Rise of Kingdoms,Thể loại văn học hư cấu “cứng rắn” hay “noir” lần đầu tiên phát triển khi nào?,Thập niên 1920
Rise of Kingdoms,When did the War of the Austrian Succession take place?,1740-1748
Rise of Kingdoms,"When moist air encounters an obstacle such as a mountain range and is forced upward while air temperature drops, resulting in rain, this is known as",Orographic precipitation
Rise of Kingdoms,"Khi không khí ẩm gặp chướng ngại vật như dãy núi và bị đẩy lên trên trong khi nhiệt độ không khí giảm xuống, dẫn đến mưa, hiện tượng này được gọi là",Lượng mưa địa hình
Rise of Kingdoms,"When not affected by buffs, how much resource capacity does a Level 25 Storehouse have for each type of resource?",2500000.0
Rise of Kingdoms,"Khi không bị ảnh hưởng bởi buff, Kho cấp 25 có bao nhiêu dung lượng tài nguyên cho từng loại tài nguyên?",2500000.0
Rise of Kingdoms,"When sailing through a thunderstorm, one can occasionally see a “lightning” effect at the tip of the mast. What is this phenomenon called?",Saint Elmo’s Fire
Rise of Kingdoms,"Khi chèo thuyền qua cơn giông bão, thỉnh thoảng người ta có thể thấy hiệu ứng “sét” ở đầu cột buồm. Hiện tượng này được gọi là gì?",Ngọn lửa Thánh Elmo
Rise of Kingdoms,"When someone steps on a banana peel wearing shoes, the frictional coefficient between their shoe and the banana peel is",0.07
Rise of Kingdoms,Khi có người mang giày dẫm lên vỏ chuối thì hệ số ma sát giữa giày và vỏ chuối là,"0,07"
Rise of Kingdoms,When was Coca-Cola invented?,The 19th century
Rise of Kingdoms,Coca-Cola được phát minh khi nào?,Thế kỷ 19
Rise of Kingdoms,When was Napoleon Bonaparte born?,1769.0
Rise of Kingdoms,Napoléon Bonaparte sinh năm nào?,1769.0
Rise of Kingdoms,When was the Declaration of Independence written?,1776.0
Rise of Kingdoms,When was the first Venice Film Festival held?,1932.0
Rise of Kingdoms,Liên hoan phim Venice đầu tiên được tổ chức khi nào?,1932.0
Rise of Kingdoms,"When was the theremin, one of the first electronic musical instruments, invented?",1919.0
Rise of Kingdoms,"Theremin, một trong những nhạc cụ điện tử đầu tiên, được phát minh khi nào?",1919.0
Rise of Kingdoms,When were bicycles introduced to Europe?,The 19th century
Rise of Kingdoms,Xe đạp được giới thiệu tới châu Âu từ khi nào?,Thế kỷ 19
Rise of Kingdoms,Where are the world’s largest proven oil reserves located?,Ghawar Field
Rise of Kingdoms,Trữ lượng dầu đã được chứng minh lớn nhất thế giới nằm ở đâu?,Cánh đồng Ghawar
Rise of Kingdoms,"Where did Hippocrates, the “Father of Medicine”, come from?",Ancient Greece
Rise of Kingdoms,"Hippocrates, “Cha đẻ của y học”, đến từ đâu?",Hy Lạp cổ đại
Rise of Kingdoms,Where did King Louis XIV of France move the royal Court to in 1682?,The Palace of Versailles
Rise of Kingdoms,Where did reggae music originate?,Jamaica
Rise of Kingdoms,Where did the final battle between King Arthur and Mordred take place according to Arthurian legend?,Camlann
Rise of Kingdoms,Where did the Renaissance begin?,Italy
Rise of Kingdoms,Where do adaptations come from?,Both mutations and genetic recombination
Rise of Kingdoms,Where do most hurricanes start?,On the open seas
Rise of Kingdoms,Where do most of the Ainu people live?,Hokkaido
Rise of Kingdoms,Phần lớn người Ainu sống ở đâu?,Hokkaido
Rise of Kingdoms,Where in Egypt is the Sphinx located?,The Giza Plateau
Rise of Kingdoms,Tượng Nhân sư nằm ở đâu ở Ai Cập?,Cao nguyên Giza
Rise of Kingdoms,Where in Italy is Vatican City located?,Rome
Rise of Kingdoms,Thành phố Vatican nằm ở đâu ở Ý?,Rome
Rise of Kingdoms,Where is the Capital of Scotland?,Edinburgh
Rise of Kingdoms,Where is the capital of the Germany?,Berlin
Rise of Kingdoms,Thủ đô của Đức ở đâu?,Béc-lin
Rise of Kingdoms,Where is the commander Gaius Marius from?,Ancient Rome
Rise of Kingdoms,Chỉ huy Gaius Marius đến từ đâu?,La Mã cổ đại
Rise of Kingdoms,Where is the largest pyramid in the world?,The Great Pyramid of Cholula
Rise of Kingdoms,Kim tự tháp lớn nhất thế giới ở đâu?,Kim tự tháp vĩ đại Cholula
Rise of Kingdoms,Where is the reported birthplace of the belly dance?,Egypt
Rise of Kingdoms,Nguồn gốc của múa bụng được cho là ở đâu?,Ai Cập
Rise of Kingdoms,Where is the right hand of the famous sculpture known as “The Thinker” resting?,Under the chin
Rise of Kingdoms,Tay phải của tác phẩm điêu khắc nổi tiếng có tên “Người suy nghĩ” đang yên nghỉ ở đâu?,Dưới cằm
Rise of Kingdoms,Where was Commander Lohar born?,In a remote barbarian tribe
Rise of Kingdoms,Where was famed musician Beethoven born?,Bonn
Rise of Kingdoms,Nhạc sĩ nổi tiếng Beethoven sinh ra ở đâu?,Bonn
Rise of Kingdoms,Where was Napoleon Bonaparte exiled after his defeat at Waterloo?,St. Helena
Rise of Kingdoms,Where was Pablo Picasso born?,Iberia
Rise of Kingdoms,Where was the Ceroli Chieftain Torgny born?,Citadel of Braves
Rise of Kingdoms,Thủ lĩnh Ceroli Torgny sinh ra ở đâu?,Thành trì của những người dũng cảm
Rise of Kingdoms,Where was the composer Wolfgang Amadeus Mozart born?,Salzburg
Rise of Kingdoms,Nhà soạn nhạc Wolfgang Amadeus Mozart sinh ra ở đâu?,Salzburg
Rise of Kingdoms,Where was the rallying point for the first Crusade?,Constantinople
Rise of Kingdoms,Where was the World Heritage Terracotta Army found?,In a royal mausoleum
Rise of Kingdoms,Which achievement is unlocked from upgrading 2 hospitals to Lvl 25?,Hale & Hearty
Rise of Kingdoms,Thành tích nào được mở khóa khi nâng cấp 2 bệnh viện lên Lvl 25?,Hale
Rise of Kingdoms,Which ancient civilization built the “Lost City” of Machu Picchu?,The Incas
Rise of Kingdoms,Which ancient Egyptian deity is represented with the head of a lion?,Tefnut
Rise of Kingdoms,Vị thần Ai Cập cổ đại nào được đại diện với đầu sư tử?,Hạt dẻ
Rise of Kingdoms,Which ancient Egyptian pharaoh’s tomb did British archaeologist Howard Carter discover in 1922?,Tutankhamun
Rise of Kingdoms,Nhà khảo cổ học người Anh Howard Carter đã phát hiện ra lăng mộ của pharaoh Ai Cập cổ đại nào vào năm 1922?,Tutankhamun
Rise of Kingdoms,Which ancient Greek dramatist wrote the famous tragedy “Oedipus Rex”?,Sophocles
Rise of Kingdoms,Nhà viết kịch Hy Lạp cổ đại nào đã viết vở bi kịch nổi tiếng “Oedipus Rex”?,Sophocles
Rise of Kingdoms,Which ancient Greek mathematician used the method of exhaustion to calculate the area of a circle?,Archimedes
Rise of Kingdoms,Nhà toán học Hy Lạp cổ đại nào đã sử dụng phương pháp vét cạn để tính diện tích hình tròn?,Archimedes
Rise of Kingdoms,Which ancient Greek philosopher put forth the first ideas of atomism?,Democritus
Rise of Kingdoms,Triết gia Hy Lạp cổ đại nào đưa ra những ý tưởng đầu tiên về thuyết nguyên tử?,Democritus
Rise of Kingdoms,Which Ancient Greek physicist famously discovered the concept of buoyancy while taking a bath?,Archimedes
Rise of Kingdoms,Which ancient Greek scholar laid the foundation for future European mathematics and authored the “Elements” of geometry?,Euclid
Rise of Kingdoms,Học giả Hy Lạp cổ đại nào đã đặt nền móng cho toán học châu Âu trong tương lai và là tác giả của “Các yếu tố” của hình học?,Euclid
Rise of Kingdoms,Which animal is featured on commander Richard I’s background image?,A dog
Rise of Kingdoms,Con vật nào xuất hiện trên hình nền của chỉ huy Richard I?,Một con chó
Rise of Kingdoms,Which art group is known as a “national treasure” of Canada?,Cirque du Soleil
Rise of Kingdoms,Which artist painted the world-famous “Girl with a Pearl Earring”?,Johannes Vermeer
Rise of Kingdoms,"Which artist shocked the world by shredding a copy of his own work, Girl with Balloon, at an auction?",Banksy
Rise of Kingdoms,"Nghệ sĩ nào đã gây chấn động thế giới khi xé nhỏ bản sao tác phẩm của chính mình, Girl with Balloon, tại một cuộc đấu giá?",Banksy
Rise of Kingdoms,Which astronomer proposed the heliocentric theory in the 16th century?,Nicolaus Copernicus
Rise of Kingdoms,Which beverage was invented by American pharmacist John Pemberton?,Cola
Rise of Kingdoms,Which British star performed at the opening ceremony of the 2018 World Cup?,Robbie Williams
Rise of Kingdoms,Ngôi sao người Anh nào biểu diễn ở lễ khai mạc World Cup 2018?,Robbie Williams
Rise of Kingdoms,Which buff can be acquired from occupying a Sanctum of Courage?,Increase EXP gained by commanders
Rise of Kingdoms,Which building was originally built in London to house the Great Exhibition of the Works of Industry of All Nations held in 1851?,The Crystal Palace
Rise of Kingdoms,Tòa nhà nào ban đầu được xây dựng ở Luân Đôn để làm nơi tổ chức Triển lãm lớn về các công trình công nghiệp của tất cả các quốc gia được tổ chức vào năm 1851?,Cung điện pha lê
Rise of Kingdoms,Which Ceroli Chieftain comes from Horn Bay?,Keira
Rise of Kingdoms,Thủ lĩnh Ceroli nào đến từ Vịnh Horn?,Keira
Rise of Kingdoms,Which Ceroli Chieftain comes from Sabertooth Valley?,Ak & Hok
Rise of Kingdoms,Thủ lĩnh Ceroli nào đến từ Thung lũng Sabertooth?,Và
Rise of Kingdoms,Which Ceroli Chieftain dual wields a dagger and bow?,Wafura
Rise of Kingdoms,Thủ lĩnh Ceroli nào cầm dao găm và cung tên?,Wafura
Rise of Kingdoms,Which Ceroli Chieftain dwells in a place known as Death Forest?,Dekar
Rise of Kingdoms,Thủ lĩnh Ceroli nào sống ở một nơi được gọi là Rừng Chết?,Mẫu Anh
Rise of Kingdoms,Which Ceroli Chieftain has been tasked with safeguarding Windrage Cliffs?,Astrid
Rise of Kingdoms,Thủ lĩnh Ceroli nào được giao nhiệm vụ bảo vệ Vách đá Windrage?,Astrid
Rise of Kingdoms,Which Ceroli Chieftain has power over frost?,Frida
Rise of Kingdoms,Thủ lĩnh Ceroli nào có sức mạnh chống lại băng giá?,Frida
Rise of Kingdoms,Which Ceroli Chieftain once encircled the Citadel of Braves with their forces?,Torgny
Rise of Kingdoms,Thủ lĩnh Ceroli nào đã từng bao vây Thành cổ của những dũng sĩ bằng lực lượng của họ?,Quảng trường
Rise of Kingdoms,Which Ceroli Chieftain safeguards the Whitestone Tower?,Frida
Rise of Kingdoms,Thủ lĩnh Ceroli nào bảo vệ Tháp Whitestone?,Frida
Rise of Kingdoms,Which Ceroli Chieftain spent over 20 years garrisoning the Northern Reaches?,Torgny
Rise of Kingdoms,Thủ lĩnh Ceroli nào đã dành hơn 20 năm đồn trú ở Northern Reach?,Quảng trường
Rise of Kingdoms,Which Ceroli Chieftain uses a bow for a weapon?,Keira
Rise of Kingdoms,Thủ lĩnh Ceroli nào sử dụng cung làm vũ khí?,Keira
Rise of Kingdoms,Which Ceroli Chieftain wields two weapons at once?,Astrid
Rise of Kingdoms,Thủ lĩnh Ceroli nào sử dụng hai vũ khí cùng một lúc?,Astrid
Rise of Kingdoms,Which Ceroli Chieftain works alongside a snake?,Dekar
Rise of Kingdoms,Thủ lĩnh Ceroli nào hoạt động cùng với một con rắn?,Mẫu Anh
Rise of Kingdoms,Which Ceroli Chieftain’s tribe has lived in the freezing wastes for generations?,Wafura
Rise of Kingdoms,Bộ tộc của Thủ lĩnh Ceroli nào đã sống trong vùng hoang mạc băng giá qua nhiều thế hệ?,Wafura
Rise of Kingdoms,Which chapter of the Kingdom Chronicles grants the “Explorer for Life” achievement if all mist is explored before the chapter’s end?,Long Peace
Rise of Kingdoms,Chương nào của Biên niên sử Vương quốc trao thành tích “Nhà thám hiểm sự sống” nếu tất cả sương mù được khám phá trước khi kết thúc chương?,Hòa bình lâu dài
Rise of Kingdoms,Which Chieftain from the Ceroli Crisis event is well-versed in poison magic?,Dekar
Rise of Kingdoms,Thủ lĩnh nào trong sự kiện Khủng hoảng Ceroli thành thạo ma thuật độc?,Mẫu Anh
Rise of Kingdoms,Which Chieftain in the Ceroli Crisis event mounted a successful coup?,Torgny
Rise of Kingdoms,Thủ lĩnh nào trong sự kiện Khủng hoảng Ceroli đã thực hiện một cuộc đảo chính thành công?,Quảng trường
Rise of Kingdoms,Which Chinese dynasty did Jiang Ziya help to establish?,The Zhou Dynasty
Rise of Kingdoms,Which city hosted the 2000 Summer Olympics?,Sydney
Rise of Kingdoms,Which city-state defeated Sparta in the “Battle of Leuctra”?,Thebes
Rise of Kingdoms,Thành bang nào đã đánh bại Sparta trong “Trận chiến Leuctra”?,Thebes
Rise of Kingdoms,Which city-state of Ancient Greece was known for its brutal military training and bravery?,Sparta
Rise of Kingdoms,Which civilian airport is the highest above sea level?,Daocheng Yading Airport
Rise of Kingdoms,Sân bay dân dụng nào cao nhất so với mực nước biển?,Sân bay Dao Thành Yading
Rise of Kingdoms,Which civilization was the first to have public toilets?,Ancient Rome
Rise of Kingdoms,Which club has footballer Lionel Messi played for the longest?,Barcelona
Rise of Kingdoms,Cầu thủ bóng đá Lionel Messi thi đấu lâu nhất cho câu lạc bộ nào?,Barcelona
Rise of Kingdoms,Which club has won the most English Premier League titles?,Manchester United
Rise of Kingdoms,Câu lạc bộ nào giành được nhiều chức vô địch Ngoại hạng Anh nhất?,Manchester United
Rise of Kingdoms,Which commander can be said to have the thickest eyebrows in Rise of Kingdoms?,Cao Cao
Rise of Kingdoms,Có thể nói chỉ huy nào có lông mày dày nhất trong Rise of Kingdoms?,Cao Cao
Rise of Kingdoms,Which commander does NOT receive a skill level boost from a Legendary Commander Sculpture?,Hannibal Barca
Rise of Kingdoms,Chỉ huy nào KHÔNG nhận được mức tăng cấp độ kỹ năng từ Tác phẩm điêu khắc chỉ huy huyền thoại?,Hannibal Barca
Rise of Kingdoms,Which commander features a ship in their background image?,Pelagius
Rise of Kingdoms,Chỉ huy nào có hình con tàu trong hình nền của họ?,Pelagius
Rise of Kingdoms,Which commander has a crown with gemstones of a different color to the others?,Queen Tamar of Georgia
Rise of Kingdoms,Người chỉ huy nào có vương miện đính đá quý có màu khác với những người khác?,Nữ hoàng Tamar của Georgia
Rise of Kingdoms,Which commander is commonly regarded as having exemplified the ideal of the “Bushido Spirit”?,Kusunoki Masashige
Rise of Kingdoms,Which commander is known as “The Immortal Hammer”?,Charles Martel
Rise of Kingdoms,Which commander is known as Barbarossa?,Frederick I
Rise of Kingdoms,Which commander is known as Kamakura’s Warlord?,Minamoto no Yoshitsune
Rise of Kingdoms,Which commander is known as the Conqueror of Chaos?,Cao Cao
Rise of Kingdoms,Which commander is known as the Lady of the Mercians?,Æthelflæd
Rise of Kingdoms,Which commander is nicknamed “Bow of Revolution”?,Yi Seong-Gye
Rise of Kingdoms,Which commander is nicknamed Carthage’s Guardian?,Hannibal Barca
Rise of Kingdoms,Which commander is nicknamed the Father of Conquest?,Baibars
Rise of Kingdoms,Vị chỉ huy nào được mệnh danh là Cha Chinh Phục?,Baibars
Rise of Kingdoms,Which commander is nicknamed the Roaring Barbarian?,Lohar
Rise of Kingdoms,Vị chỉ huy nào có biệt danh là Kẻ man rợ gầm thét?,Lohar
Rise of Kingdoms,"Which commander is reputed to have said, “I came, I saw, I conquered”?",Julius Caesar
Rise of Kingdoms,Which commander role provides a load boost to troops?,Supply Captain
Rise of Kingdoms,Vai trò chỉ huy nào giúp tăng tải cho quân đội?,Đội trưởng tiếp tế
Rise of Kingdoms,Which commander says: “My destiny is determined by faith and opportunity”?,Matilda of Flanders
Rise of Kingdoms,Người chỉ huy nào nói: “Vận mệnh của tôi được quyết định bởi niềm tin và cơ hội”?,Matilda xứ Flanders
Rise of Kingdoms,Which commander showed their military genius in the Battle of Tours in the 8th century AD?,Charles Martel
Rise of Kingdoms,Which commander signed a peace treaty with Saladin in 1192?,Richard I
Rise of Kingdoms,Which commander was considered an enemy of Rome from an early age?,Hannibal Barca
Rise of Kingdoms,Which commander was in charge of capturing Constantinople at the age of 21?,Mehmed II
Rise of Kingdoms,Which commander was known as the Celtic Rose?,Boudica
Rise of Kingdoms,Which commander was paired with Minamoto?,Tomoe Gozen
Rise of Kingdoms,Which commander wields the Beauty and Wisdom skill?,Cleopatra VII
Rise of Kingdoms,Chỉ huy nào sử dụng kỹ năng Sắc đẹp và Trí tuệ?,Cleopatra VII
Rise of Kingdoms,Which Commander’s active skill can inflict Silence?,Hermann
Rise of Kingdoms,Kỹ năng chủ động nào của Chỉ huy có thể gây ra Im lặng?,Hermann
Rise of Kingdoms,Which composer wrote the opera “The Ring of the Nibelung”?,Wagner
Rise of Kingdoms,Nhạc sĩ nào đã viết vở opera “The Ring of the Nibelung”?,Wagner
Rise of Kingdoms,Which continent has the lowest average temperatures?,Antarctica
Rise of Kingdoms,Châu lục nào có nhiệt độ trung bình thấp nhất?,Nam Cực
Rise of Kingdoms,Which continent was the birthplace of Mayan civilization?,The Americas
Rise of Kingdoms,Which continent was the Inca Empire located on?,South America
Rise of Kingdoms,Đế chế Inca nằm ở châu lục nào?,Nam Mỹ
Rise of Kingdoms,Which country did Arjen Robben play for?,The Netherlands
Rise of Kingdoms,Arjen Robben đã chơi cho quốc gia nào?,Hà Lan
Rise of Kingdoms,Which country did the famous poet Dante Alighieri come from?,Italy
Rise of Kingdoms,"Which country did Zarathustra, of the tone poem ‘Thus Spoke Zarathustra’, come from?",Persia
Rise of Kingdoms,Which country gave the Statue of Liberty to the American people as a gift?,France
Rise of Kingdoms,Which country has adopted the quetzal as its national bird?,Guatemala
Rise of Kingdoms,Quốc gia nào đã chọn chim quetzal làm loài chim quốc gia của mình?,Guatemala
Rise of Kingdoms,Which country has participated in 8 World Cups but has never advanced past the group stage?,Scotland
Rise of Kingdoms,Quốc gia nào đã tham dự 8 kỳ World Cup nhưng chưa từng vượt qua vòng bảng?,Scotland
Rise of Kingdoms,Which country has topped the FIFA world rankings but has never won a World Cup?,Belgium
Rise of Kingdoms,Quốc gia nào đứng đầu bảng xếp hạng FIFA thế giới nhưng chưa từng vô địch World Cup?,Nước Bỉ
Rise of Kingdoms,Which country has won the most World Cups?,Brazil
Rise of Kingdoms,Quốc gia nào vô địch World Cup nhiều nhất?,Brazil
Rise of Kingdoms,Which country has won the World Cup five times?,Brazil
Rise of Kingdoms,Quốc gia nào đã 5 lần vô địch World Cup?,Brazil
Rise of Kingdoms,Which country hosted and won the 1930 World Cup?,Uruguay
Rise of Kingdoms,Quốc gia nào đăng cai và vô địch World Cup 1930?,Uruguay
Rise of Kingdoms,Which country hosted and won the 1978 World Cup?,Argentina
Rise of Kingdoms,Quốc gia nào đăng cai và vô địch World Cup 1978?,Argentina
Rise of Kingdoms,Which country hosted the 1994 World Cup?,The United States
Rise of Kingdoms,Quốc gia nào đăng cai World Cup 1994?,Hoa Kỳ
Rise of Kingdoms,Which country hosted the 1998 World Cup?,France
Rise of Kingdoms,Quốc gia nào đăng cai World Cup 1998?,Pháp
Rise of Kingdoms,Which country hosted the 2022 World Cup?,Qatar
Rise of Kingdoms,Quốc gia nào đăng cai World Cup 2022?,Qatar
Rise of Kingdoms,"Which country hosted the first ever Winter Olympics on January 25, 1924?",France
Rise of Kingdoms,Quốc gia nào tổ chức Thế vận hội Mùa đông đầu tiên vào ngày 25 tháng 1 năm 1924?,Pháp
Rise of Kingdoms,Which country hosted the first World Cup?,Uruguay
Rise of Kingdoms,Quốc gia nào tổ chức World Cup đầu tiên?,Uruguay
Rise of Kingdoms,Which country is Çatalhöyük located in?,Turkey
Rise of Kingdoms,Çatalhöyük nằm ở quốc gia nào?,Thổ Nhĩ Kỳ
Rise of Kingdoms,"Which country is responsible for inventing blue cheese, well-known for its pungent taste?",France
Rise of Kingdoms,"Quốc gia nào chịu trách nhiệm phát minh ra phô mai xanh, nổi tiếng với vị cay nồng?",Pháp
Rise of Kingdoms,Which country used an orange as its World Cup mascot?,Spain
Rise of Kingdoms,Quốc gia nào đã sử dụng quả cam làm linh vật của World Cup?,Tây ban nha
Rise of Kingdoms,Which country was allowed to keep the Jules Rimet Trophy permanently?,Brazil
Rise of Kingdoms,Quốc gia nào được phép giữ Cúp Jules Rimet vĩnh viễn?,Brazil
Rise of Kingdoms,Which country was England fighting against in the Battle of Agincourt?,France
Rise of Kingdoms,Nước Anh đang chiến đấu chống lại nước nào trong trận Agincourt?,Pháp
Rise of Kingdoms,"Which country was Marco Polo, a famous explorer and merchant, born in?",Republic of Venice
Rise of Kingdoms,Which country was the composer Franz Schubert from?,Austria
Rise of Kingdoms,Nhà soạn nhạc Franz Schubert đến từ nước nào?,Áo
Rise of Kingdoms,Which country was the first Asian country to reach the semi-final stage of the World Cup?,Korea
Rise of Kingdoms,Quốc gia châu Á đầu tiên lọt vào bán kết World Cup là quốc gia nào?,Hàn Quốc
Rise of Kingdoms,Which country was the first to invent perfume?,Cyprus
Rise of Kingdoms,Which country won the 2018 World Cup held in Russia?,France
Rise of Kingdoms,Quốc gia nào vô địch World Cup 2018 tổ chức tại Nga?,Pháp
Rise of Kingdoms,Which country’s explorers were the first to land in Antarctica?,Norway
Rise of Kingdoms,Nhà thám hiểm của nước nào là người đầu tiên đặt chân tới Nam Cực?,Na Uy
Rise of Kingdoms,Which country’s team has played in every World Cup?,Brazil
Rise of Kingdoms,Đội tuyển quốc gia nào đã chơi ở mọi kỳ World Cup?,Brazil
Rise of Kingdoms,Which creature decoration from Greek mythology can governors construct in their city?,Pegasus
Rise of Kingdoms,Các thống đốc có thể xây dựng đồ trang trí sinh vật nào trong thần thoại Hy Lạp trong thành phố của họ?,Pegasus
Rise of Kingdoms,Which deity of ancient Egyptian mythology was represented by the obelisk?,Ra
Rise of Kingdoms,Vị thần nào trong thần thoại Ai Cập cổ đại được đại diện bởi đài tưởng niệm?,Ra
Rise of Kingdoms,"Which demigod captures Cerberus, the “three-headed hound of Hades”, according to Greek mythology?",Hercules
Rise of Kingdoms,"Vị á thần nào bắt được Cerberus, “chó săn ba đầu của Hades”, theo thần thoại Hy Lạp?",Hercules
Rise of Kingdoms,Which Dutch scientist is known as “the father of microbiology”?,Antonie van Leeuwenhoek
Rise of Kingdoms,Which Egyptian city marked the boundary between Upper Egypt and Lower Egypt during the pre-dynastic period?,Memphis
Rise of Kingdoms,Thành phố nào của Ai Cập đánh dấu ranh giới giữa Thượng Ai Cập và Hạ Ai Cập trong thời kỳ tiền triều đại?,Memphis
Rise of Kingdoms,Which emperor issued the Edict of Milan?,Constantine I
Rise of Kingdoms,Vị hoàng đế nào đã ban hành Chỉ dụ Milano?,Constantine I
Rise of Kingdoms,Which emperor issued the Proclamation of Milan?,Constantine I
Rise of Kingdoms,Which emperor was named the “Khan of Heaven” by various Turkic nomads during the Sui and Tang dynasties?,Emperor Taizong of Tang
Rise of Kingdoms,Which entomologist and astronomer from New Zealand first proposed adopting a method of Daylight Saving Time?,George Hudson
Rise of Kingdoms,Nhà côn trùng học và thiên văn học nào ở New Zealand lần đầu tiên đề xuất áp dụng phương pháp Tiết kiệm ánh sáng ban ngày?,George Hudson
Rise of Kingdoms,Which ethnic group founded the earliest civilization of Mesopotamia?,The Sumerians
Rise of Kingdoms,Dân tộc nào đã sáng lập ra nền văn minh sớm nhất của Lưỡng Hà?,Người Sumer
Rise of Kingdoms,Which European country’s king funded Christopher Columbus’ famous expedition?,Spain
Rise of Kingdoms,"Which European wrote the first travelogue detailing China’s history, culture, and art?",Marco Polo
Rise of Kingdoms,Which famous and influential family did the famous Renaissance art patron Duke Lorenzo belong to?,The House of Medici
Rise of Kingdoms,Which famous Japanese samurai was called “Ushiwakamaru” as a child?,Minamoto no Yoshitsune
Rise of Kingdoms,Samurai nổi tiếng nào của Nhật Bản được gọi là “Ushiwakamaru” khi còn nhỏ?,Minamoto no Yoshitsune
Rise of Kingdoms,Which famous sculpture features a child urinating?,Manneken Pis
Rise of Kingdoms,Tác phẩm điêu khắc nổi tiếng nào có hình một đứa trẻ đang đi tiểu?,Manneken Pis
Rise of Kingdoms,Which figure from Greek mythology did Mary Shelley associate Frankenstein’s monster with?,Prometheus
Rise of Kingdoms,Mary Shelley liên tưởng quái vật của Frankenstein với nhân vật nào trong thần thoại Hy Lạp?,Prometheus
Rise of Kingdoms,Which figure of history disguised himself as a Prussian captain and made off with over 4000 gold marks only to be later regarded as a folk hero and called the “Captain of Köpenick”?,Wilhelm Voigt
Rise of Kingdoms,Nhân vật lịch sử nào cải trang thành thuyền trưởng Phổ và mang theo hơn 4000 đồng vàng để sau này được coi là anh hùng dân gian và được gọi là “Thuyền trưởng của Köpenick”?,Wilhelm Voigt
Rise of Kingdoms,Which film won Outstanding Picture at the first ever Oscars?,Wings
Rise of Kingdoms,Bộ phim nào đoạt giải Phim xuất sắc tại giải Oscar đầu tiên?,Cánh
Rise of Kingdoms,Which flavor of soup can does NOT appear in Andy Warhol’s famous work titled “Campbell’s Soup Cans”?,Corn
Rise of Kingdoms,Hương vị nào của lon súp KHÔNG xuất hiện trong tác phẩm nổi tiếng của Andy Warhol có tựa đề “Lon súp của Campbell”?,Ngô
Rise of Kingdoms,Which formation is the “Imperial War Drum” armament for?,V
Rise of Kingdoms,Vũ khí “Trống chiến hoàng gia” dành cho đội hình nào?,V.
Rise of Kingdoms,Which French monarch was known as “Saint Louis”?,Louis IX
Rise of Kingdoms,Vị vua Pháp nào được mệnh danh là “Thánh Louis”?,Louis IX
Rise of Kingdoms,"Which Futhark rune represents Týr, the god of war and justice in Germanic mythology?",Tiwaz
Rise of Kingdoms,Which gas makes up more than 90% of Mars’ atmosphere?,Carbon Dioxide
Rise of Kingdoms,Which German psychologist discovered the human brain’s forgetting curve?,Hermann Ebbinghaus
Rise of Kingdoms,Which goalkeeper has scored the most goals in professional soccer?,Rogério Ceni
Rise of Kingdoms,Thủ môn nào ghi nhiều bàn thắng nhất trong bóng đá chuyên nghiệp?,Rogério Ceni
Rise of Kingdoms,Which god is Taranis in Celtic mythology?,Thunder God
Rise of Kingdoms,"Which Greek goddess is portrayed on the Jules Rimet trophy, the original World Cup trophy?",Nike
Rise of Kingdoms,"Nữ thần Hy Lạp nào được khắc họa trên chiếc cúp Jules Rimet, chiếc cúp World Cup đầu tiên?",Nike
Rise of Kingdoms,Which inventor built the world’s first electric locomotive in 1837?,Robert Davidson
Rise of Kingdoms,Which is Minamoto no Yoshitsune’s active skill?,Kyohachiryu
Rise of Kingdoms,Kỹ năng chủ động của Minamoto no Yoshitsune là gì?,Kyohachiryuu
Rise of Kingdoms,Which is recognized by the Guinness Book of World Records as having the largest cumulative circulation of any single-author comic?,One Piece
Rise of Kingdoms,Which is the deepest known trench in the world?,The Mariana Trench
Rise of Kingdoms,Which is the highest plateau in the world?,The Tibetan Plateau
Rise of Kingdoms,Cao nguyên nào cao nhất thế giới?,Cao nguyên Tây Tạng
Rise of Kingdoms,Which is the longest continental mountain range on earth?,The Andes
Rise of Kingdoms,Which is the smallest known snake species?,Barbados threadsnake
Rise of Kingdoms,Which is the Viking civilization’s special unit?,Berserker
Rise of Kingdoms,Đơn vị đặc biệt của nền văn minh Viking là gì?,Kẻ điên cuồng
Rise of Kingdoms,Which is the world’s largest church?,St. Peter’s Basilica
Rise of Kingdoms,Nhà thờ nào lớn nhất thế giới?,Vương cung thánh đường Thánh Phêrô
Rise of Kingdoms,Which is the world’s smallest island country?,Nauru
Rise of Kingdoms,Quốc đảo nào nhỏ nhất thế giới?,Nauru
Rise of Kingdoms,Which Japanese haiku poet wrote under the pseudonym “Tosei”?,Matsuo Basho
Rise of Kingdoms,Nhà thơ haiku Nhật Bản nào viết dưới bút danh “Tosei”?,Matsuo Basho
Rise of Kingdoms,Which kingdom did the commander Boudica reign over?,Iceni
Rise of Kingdoms,Chỉ huy Boudica đã trị vì vương quốc nào?,Icena
Rise of Kingdoms,"Which landmark in Sydney, Australia is shaped like sails?",Sydney Opera House
Rise of Kingdoms,Which mammalian order does Suidae belong to?,Artiodactyla
Rise of Kingdoms,Which manager has managed in six World Cups?,Carlos Alberto Parreira
Rise of Kingdoms,Người quản lý nào đã quản lý trong sáu kỳ World Cup?,Carlos Alberto Parreira
Rise of Kingdoms,Which manager led his team to a record 11 consecutive World Cup match victories?,Luiz Felipe Scolari
Rise of Kingdoms,Người quản lý nào đã dẫn dắt đội bóng của mình đạt kỷ lục 11 trận thắng liên tiếp tại World Cup?,Luiz Felipe Scolari
Rise of Kingdoms,Which military commander was known as the “Teutoburg’s Liberator”?,Hermann
Rise of Kingdoms,Chỉ huy quân sự nào được mệnh danh là “Người giải phóng Teutoburg”?,Hermann
Rise of Kingdoms,Which military leader was known as the “Reformer of the Legions”?,Gaius Marius
Rise of Kingdoms,Nhà lãnh đạo quân sự nào được mệnh danh là “Nhà cải cách của quân đoàn”?,Gaius Marius
Rise of Kingdoms,Which modern-day city was Shakespeare’s Globe Theater built in?,London
Rise of Kingdoms,Which monarch built the Hagia Sophia?,Justinian I
Rise of Kingdoms,Vị vua nào đã xây dựng Hagia Sophia?,Justinian I
Rise of Kingdoms,Which musical instrument is a national emblem of Ireland?,Harp
Rise of Kingdoms,Nhạc cụ nào là biểu tượng quốc gia của Ireland?,Đàn hạc
Rise of Kingdoms,Which musician composed “The Marriage of Figaro”?,Mozart
Rise of Kingdoms,Which new method of constructing columns in ancient Rome was based on the three main Greek styles?,The Tuscan column.
Rise of Kingdoms,Phương pháp xây dựng cột mới nào ở La Mã cổ đại dựa trên ba phong cách chính của Hy Lạp?,Cột Tuscan.
Rise of Kingdoms,Which Nobel Prize is the most recently established?,The Nobel Prize in Economics
Rise of Kingdoms,Giải Nobel nào được thành lập gần đây nhất?,Giải thưởng Nobel về kinh tế
Rise of Kingdoms,Which of the Babylonian Codes of Law was the first full set of written laws in recorded history?,The Code of Hammurabi
Rise of Kingdoms,Which of the below figures were not Knights of King Arthur’s Round Table?,Merlin
Rise of Kingdoms,Which of the below states was not part of the Three Kingdoms period?,Jin
Rise of Kingdoms,Nước nào dưới đây không thuộc thời Tam Quốc?,Jin
Rise of Kingdoms,Which of the following accurately describes the Arctic Circle?,Polar Day and Polar Night are phenomenons that occur there
Rise of Kingdoms,Which of the following achievements must be completed before the “Special Snowflake” achievement?,Long-range Strike
Rise of Kingdoms,Which of the following actions is NOT available to an alliance leader in Rise of Kingdoms?,Quit Alliance
Rise of Kingdoms,Thủ lĩnh liên minh trong Rise of Kingdoms KHÔNG có thể thực hiện hành động nào sau đây?,Thoát khỏi liên minh
Rise of Kingdoms,Which of the following animals does NOT lay eggs?,Bat
Rise of Kingdoms,Loài động vật nào sau đây KHÔNG đẻ trứng?,Dơi
Rise of Kingdoms,Which of the following animals was on the imperial banner of the Inca Empire?,Snake
Rise of Kingdoms,Con vật nào sau đây xuất hiện trên lá cờ đế quốc của Đế chế Inca?,Rắn
Rise of Kingdoms,Which of the following are carnivores?,Dragonflies
Rise of Kingdoms,Động vật nào sau đây là động vật ăn thịt?,Chuồn chuồn
Rise of Kingdoms,Which of the following are NOT mammals?,Turtle
Rise of Kingdoms,Loài nào sau đây KHÔNG phải là động vật có vú?,Con rùa
Rise of Kingdoms,Which of the following awards daily activity points?,Defeating barbarian troops on the map
Rise of Kingdoms,Which of the following best describes a Clownfish?,Tropical marine fish
Rise of Kingdoms,Which of the following buffs can take effect during Sunset Canyon battles?,Buffs from equipment
Rise of Kingdoms,Những phép bổ trợ nào sau đây có thể có hiệu lực trong các trận chiến tại Sunset Canyon?,Buff từ trang bị
Rise of Kingdoms,Which of the following buffs comes from levelling up the required structure to level 25?,Transportation March Speed Bonus
Rise of Kingdoms,Những phép bổ trợ nào sau đây đến từ việc tăng cấp công trình cần thiết lên cấp 25?,Tiền thưởng tốc độ vận chuyển tháng 3
Rise of Kingdoms,Which of the following buildings cannot be upgraded?,Courier Station
Rise of Kingdoms,Which of the following can NOT be found in a Silver Chest at the Tavern?,Lv.3 Tome of Knowledge
Rise of Kingdoms,Thứ nào sau đây KHÔNG thể tìm thấy trong Rương bạc ở Quán rượu?,Cuốn sách kiến ​​thức Lv.3
Rise of Kingdoms,Which of the following can NOT be found in Alliance Shops?,Golden Key
Rise of Kingdoms,Which of the following CANNOT be equipped to a Commander?,Lohar’s Longbow
Rise of Kingdoms,Những thứ nào sau đây KHÔNG THỂ được trang bị cho Chỉ huy?,Cung Dài của Lohar
Rise of Kingdoms,Which of the following cat breeds is known for being hairless?,Sphynx
Rise of Kingdoms,Which of the following characters are NOT present in the “Journey to the West” story?,Third Sister Hu
Rise of Kingdoms,Nhân vật nào sau đây KHÔNG có mặt trong câu chuyện “Tây Du Ký”?,Chị ba Hồ
Rise of Kingdoms,Which of the following Chinese emperors’ reigns was known as the “Reign of Zhenguan”?,Emperor Taizong of Tang
Rise of Kingdoms,Triều đại của hoàng đế Trung Quốc nào sau đây được gọi là “Triều đại Trấn Quán”?,Hoàng đế Thái Tông nhà Đường
Rise of Kingdoms,Which of the following cities is the capital of France?,Paris
Rise of Kingdoms,Thành phố nào sau đây là thủ đô của nước Pháp?,Paris
Rise of Kingdoms,Which of the following cities was the first to have an underground rapid transit system?,London
Rise of Kingdoms,Which of the following city buildings CAN be upgraded?,Trading Post
Rise of Kingdoms,Những tòa nhà thành phố nào sau đây CÓ THỂ được nâng cấp?,Trạm giao dịch
Rise of Kingdoms,Which of the following civilizations cannot buff their cavalry?,The Ottomans
Rise of Kingdoms,Which of the following civilizations give a 5% attack bonus to cavalry units?,Germany
Rise of Kingdoms,Nền văn minh nào sau đây thưởng 5% tấn công cho các đơn vị kỵ binh?,Nước Đức
Rise of Kingdoms,Which of the following civilizations gives a 20% healing speed bonus to hospitals?,France
Rise of Kingdoms,Nền văn minh nào sau đây tặng thêm 20% tốc độ chữa bệnh cho các bệnh viện?,Pháp
Rise of Kingdoms,Which of the following civilizations increases the damage of active commander skills by 5%?,Ottomans
Rise of Kingdoms,Which of the following civilizations provides a building speed boost?,China
Rise of Kingdoms,Nền văn minh nào sau đây giúp tăng tốc độ xây dựng?,Trung Quốc
Rise of Kingdoms,Which of the following commanders excels at attacking enemy cities?,Julius Caesar
Rise of Kingdoms,Which of the following commanders excels at gathering resources?,Cleopatra VII
Rise of Kingdoms,Which of the following commanders excels at leading archers?,Yi Seong-Gye
Rise of Kingdoms,Which of the following commanders excels at leading cavalry?,Minamoto no Yoshitsune
Rise of Kingdoms,Which of the following commanders excels at leading infantry?,Richard I
Rise of Kingdoms,Which of the following commanders in RoK was the only ruler in history to defeat Cyrus the Great in a major battle?,Tomyris
Rise of Kingdoms,Vị chỉ huy nào sau đây của Hàn Quốc là người cai trị duy nhất trong lịch sử đánh bại Cyrus Đại đế trong một trận đánh lớn?,Tomyris
Rise of Kingdoms,Which of the following commanders joined a rebellion against her own husband?,Constance
Rise of Kingdoms,"Which of the following commanders was effectively the ruler of their kingdom, but never officially the head of state?",Charles Martel
Rise of Kingdoms,Which of the following commanders was part of the Battle of Red Cliffs?,Cao Cao
Rise of Kingdoms,Vị chỉ huy nào sau đây từng tham gia Trận Xích Thạch?,Cao Cao
Rise of Kingdoms,Which of the following commanders was part of the Hundred Years’ War?,Joan of Arc
Rise of Kingdoms,Người chỉ huy nào sau đây là một phần của Chiến tranh Trăm năm?,Joan xứ Arc
Rise of Kingdoms,Which of the following commanders’ sculptures cannot be donated to the “Past Glory” event after the Lost Kingdom has been opened?,Æthelflæd
Rise of Kingdoms,Tác phẩm điêu khắc nào của các chỉ huy sau đây không thể được tặng cho sự kiện “Past Glory” sau khi Lost Kingdom được mở cửa?,Cục máu đông
Rise of Kingdoms,Which of the following constellations is shaped like a crown?,Corona Borealis
Rise of Kingdoms,Chòm sao nào sau đây có hình dạng giống vương miện?,Corona Borealis
Rise of Kingdoms,Which of the following countries is located entirely in the Northern Hemisphere?,None of these answers are correct
Rise of Kingdoms,Which of the following countries or regions is NOT part of Northern Europe?,Argentina
Rise of Kingdoms,Quốc gia hoặc khu vực nào sau đây KHÔNG thuộc Bắc Âu?,Argentina
Rise of Kingdoms,Which of the following deities were NOT meant to be given offerings at the Abu Simbel Temples?,Anubis
Rise of Kingdoms,Vị thần nào sau đây KHÔNG được dâng lễ vật tại Đền thờ Abu Simbel?,Anubis
Rise of Kingdoms,Which of the following describes a monotheist?,Someone who warships 1 god
Rise of Kingdoms,Which of the following descriptions of microscopes is false?,They can be used to observe stars
Rise of Kingdoms,Mô tả nào sau đây về kính hiển vi là sai?,Chúng có thể được sử dụng để quan sát các ngôi sao
Rise of Kingdoms,Which of the following did NOT occur during the Greco-Persian Wars?,The Battle of Agincourt
Rise of Kingdoms,"Which of the following doctors was the first to describe completely, and in detail, the systemic circulation and the function of the heart?",William Harvey
Rise of Kingdoms,Which of the following does not award Individual Credits?,Giving resources to allies
Rise of Kingdoms,Điều nào sau đây KHÔNG trao Tín dụng Cá nhân?,Tấn công người man rợ
Rise of Kingdoms,Which of the following does NOT give Commanders EXP?,Attacking other players
Rise of Kingdoms,Điều nào sau đây KHÔNG mang lại EXP cho Chỉ huy?,Tấn công người chơi khác
Rise of Kingdoms,Which of the following does NOT increase an Alliance’s member limit?,Appointing officers
Rise of Kingdoms,Điều nào sau đây KHÔNG làm tăng giới hạn thành viên của Liên minh?,Bổ nhiệm cán bộ
Rise of Kingdoms,Which of the following events took place in North America during the Roaring Twenties?,The “Weird Tales” magazine was first published
Rise of Kingdoms,Sự kiện nào sau đây diễn ra ở Bắc Mỹ trong những năm hai mươi bùng nổ?,Tạp chí “Chuyện lạ” được xuất bản lần đầu tiên
Rise of Kingdoms,Which of the following films was scored by the Japanese composer Ryuichi Sakamoto?,The Revenant
Rise of Kingdoms,Bộ phim nào sau đây được sáng tác bởi nhà soạn nhạc người Nhật Ryuichi Sakamoto?,Người báo thù
Rise of Kingdoms,Which of the following fish lures its prey through bioluminescence?,Anglerfish
Rise of Kingdoms,Loài cá nào sau đây thu hút con mồi bằng hiện tượng phát quang sinh học?,Cá câu cá
Rise of Kingdoms,Which of the following French Kings was known as the Sun King?,Louis XIV
Rise of Kingdoms,"Which of the following fruits, know as “wolf peach”, were erroneously thought to be poisonous?",Tomatoes
Rise of Kingdoms,Loại quả nào sau đây được gọi là “đào sói” bị nhầm tưởng là có độc?,Cà chua
Rise of Kingdoms,Which of the following historical figures never engaged in medical work?,Justinian
Rise of Kingdoms,Nhân vật lịch sử nào sau đây chưa từng làm nghề y?,Justinian
Rise of Kingdoms,Which of the following illnesses can be caused by a lack of Vitamin D?,Rickets
Rise of Kingdoms,Which of the following inventions did NOT come about during the first industrial Revolution?,The telephone
Rise of Kingdoms,Which of the following is a decorative building?,Stone Drum
Rise of Kingdoms,Which of the following is a fossil fuel formed from marine organisms that is often found in folded or tilted layers and used for heating and cooking?,Natural gas
Rise of Kingdoms,Which of the following is a liquid fossil fuel formed from marine organisms that is burned to obtain energy and used to manufacture plastics?,Oil
Rise of Kingdoms,Which of the following is a military building?,Scout Camp
Rise of Kingdoms,Which of the following is a name for sedimentary rock formed from decayed plant material in swampy areas?,Coal
Rise of Kingdoms,Tên nào sau đây là tên của đá trầm tích được hình thành từ vật liệu thực vật mục nát ở vùng đầm lầy?,Than
Rise of Kingdoms,Which of the following is a phase of The Mightiest Governor event?,Enemy Elimination
Rise of Kingdoms,Điều nào sau đây là một giai đoạn của sự kiện Thống đốc hùng mạnh nhất?,Loại bỏ kẻ thù
Rise of Kingdoms,Which of the following is an alternative energy source based on splitting heavy atoms into lighter ones to release energy?,Nuclear energy
Rise of Kingdoms,Which of the following is an economic building?,Alliance Center
Rise of Kingdoms,"Which of the following is an inexhaustible energy resource that relies on hot magma or hot, dry rocks below ground?",Geothermal energy
Rise of Kingdoms,Which of the following is another name for the “Black Death” that raged across the Europe during the Late Middle Ages?,Yersinia pestis
Rise of Kingdoms,Which of the following is considered a metallic resource?,Iron
Rise of Kingdoms,Which of the following is considered one of Confucius’ disciples?,Yan Hui
Rise of Kingdoms,Người nào sau đây được coi là đệ tử của Khổng Tử?,Yến Hội
Rise of Kingdoms,Which of the following is extinct?,The Steller’s Sea Cow
Rise of Kingdoms,Loài nào sau đây đã tuyệt chủng?,Bò biển Steller
Rise of Kingdoms,Which of the following is NOT a “cold weapon”?,Handgun
Rise of Kingdoms,Chất nào sau đây KHÔNG phải là “vũ khí lạnh”?,Súng ngắn
Rise of Kingdoms,Which of the following is NOT a “low country” of Europe?,The United Kingdom
Rise of Kingdoms,Nước nào sau đây KHÔNG phải là “nước vùng thấp” của châu Âu?,Vương quốc Anh
Rise of Kingdoms,Which of the following is NOT a ball game?,Fencing
Rise of Kingdoms,Trò chơi nào sau đây KHÔNG phải là trò chơi bóng?,Đấu kiếm
Rise of Kingdoms,Which of the following is NOT a Champions of Olympia map?,Treasure Hill
Rise of Kingdoms,Bản đồ nào sau đây KHÔNG phải là bản đồ Champions of Olympia?,Đồi kho báu
Rise of Kingdoms,Which of the following is not a characteristic of Renaissance art?,Flat/Two-dimensional
Rise of Kingdoms,Which of the following is NOT a component ingredient used to forge the Epic weapon “Golden Age”?,Animal Bone
Rise of Kingdoms,Thành phần nào sau đây KHÔNG phải là thành phần được sử dụng để rèn vũ khí Sử thi “Thời đại hoàng kim”?,Xương động vật
Rise of Kingdoms,Which of the following is NOT a King skill?,Relief
Rise of Kingdoms,Kỹ năng nào sau đây KHÔNG phải là kỹ năng của Vua?,Sự cứu tế
Rise of Kingdoms,Which of the following is not a natural resource?,Clothing
Rise of Kingdoms,Which of the following is NOT a prerequisite for the Military Technology Cartography?,Ballistics
Rise of Kingdoms,Điều nào sau đây KHÔNG phải là điều kiện tiên quyết cho Bản đồ công nghệ quân sự?,Đạn đạo
Rise of Kingdoms,Which of the following is not a reason why the Renaissance began in Italy?,The Black Plague did not hit Italy as a result of the Alps
Rise of Kingdoms,Điều nào sau đây không phải là lý do tại sao thời Phục hưng bắt đầu ở Ý?,Bệnh dịch hạch đen không tấn công Ý vì dãy Alps
Rise of Kingdoms,Which of the following is NOT a suit in poker?,Winds
Rise of Kingdoms,Which of the following is NOT a type of dance?,Sumo
Rise of Kingdoms,Loại hình nào sau đây KHÔNG phải là một loại hình khiêu vũ?,Sumo
Rise of Kingdoms,Which of the following is NOT an accurate description of the “Manila galleons”?,They were used for enemy reconnaissance
Rise of Kingdoms,Điều nào sau đây KHÔNG phải là mô tả chính xác về “các thuyền buồm Manila”?,Chúng được sử dụng để trinh sát kẻ thù
Rise of Kingdoms,Which of the following is NOT an accurate description of the ancient Kingdom of Kush?,It did not possess its own unique language and script
Rise of Kingdoms,Điều nào sau đây KHÔNG mô tả chính xác về Vương quốc Kush cổ đại?,Nó không có ngôn ngữ và chữ viết riêng
Rise of Kingdoms,Which of the following is not an objective of Greek mythology?,Provide a path for salvation
Rise of Kingdoms,Which of the following is NOT considered a single-celled organism?,Mites
Rise of Kingdoms,Sinh vật nào sau đây KHÔNG được coi là sinh vật đơn bào?,Mạt
Rise of Kingdoms,Which of the following is NOT one of Belisarius’ skills?,Thunderous Force
Rise of Kingdoms,Which of the following is NOT one of El Cid’s skills?,Chivalry
Rise of Kingdoms,Which of the following is NOT one of Hermann’s skills?,Irresistible
Rise of Kingdoms,Which of the following is NOT one of Julius Caesar’s skills?,Military Life
Rise of Kingdoms,Điều nào sau đây KHÔNG phải là một trong những kỹ năng của Julius Caesar?,Cuộc sống quân sự
Rise of Kingdoms,Which of the following is NOT one of Keira’s skills?,Unruly Blood
Rise of Kingdoms,Which of the following is NOT one of Lohar’s skills?,Utter Annihilation
Rise of Kingdoms,Which of the following is NOT one of Matilda of Flanders’ skills?,Celtic Blood
Rise of Kingdoms,Which of the following is NOT one of Mulan’s skills?,Indomitable Army
Rise of Kingdoms,Which of the following is NOT one of Osman I’s skills,Oblique Tactics
Rise of Kingdoms,Which of the following is NOT one of Pelagius’ passive skills?,Charge
Rise of Kingdoms,Which of the following is not one of the Fates of Greek mythology?,Urd
Rise of Kingdoms,Câu nào sau đây không phải là một trong những số phận trong thần thoại Hy Lạp?,Urd
Rise of Kingdoms,Which of the following is not one of the Fates of Norse mythology?,Karma
Rise of Kingdoms,Which of the following is NOT one of the major greenhouse gases in earth’s atmosphere?,Nitrogen
Rise of Kingdoms,Chất nào sau đây KHÔNG phải là một trong những loại khí nhà kính chính trong bầu khí quyển trái đất?,Nitơ
Rise of Kingdoms,Which of the following is NOT part of Mexico’s flag?,Camel
Rise of Kingdoms,Phần nào sau đây KHÔNG phải là một phần của lá cờ Mexico?,Con lạc đà
Rise of Kingdoms,Which of the following is the correct description for the stratosphere?,It is warm above and cold below
Rise of Kingdoms,Mô tả nào sau đây là đúng về tầng bình lưu?,Ở trên ấm và lạnh ở dưới
Rise of Kingdoms,Which of the following is the second largest river delta in Europe?,Danube Delta
Rise of Kingdoms,Đồng bằng sông nào sau đây là đồng bằng sông lớn thứ hai ở châu Âu?,Đồng bằng sông Danube
Rise of Kingdoms,Which of the following is the world’s first national park?,Yellowstone National Park
Rise of Kingdoms,Which of the following is the world’s largest island?,Greenland
Rise of Kingdoms,Which of the following is Zeus’ elder brother in Greek mythology?,Poseidon
Rise of Kingdoms,Nhân vật nào sau đây là anh trai của Zeus trong thần thoại Hy Lạp?,Poseidon
Rise of Kingdoms,Which of the following items can be used to upgrade a commander’s skills?,Commander Sculptures
Rise of Kingdoms,Vật phẩm nào sau đây có thể dùng để nâng cấp kỹ năng của người chỉ huy?,Tác phẩm điêu khắc chỉ huy
Rise of Kingdoms,Which of the following juice is contained in the classic cocktail “Bloody Mary”?,Tomato Juice
Rise of Kingdoms,Which of the following kingdom title descriptions is incorrect?,Dukes’ troops have increased attack
Rise of Kingdoms,Mô tả danh hiệu vương quốc nào sau đây là không chính xác?,Quân của Công tước đã tăng cường tấn công
Rise of Kingdoms,Which of the following laureates won a Nobel Prize in two different fields?,Marie Curie
Rise of Kingdoms,Người nào sau đây đã đoạt giải Nobel ở hai lĩnh vực khác nhau?,Marie Curie
Rise of Kingdoms,Which of the following managers has led his team to 13 English Premier League titles?,Alex Ferguson
Rise of Kingdoms,Nhà quản lý nào sau đây đã dẫn dắt đội bóng của mình giành được 13 chức vô địch Ngoại hạng Anh?,Alex Ferguson
Rise of Kingdoms,Which of the following marine species has existed the longest?,Nautilus
Rise of Kingdoms,Which of the following mountains is under 8000 meters tall?,Chomo Lonzo
Rise of Kingdoms,Ngọn núi nào sau đây có độ cao dưới 8000 mét?,Chomo Lonzo
Rise of Kingdoms,Which of the following musical instruments has six strings?,Guitar
Rise of Kingdoms,Nhạc cụ nào sau đây có 6 dây?,Đàn ghi-ta
Rise of Kingdoms,Which of the following nations is the closest to the North Pole?,Finland
Rise of Kingdoms,Which of the following organs is part of the human respiratory system?,Lungs
Rise of Kingdoms,Cơ quan nào sau đây thuộc hệ hô hấp của con người?,Phổi
Rise of Kingdoms,Which of the following penalties may be applied in response to the use of third-party software?,Battle restrictions
Rise of Kingdoms,Hình phạt nào sau đây có thể được áp dụng để đáp lại việc sử dụng phần mềm của bên thứ ba?,Hạn chế chiến đấu
Rise of Kingdoms,"Which of the following physicists was born on the death anniversary of Galileo Galilei, and died on the birth anniversary of Albert Einstein?",Stephen Hawking
Rise of Kingdoms,Which of the following plants has been disputed as a fruit or vegetable?,Tomato
Rise of Kingdoms,Loại cây nào sau đây bị tranh chấp là trái cây hoặc rau quả?,Cà chua
Rise of Kingdoms,Which of the following plants is visible in Mulan and Cao Cao’s background image on the commander screen?,Bamboo
Rise of Kingdoms,Cây nào sau đây xuất hiện trong ảnh nền của Mulan và Tào Tháo trên màn hình chỉ huy?,Cây tre
Rise of Kingdoms,Which of the following regions is the primary habitat of polar bears?,Arctic Circle
Rise of Kingdoms,Khu vực nào sau đây là môi trường sống chính của gấu Bắc Cực?,Vòng Bắc Cực
Rise of Kingdoms,Which of the following resources cannot be found in your jeans?,Lead
Rise of Kingdoms,Which of the following rewards CANNOT be obtained from a Barbarian Keep in Rise of Kingdoms?,Commander Sculptures
Rise of Kingdoms,Phần thưởng nào sau đây KHÔNG THỂ nhận được từ Barbarian Keep trong Rise of Kingdoms?,Tác phẩm điêu khắc chỉ huy
Rise of Kingdoms,Which of the following rulers was a member of the Varangian Guard?,Harald Hardrada
Rise of Kingdoms,Người cai trị nào sau đây là thành viên của Đội cận vệ Varangian?,Harald Hardrada
Rise of Kingdoms,Which of the following serves as the national flower of the Philippines?,Sampaguita
Rise of Kingdoms,Which of the following Shakespeare plays is a romantic comedy written some time between 1590 and 1596?,A Midsummer Night’s Dream
Rise of Kingdoms,Vở kịch nào sau đây của Shakespeare là một vở hài kịch lãng mạn được viết vào khoảng thời gian từ 1590 đến 1596?,Giấc mộng đêm hè
Rise of Kingdoms,Which of the following soccer clubs is NOT based in London?,Everton
Rise of Kingdoms,Câu lạc bộ bóng đá nào sau đây KHÔNG có trụ sở tại Luân Đôn?,Everton
Rise of Kingdoms,Which of the following speeches was made by the Prussian prime Minister Otto von Bismarck in September of 1862?,Blood and Iron
Rise of Kingdoms,Which of the following Speedups are NOT available in Rise of Kingdoms?,6-Hour Speedup
Rise of Kingdoms,Tính năng tăng tốc nào sau đây KHÔNG có trong Rise of Kingdoms?,Tăng tốc 6 giờ
Rise of Kingdoms,Which of the following statements about the Battle of Baideng is untrue?,It was a battle between the Tang dynasty and the Xiongnu
Rise of Kingdoms,Câu nào sau đây về trận Bạch Đằng là sai sự thật?,Đó là trận chiến giữa nhà Đường và Hung Nô
Rise of Kingdoms,Which of the following statements about the tango is FALSE?,It was created in the 15th century
Rise of Kingdoms,Câu nào sau đây về tango là SAI?,Nó được tạo ra vào thế kỷ 15
Rise of Kingdoms,Which of the following stories is not one of Grimms’ Fairy Tales?,The Little Mermaid
Rise of Kingdoms,Which of the following stories not included in “One Thousand and One Nights”?,Layla and Majnun
Rise of Kingdoms,Câu chuyện nào sau đây không có trong “Nghìn lẻ một đêm”?,Layla và Majnun
Rise of Kingdoms,Which of the following straits is located between Eurasia and North America?,The Bering Strait
Rise of Kingdoms,Eo biển nào sau đây nằm giữa Âu Á và Bắc Mỹ?,Eo biển Bering
Rise of Kingdoms,Which of the following technologies precedes “Horsemanship”?,Military Discipline
Rise of Kingdoms,Which of the following trees is commonly found in boreal ecosystems?,Spruce
Rise of Kingdoms,Cây nào sau đây thường thấy ở hệ sinh thái phương bắc?,Vân sam
Rise of Kingdoms,Which of the following types of bonuses do NOT take effect in Ark of Osiris?,Rune buffs
Rise of Kingdoms,Loại phần thưởng nào sau đây KHÔNG có hiệu lực trong Ark of Osiris?,Người yêu thích rune
Rise of Kingdoms,Which of the following vitamins is most helpful for maintaining good vision?,Vitamin A
Rise of Kingdoms,Which of the following was a general during Japan’s Genpei War?,Tomoe Gozen
Rise of Kingdoms,Which of the following was a Knight of the Round Table?,Lancelot
Rise of Kingdoms,Which of the following was a Renaissance intellectual movement in which thinkers studied classical texts and focused on human potential and achievements?,Humanism
Rise of Kingdoms,Which of the following was also known as the Eastern Roman Empire?,The Byzantine Empire
Rise of Kingdoms,Which of the following was an enemy of Richard the Lionheart?,Saladin
Rise of Kingdoms,Which of the following was built at the order of Shah Jahan in the memory of his wife Mumtaz Mahal?,The Taj Mahal
Rise of Kingdoms,Which of the following was not a pillar of the Renaissance?,Mannerism
Rise of Kingdoms,"Which of the following was NOT essential for a Vizier, the Pharaoh’s most senior civil servant, in ancient Egypt?",To have royal blood
Rise of Kingdoms,"Điều nào sau đây KHÔNG cần thiết đối với Vizier, công chức cao cấp nhất của Pharaoh ở Ai Cập cổ đại?",Mang dòng máu hoàng gia
Rise of Kingdoms,"Which of the following was NOT included in the first Summer Olympics, held in Athens in 1896?",Basketball
Rise of Kingdoms,Nội dung nào sau đây KHÔNG có trong Thế vận hội Mùa hè đầu tiên được tổ chức tại Athens năm 1896?,Bóng rổ
Rise of Kingdoms,Which of the following was praised by his countrymen as Ancient Greece’s best and most honest democratic representatives?,Pericles
Rise of Kingdoms,Which of the following was the highest-ranked medal in the Korean Empire?,Order of the Gold Cheok
Rise of Kingdoms,Huân chương nào sau đây là huy chương cao cấp nhất của Đế quốc Hàn Quốc?,Huân chương Cheok vàng
Rise of Kingdoms,Which of the following was written by Mary Shelley?,Frankenstein
Rise of Kingdoms,Which of the following were born in the same year as singer Luciano Pavarotti?,Elvis Presley
Rise of Kingdoms,Which of the following will NOT prevent you from entering an Ark of Osiris Battlefield?,Activating an Attack Enhancement
Rise of Kingdoms,Điều nào sau đây KHÔNG ngăn cản bạn vào Chiến trường Ark of Osiris?,Kích hoạt tăng cường tấn công
Rise of Kingdoms,"Which of the following works is based on the Battle of Roncevaux Pass, fought by Charlemagne and his knights?",“The Song of Roland”
Rise of Kingdoms,Which of the following works was NOT written by the musical maestro Andrew Lloyd Webber?,Les Misérables
Rise of Kingdoms,Tác phẩm nào sau đây KHÔNG được viết bởi nhạc trưởng Andrew Lloyd Webber?,Les Misérables
Rise of Kingdoms,Which of the following works was written by the French playwright Pierre Corneille?,Le Cid
Rise of Kingdoms,Which of the following works was written by Victor Hugo?,The Hunchback of Notre-Dame
Rise of Kingdoms,Tác phẩm nào sau đây của Victor Hugo?,Thằng gù nhà thờ Đức Bà
Rise of Kingdoms,"Which of the scientific bird names was also used to commemorate the wife of Napoleon III, the Empress of France, Eugénie de Montijo?",The white-headed fruit dove
Rise of Kingdoms,Which of the seven wonders of the world were created to cure the new Queen of Babylon’s homesickness?,The Hanging Gardens
Rise of Kingdoms,Kỳ quan nào trong bảy kỳ quan thế giới được tạo ra để chữa khỏi nỗi nhớ nhà của Nữ hoàng Babylon mới?,Vườn treo
Rise of Kingdoms,"Which of these achievements is earned from healing 100,000 injured troops in the hospital?",Rebuilding
Rise of Kingdoms,Thành tựu nào sau đây có được từ việc chữa lành 100.000 quân bị thương trong bệnh viện?,Xây dựng lại
Rise of Kingdoms,"Which of these actions can be performed by alliance leaders and titled officers, but NOT non-titled officers?",Sign up for Ark of Osiris
Rise of Kingdoms,"Hành động nào trong số những hành động này có thể được thực hiện bởi các nhà lãnh đạo liên minh và các sĩ quan có chức danh, nhưng KHÔNG phải là các sĩ quan không có chức danh?",Đăng ký Ark of Osiris
Rise of Kingdoms,Which of these active skills belongs to Charles Martel?,Immortal Shield
Rise of Kingdoms,Which of these airports has runways on a beach?,Barra Airport
Rise of Kingdoms,Sân bay nào sau đây có đường băng trên bãi biển?,Sân bay Barra
Rise of Kingdoms,Which of these alliance officers bestows a Research Speed boost?,Counselor
Rise of Kingdoms,Which of these Alliance Skills increases damage versus barbarians and other neutral units?,Unbridled Progress
Rise of Kingdoms,Kỹ năng Liên minh nào sau đây giúp tăng sát thương đối với quân man rợ và các đơn vị trung lập khác?,Tiến độ không giới hạn
Rise of Kingdoms,Which of these Alliance Skills will boost your resource gathering speed?,Fully Loaded
Rise of Kingdoms,Kỹ năng Liên minh nào sau đây sẽ tăng tốc độ thu thập tài nguyên của bạn?,Đã tải đầy đủ
Rise of Kingdoms,Which of these ancient Greek dramatists is regarded as “the father of tragedy”?,Aeschylus
Rise of Kingdoms,Nhà viết kịch Hy Lạp cổ đại nào được coi là “cha đẻ của bi kịch”?,Aeschylus
Rise of Kingdoms,Which of these ancient Greek philosophers did NOT participate in the discussion on justice in Plato’s Republic?,Protagoras
Rise of Kingdoms,Nhà triết học Hy Lạp cổ đại nào KHÔNG tham gia vào cuộc thảo luận về công lý trong Cộng hòa của Plato?,Nhân vật chính
Rise of Kingdoms,Which of these ancient Greek writers is regard as “the father of comedy”?,Aristophanes
Rise of Kingdoms,Nhà văn Hy Lạp cổ đại nào được coi là “cha đẻ của hài kịch”?,Aristophanes
Rise of Kingdoms,Which of these animated movies was NOT directed by Hayao Miyazaki?,Paprika
Rise of Kingdoms,Bộ phim hoạt hình nào sau đây KHÔNG do Hayao Miyazaki đạo diễn?,Ớt bột
Rise of Kingdoms,Which of these are invertebrates?,Coral
Rise of Kingdoms,Những loài nào sau đây là động vật không xương sống?,San hô
Rise of Kingdoms,Which of these areas contains a waterwheel?,Alliance Cropland
Rise of Kingdoms,Khu vực nào sau đây có bánh xe nước?,Liên minh đất trồng trọt
Rise of Kingdoms,Which of these artists was NOT a Baroque painter?,Vincent van Gogh
Rise of Kingdoms,Nghệ sĩ nào trong số này KHÔNG phải là họa sĩ Baroque?,Vincent van Gogh
Rise of Kingdoms,Which of these Avatar Frames are available for purchase?,Rose Petals
Rise of Kingdoms,Bạn có thể mua những Khung Avatar nào sau đây?,Cánh hoa hồng
Rise of Kingdoms,Which of these Avatar Frames can be obtained from the Ceroli Crisis event?,Undersea Kingdom
Rise of Kingdoms,Khung Avatar nào có thể nhận được từ sự kiện Khủng hoảng Ceroli?,Vương quốc dưới đáy biển
Rise of Kingdoms,Which of these Blessings immediately inflicts a 10% loss of troop power on your enemy at the start of battle in the “Golden Kingdom” event?,Anchor
Rise of Kingdoms,Phước lành nào trong số này ngay lập tức khiến kẻ thù của bạn mất 10% sức mạnh quân khi bắt đầu trận chiến trong sự kiện “Vương quốc vàng”?,Neo
Rise of Kingdoms,Which of these books was not written by the Greek philosopher Aristotle?,Republic
Rise of Kingdoms,Cuốn sách nào sau đây không phải do triết gia Hy Lạp Aristotle viết?,Cộng hòa
Rise of Kingdoms,Which of these boosts work in Expeditions in Rise of Kingdoms?,All of them
Rise of Kingdoms,Những tính năng tăng cường nào sau đây có tác dụng trong Expeditions trong Rise of Kingdoms?,Tất cả bọn họ
Rise of Kingdoms,Which of these boosts work in Sunset Canyon?,VIP Level troop capacity
Rise of Kingdoms,Những tăng cường nào trong số này hoạt động ở Sunset Canyon?,Sức chứa quân cấp VIP
Rise of Kingdoms,Which of these buildings is NOT one of the New Seven Wonders of the World?,The Palace of Versailles
Rise of Kingdoms,Which of these Byzantine emperors ruled alongside four other emperors at various times only later to be declared Rome’s sole emperor after 63 years in power?,Constantine VIII
Rise of Kingdoms,Hoàng đế Byzantine nào trong số này đã cai trị cùng với bốn hoàng đế khác vào nhiều thời điểm khác nhau và chỉ sau đó được tuyên bố là hoàng đế duy nhất của La Mã sau 63 năm nắm quyền?,Constantine VIII
Rise of Kingdoms,Which of these Ceroli Chieftains is also called Stormbringer?,Torgny
Rise of Kingdoms,Thủ lĩnh Ceroli nào trong số này còn được gọi là Stormbringer?,Quảng trường
Rise of Kingdoms,Which of these Ceroli Chieftains is also called the Disaster Bringer?,Dekar
Rise of Kingdoms,Ai trong số các Thủ lĩnh Ceroli này còn được gọi là Kẻ gây ra thảm họa?,Mẫu Anh
Rise of Kingdoms,Which of these characters is from “Twenty Thousand Leagues Under the Seas”?,Captain Nemo
Rise of Kingdoms,Nhân vật nào trong phim “Hai vạn dặm dưới đáy biển”?,Thuyền trưởng Nê-mô
Rise of Kingdoms,"Which of these Chinese ethnic groups is known for drinking kumis, a drink made from fermented mare’s milk?",Mongols
Rise of Kingdoms,"Dân tộc nào trong số những dân tộc Trung Quốc này nổi tiếng với việc uống kumis, một loại đồ uống làm từ sữa ngựa lên men?",Người Mông Cổ
Rise of Kingdoms,Which of these circumstances would prevent you from changing civilization?,Ongoing troop training in your city
Rise of Kingdoms,Hoàn cảnh nào trong số này sẽ ngăn cản bạn thay đổi nền văn minh?,Huấn luyện quân đội liên tục trong thành phố của bạn
Rise of Kingdoms,Which of these cities hosted the Olympics in 1900?,Paris
Rise of Kingdoms,Which of these cities in Brazil has hosted the Olympic Games?,Rio de Janeiro
Rise of Kingdoms,Which of these cities is located in South America?,Buenos Aires
Rise of Kingdoms,Thành phố nào trong số này nằm ở Nam Mỹ?,Buenos Aires
Rise of Kingdoms,Which of these cities is NOT in Asia?,Melbourne
Rise of Kingdoms,Thành phố nào sau đây KHÔNG ở Châu Á?,Melbourne
Rise of Kingdoms,Which of these city themes feature balloons?,Harvest Cottage
Rise of Kingdoms,Chủ đề thành phố nào sau đây có bóng bay?,Nhà thu hoạch
Rise of Kingdoms,Which of these City Themes offers a special attributes bonus of +5% to Cavalry Attack and -5% to Archer Health?,Sower’s Song
Rise of Kingdoms,Chủ đề Thành phố nào trong số này cung cấp phần thưởng thuộc tính đặc biệt là 5% cho Cuộc tấn công của Kỵ binh và -5% cho Sức khỏe của Cung thủ?,Bài hát của người gieo giống
Rise of Kingdoms,Which of these civilizations can increase Archer Defense?,Korea
Rise of Kingdoms,Nền văn minh nào sau đây có thể tăng khả năng phòng thủ của Archer?,Hàn Quốc
Rise of Kingdoms,Which of these civilizations can increase their healing speed?,France
Rise of Kingdoms,Nền văn minh nào sau đây có thể tăng tốc độ chữa bệnh?,Pháp
Rise of Kingdoms,Which of these civilizations can increase their Hospital Capacity?,Byzantium
Rise of Kingdoms,Nền văn minh nào sau đây có thể tăng công suất bệnh viện của họ?,Byzantium
Rise of Kingdoms,Which of these commanders carries a bow and arrows as well as a sword?,Æthelflæd
Rise of Kingdoms,Ai trong số những người chỉ huy này mang theo cung tên cũng như kiếm?,Cục máu đông
Rise of Kingdoms,Which of these commanders does NOT carry a shield?,Charlemagne
Rise of Kingdoms,Người chỉ huy nào KHÔNG mang khiên?,Charlemagne
Rise of Kingdoms,Which of these commanders does NOT carry a sword?,Theodora
Rise of Kingdoms,Người chỉ huy nào KHÔNG mang theo kiếm?,Theodora
Rise of Kingdoms,Which of these commanders features snowflakes in their background image?,Björn Ironside
Rise of Kingdoms,Người chỉ huy nào trong số này có hình bông tuyết trong hình nền của họ?,Bjorn Ironside
Rise of Kingdoms,Which of these Commanders gets the ability to convert some slain units into severely wounded units when attacking a city?,Charlemagne
Rise of Kingdoms,Which of these commanders has also been called a “Holy Overlord”?,El Cid
Rise of Kingdoms,Ai trong số những vị chỉ huy này còn được gọi là “Chúa tể thánh”?,El Cid
Rise of Kingdoms,Which of these commanders has an Attack branch on their Talent tree?,Centurion
Rise of Kingdoms,Chỉ huy nào trong số này có nhánh Tấn công trên cây Tài năng của họ?,Đội trưởng
Rise of Kingdoms,Which of these commanders has NO whiskers or other facial hair?,Alexander the Great
Rise of Kingdoms,Người chỉ huy nào KHÔNG có râu hoặc lông mặt khác?,Alexander Đại đế
Rise of Kingdoms,Which of these commanders has the Enchantment active skill?,Šárka
Rise of Kingdoms,Ai trong số những chỉ huy này có kỹ năng kích hoạt Bùa mê?,Šárka
Rise of Kingdoms,Which of these commanders is bald?,Ragnar Lodbrok
Rise of Kingdoms,Ai trong số những người chỉ huy này bị hói?,Ragnar Lodbrok
Rise of Kingdoms,Which of these commanders is NOT shown wearing a cloak?,Mehmed II
Rise of Kingdoms,Người chỉ huy nào KHÔNG mặc áo choàng?,Mehmed II
Rise of Kingdoms,Which of these commanders is often described as having survived 57 engagements without a single defeat?,Honda Tadakatsu
Rise of Kingdoms,Người chỉ huy nào trong số này thường được mô tả là đã sống sót sau 57 trận giao tranh mà không có một thất bại nào?,Honda Tadakatsu
Rise of Kingdoms,Which of these commanders wears a ring on their hand?,Queen Tamar of Georgia
Rise of Kingdoms,Ai trong số những người chỉ huy này đeo nhẫn trên tay?,Nữ hoàng Tamar của Georgia
Rise of Kingdoms,Which of these commanders will gain a bonus from the Museum Relic “Twin Dragons Inscription”?,Yi Seong-Gye
Rise of Kingdoms,Chỉ huy nào trong số này sẽ nhận được phần thưởng từ Di tích Bảo tàng “Dòng chữ Rồng đôi”?,Yi Seong Gye
Rise of Kingdoms,Which of these commanders’ Expertise Skill is the enhanced version of an existing skill?,Björn Ironside
Rise of Kingdoms,Kỹ năng Chuyên môn nào của người chỉ huy này là phiên bản nâng cao của một kỹ năng hiện có?,Bjorn Ironside
Rise of Kingdoms,Which of these commanders’ sculptures can be obtained from opening a chest in the Tavern in Rise of Kingdoms?,Charles Martel
Rise of Kingdoms,Những tác phẩm điêu khắc nào của các chỉ huy này có thể nhận được bằng cách mở rương trong Quán rượu trong Rise of Kingdoms?,Charles Martel
Rise of Kingdoms,Which of these consonants is trilled when pronounced in Italian?,r
Rise of Kingdoms,Phụ âm nào sau đây được rung khi phát âm bằng tiếng Ý?,r
Rise of Kingdoms,Which of these countries did NOT participate in the Northern Seven Years’ War (1563-1570)?,The United Kingdom
Rise of Kingdoms,Which of these countries does the Prime Meridian pass through?,Mali
Rise of Kingdoms,Which of these countries has had the most influence on the development of Cuban food?,Spain
Rise of Kingdoms,Quốc gia nào trong số này có ảnh hưởng lớn nhất đến sự phát triển của thực phẩm Cuba?,Tây ban nha
Rise of Kingdoms,Which of these countries was NOT a founding member of NATO (in 1949)?,Turkey
Rise of Kingdoms,Which of these creatures was also popularly used as a kind of personal protective talisman in ancient Egypt?,Scarabs
Rise of Kingdoms,Sinh vật nào trong số này cũng được sử dụng phổ biến như một loại bùa bảo vệ cá nhân ở Ai Cập cổ đại?,Bọ hung
Rise of Kingdoms,Which of these decorations does NOT cost Gems?,Sakura Tree
Rise of Kingdoms,Đồ trang trí nào KHÔNG tốn Đá quý?,Cây hoa anh đào
Rise of Kingdoms,Which of these decorative buildings is also considered an omen of good luck in Chinese culture?,Chinese Dragon
Rise of Kingdoms,Công trình trang trí nào sau đây cũng được coi là điềm báo may mắn trong văn hóa Trung Hoa?,Rồng Trung Quốc
Rise of Kingdoms,Which of these effects is NOT caused by Æthelflæd’s skills?,Healing slightly wounded units
Rise of Kingdoms,Hiệu ứng nào KHÔNG phải do kỹ năng của Æthelflæd gây ra?,Chữa lành các đơn vị bị thương nhẹ
Rise of Kingdoms,Which of these events is NOT part of the Olympic Games?,Car racing
Rise of Kingdoms,Sự kiện nào sau đây KHÔNG phải là một phần của Thế vận hội Olympic?,Đua xe
Rise of Kingdoms,Which of these female commanders has been described as “The Georgian Will”?,Queen Tamar of Georgia
Rise of Kingdoms,Nữ chỉ huy nào trong số này được mệnh danh là “Ý chí Gruzia”?,Nữ hoàng Tamar của Georgia
Rise of Kingdoms,Which of these female commanders has flowers in their hair?,Boudica
Rise of Kingdoms,Nữ chỉ huy nào cài hoa trên tóc?,Boudica
Rise of Kingdoms,Which of these fields is NOT included in the list of Nobel Prizes?,Mathematics
Rise of Kingdoms,Lĩnh vực nào sau đây KHÔNG được đưa vào danh sách giải thưởng Nobel?,Toán học
Rise of Kingdoms,"Which of these figures of the Seleucid Empire was taken hostage by Rome, subsequently fled Rome, and then returned to seize the throne of their home country?",Demetrius I
Rise of Kingdoms,"Nhân vật nào trong số những nhân vật này của Đế chế Seleucid đã bị La Mã bắt làm con tin, sau đó trốn khỏi La Mã và sau đó quay trở lại để chiếm lấy ngai vàng của quê hương mình?",Demetrius I
Rise of Kingdoms,Which of these films was NOT directed by Peter Weir?,Detachment
Rise of Kingdoms,Bộ phim nào KHÔNG do Peter Weir đạo diễn?,Biệt đội
Rise of Kingdoms,Which of these foods could the Eastern Han statesman Cao Cao not have eaten?,Corn
Rise of Kingdoms,Chính khách Đông Hán Tào Tháo không thể ăn món nào sau đây?,Ngô
Rise of Kingdoms,Which of these fruits appears in the background image for the Commander Imhotep?,Banana
Rise of Kingdoms,Loại trái cây nào xuất hiện trong hình nền của Chỉ huy Imhotep?,Chuối
Rise of Kingdoms,Which of these gods of ancient Egypt was also a symbol of royal authority?,Horus
Rise of Kingdoms,Vị thần nào trong số những vị thần của Ai Cập cổ đại cũng là biểu tượng của quyền lực hoàng gia?,Horus
Rise of Kingdoms,Which of these historical figures was NOT a botanist?,Dmitry Mendeleev
Rise of Kingdoms,Nhân vật lịch sử nào KHÔNG phải là nhà thực vật học?,Dmitry Mendeleev
Rise of Kingdoms,Which of these holy sites grants a march speed bonus?,Sanctum of Wind
Rise of Kingdoms,Thánh địa nào trong số này cấp phần thưởng tốc độ hành quân?,Thánh địa gió
Rise of Kingdoms,Which of these ingredients is used to brew soy sauce?,Soybeans
Rise of Kingdoms,Nguyên liệu nào sau đây được dùng để nấu nước tương?,Đậu nành
Rise of Kingdoms,Which of these is a line of Tomoe Gozen?,My power scares even the ghosts.
Rise of Kingdoms,Dòng nào trong số này là dòng của Tomoe Gozen?,Sức mạnh của tôi có thể khiến cả những bóng ma sợ hãi.
Rise of Kingdoms,Which of these is a passive skill of Commander Thutmose III?,Conquest of Mitanni
Rise of Kingdoms,Đây là kỹ năng bị động của Chỉ huy Thutmose III?,Cuộc chinh phục Mitanni
Rise of Kingdoms,Which of these is an incorrect description of the “Battle of Poitiers”?,The campaign took place during World War I
Rise of Kingdoms,Which of these is an incorrect description of the “Mare Imbrium” on the moon?,It contains a certain amount of sedimentary water
Rise of Kingdoms,Which of these is an incorrect description of wind energy?,It is not a form of renewable energy
Rise of Kingdoms,Điều nào sau đây là mô tả sai về năng lượng gió?,Nó không phải là một dạng năng lượng tái tạo
Rise of Kingdoms,Which of these is considered to be the seminal work of the French playwright Molière?,Tartuffe
Rise of Kingdoms,Which of these is found in the alliance Golden Chest?,"1,000 Individual Credits"
Rise of Kingdoms,Cái nào trong số này được tìm thấy trong Rương Vàng của liên minh?,1.000 Tín dụng Cá nhân
Rise of Kingdoms,Which of these is NOT a breakdown of alliance technology?,Military
Rise of Kingdoms,Điều nào trong số này KHÔNG phải là sự cố về công nghệ của liên minh?,Quân đội
Rise of Kingdoms,Which of these is NOT a mail report category?,Gathering
Rise of Kingdoms,Cái nào trong số này KHÔNG phải là danh mục báo cáo qua thư?,Tập hợp
Rise of Kingdoms,Which of these is NOT a passive skill of Commander Minamoto no Yoshitsune?,The Worthy Man
Rise of Kingdoms,Cái nào trong số này KHÔNG phải là kỹ năng bị động của Chỉ huy Minamoto no Yoshitsune?,Người đàn ông xứng đáng
Rise of Kingdoms,Which of these is not a skill of the Ceroli general Keira?,The Red Chameleon
Rise of Kingdoms,Kỹ năng nào sau đây không phải là kỹ năng của tướng Ceroli Keira?,Tắc kè hoa đỏ
Rise of Kingdoms,Which of these is NOT a type of Japanese wagyu,Ronguhon Wagyu
Rise of Kingdoms,Loại nào sau đây KHÔNG phải là loại wagyu Nhật Bản,Ronguhon Wagyu
Rise of Kingdoms,Which of these is NOT a typical stage of sewage treatment?,Discharge
Rise of Kingdoms,Điều nào sau đây KHÔNG phải là giai đoạn xử lý nước thải điển hình?,Phóng điện
Rise of Kingdoms,Which of these is NOT an Alliance Skill?,Rapid March
Rise of Kingdoms,Cái nào trong số này KHÔNG phải là Kỹ năng Liên minh?,Tháng Ba cấp tốc
Rise of Kingdoms,Which of these is not an ancient civilization of the Americas?,The Sumerians
Rise of Kingdoms,Which of these is not an official song of the 2022 World Cup?,Tatu Bom de Bola
Rise of Kingdoms,Bài hát nào sau đây không phải là bài hát chính thức của World Cup 2022?,Armadillo bóng tốt
Rise of Kingdoms,Which of these is NOT considered a Shakespearean tragedy?,Twelfth Night
Rise of Kingdoms,Điều nào trong số này KHÔNG được coi là một bi kịch của Shakespeare?,Đêm thứ mười hai
Rise of Kingdoms,Which of these is NOT considered one of the “Five Good Emperors” of the Nerva-Antonine dynasty of ancient Rome?,Commodus
Rise of Kingdoms,Which of these is NOT considered one of the 8 main styles of contemporary Chinese cooking?,Huaiyang Cuisine
Rise of Kingdoms,Phong cách nào sau đây KHÔNG được coi là một trong 8 phong cách nấu ăn chính của Trung Quốc đương đại?,Ẩm thực Hoài Dương
Rise of Kingdoms,Which of these is NOT one of Cao Cao’s skills?,Battle of Sorrow
Rise of Kingdoms,Cái nào KHÔNG phải là một trong những kỹ năng của Tào Tháo?,Trận chiến đau buồn
Rise of Kingdoms,Which of these is NOT one of the skills of Ceroli Chieftain Astrid?,Flametongue’s Kiss
Rise of Kingdoms,Kỹ năng nào sau đây KHÔNG phải là một trong những kỹ năng của Thủ lĩnh Ceroli Astrid?,Nụ hôn của Flametongue
Rise of Kingdoms,Which of these is not one of the Three Gorgon Sisters of Grecian myth?,Perga
Rise of Kingdoms,Ai trong số này không phải là một trong ba chị em Gorgon của thần thoại Hy Lạp?,Tiếp tục
Rise of Kingdoms,"Which of these is NOT one of the Winning Stratagems listed in the ancient Chinese military textbook, the “Thirty-Six Stratagems”?",The “empty fort” strategy
Rise of Kingdoms,"Cái nào trong số này KHÔNG phải là một trong những Mưu kế thắng được liệt kê trong sách giáo khoa quân sự cổ xưa của Trung Quốc, “Ba mươi sáu mưu kế”?",Chiến lược “pháo đài trống”
Rise of Kingdoms,Which of these is not part of the Holy Trinity in Christianity?,The Mother
Rise of Kingdoms,Điều nào trong số này không phải là một phần của Chúa Ba Ngôi trong Cơ đốc giáo?,Người mẹ
Rise of Kingdoms,Which of these is NOT Zeus’ child in Greek mythology?,Hera
Rise of Kingdoms,Cái nào trong số này KHÔNG phải là con của Zeus trong thần thoại Hy Lạp?,Hera
Rise of Kingdoms,Which of these is one of Diaochan’s Active Skills?,Dance of Chaos
Rise of Kingdoms,Cái nào trong số này là một trong những Kỹ năng chủ động của Diaochan?,Vũ điệu hỗn loạn
Rise of Kingdoms,Which of these is one of Minamoto no Yoshitsune’s “Active Skills”?,Kyohachiryu
Rise of Kingdoms,Cái nào trong số này là một trong những “Kỹ năng chủ động” của Minamoto no Yoshitsune?,Kyohachiryuu
Rise of Kingdoms,Which of these is one of the four fundamental elements of nature according to many ancient Greek philosophers?,Wind
Rise of Kingdoms,"Theo nhiều nhà triết học Hy Lạp cổ đại, yếu tố nào trong số này là một trong bốn yếu tố cơ bản của tự nhiên?",Gió
Rise of Kingdoms,Which of these is the most visited art museum in the world in recent years?,The Louvre
Rise of Kingdoms,Đâu là bảo tàng nghệ thuật được ghé thăm nhiều nhất trên thế giới trong những năm gần đây?,Bảo tàng Louvre
Rise of Kingdoms,Which of these is the National Flower of India?,Lotus
Rise of Kingdoms,Which of these is used to rally Alliance troops?,Castle
Rise of Kingdoms,Which of these is Yi Seong-Gye an expert in?,Garrisoning
Rise of Kingdoms,Yi Seong-Gye là chuyên gia về lĩnh vực nào trong số này?,Đồn trú
Rise of Kingdoms,Which of these islands is considered the birthplace of Minoan civilization?,Crete
Rise of Kingdoms,Hòn đảo nào trong số này được coi là nơi ra đời của nền văn minh Minoan?,Đảo Crete
Rise of Kingdoms,Which of these items can NOT be obtained by defeating barbarians?,VIP points
Rise of Kingdoms,Which of these items can NOT be purchased within the Mysterious Merchant’s Boutique?,Passport Page
Rise of Kingdoms,Which of these items CANNOT be obtained from a Tavern Equipment Chest?,60-Minute Training Speedup
Rise of Kingdoms,Vật phẩm nào KHÔNG THỂ lấy được từ Rương Thiết bị Quán rượu?,Tăng tốc luyện tập trong 60 phút
Rise of Kingdoms,Which of these items cannot be obtained from an Equipment Chest?,Tomes of Knowledge
Rise of Kingdoms,Vật phẩm nào sau đây không thể lấy được từ Rương Thiết bị?,Sách kiến ​​thức
Rise of Kingdoms,Which of these items CANNOT be obtained from the Alliance Stone Chest?,Silver Keys
Rise of Kingdoms,Vật phẩm nào KHÔNG THỂ lấy được từ Rương đá Liên minh?,Chìa khóa bạc
Rise of Kingdoms,Which of these items contains a helpful record on how an ancient Egyptian can pass into the next world after death?,The Book of the Dead
Rise of Kingdoms,Vật phẩm nào trong số này chứa đựng ghi chép hữu ích về cách người Ai Cập cổ đại có thể chuyển sang thế giới tiếp theo sau khi chết?,Cuốn sách của người chết
Rise of Kingdoms,Which of these items may be selected from the Lvl 3 “Pick One” Resource Chest?,"150,000 Food"
Rise of Kingdoms,Vật phẩm nào trong số này có thể được chọn từ Rương tài nguyên “Chọn một” cấp 3?,150.000 đồ ăn
Rise of Kingdoms,Which of these legendary phrases are NOT attributed to Commander El Cid?,For honor and empire!
Rise of Kingdoms,Cụm từ huyền thoại nào KHÔNG được cho là của Chỉ huy El Cid?,Vì danh dự và đế chế!
Rise of Kingdoms,Which of these managers has managed five World Cup teams?,Bora Milutinović
Rise of Kingdoms,Ai trong số những người quản lý này đã quản lý năm đội World Cup?,Bora Milutinović
Rise of Kingdoms,Which of these materials is used to forge gathering and peacekeeping equipment?,Animal Bone
Rise of Kingdoms,Vật liệu nào sau đây được sử dụng để rèn thiết bị thu thập và gìn giữ hòa bình?,Xương động vật
Rise of Kingdoms,Which of these modern-day countries is NOT located in the historical territory of the Maya civilization?,Dominican Republic
Rise of Kingdoms,Quốc gia nào trong số các quốc gia hiện đại này KHÔNG nằm trong lãnh thổ lịch sử của nền văn minh Maya?,Cộng hòa Dominica
Rise of Kingdoms,Which of these navigators was the first European to arrive in Brazil?,Pedro Álvares Cabral
Rise of Kingdoms,Which of these Nobel Prizes was awarded to Marie Curie in 1903?,The Nobel Prize in Physics
Rise of Kingdoms,Which of these novels is the first ever Japanese work of literary fiction founded on the legend of King Arthur?,Kairo-kō
Rise of Kingdoms,Cuốn tiểu thuyết nào sau đây là tác phẩm văn học viễn tưởng đầu tiên của Nhật Bản dựa trên truyền thuyết về Vua Arthur?,Cairo
Rise of Kingdoms,Which of these novels was NOT written by Margaret Atwood?,Flowers for Algernon
Rise of Kingdoms,Cuốn tiểu thuyết nào KHÔNG được viết bởi Margaret Atwood?,Hoa cho Algernon
Rise of Kingdoms,Which of these organizations has its headquarters in Geneva?,UN High Commissioner for Refugees
Rise of Kingdoms,Tổ chức nào trong số này có trụ sở chính tại Geneva?,Cao ủy Liên hợp quốc về người tị nạn
Rise of Kingdoms,Which of these people did not win a Nobel Prize in Physics in 2022?,Karl Barry Sharpless
Rise of Kingdoms,Ai trong số những người này không giành được giải Nobel Vật lý năm 2022?,Karl Barry sắc sảo
Rise of Kingdoms,Which of these philosophers was not an advocate of the Cynicism school of philosophy?,Socrates
Rise of Kingdoms,Nhà triết học nào trong số này không phải là người ủng hộ trường phái triết học Hoài nghi?,Socrates
Rise of Kingdoms,Which of these plants is NOT available as a decorative building?,Peach Tree
Rise of Kingdoms,Cây nào trong số này KHÔNG có sẵn để làm vật trang trí cho tòa nhà?,Cây đào
Rise of Kingdoms,Which of these plays was not written by the ancient Greek tragedian Euripides?,Antigone
Rise of Kingdoms,Vở kịch nào sau đây không được viết bởi nhà bi kịch Hy Lạp cổ đại Euripides?,Antigone
Rise of Kingdoms,Which of these Polish pianists also served as the Prime Minister of Poland?,Ignacy Jan Paderewski
Rise of Kingdoms,Nghệ sĩ piano người Ba Lan nào sau đây cũng từng giữ chức Thủ tướng Ba Lan?,Ignacy Jan Paderewski
Rise of Kingdoms,Which of these Renaissance-era artists was not from Italy?,Shakespeare
Rise of Kingdoms,Nghệ sĩ thời Phục hưng nào không đến từ Ý?,Shakespeare
Rise of Kingdoms,Which of these rewards will NOT be awarded to the first place season finisher in Sunset Canyon?,Dazzling Starlight Sculpture
Rise of Kingdoms,Phần thưởng nào sau đây sẽ KHÔNG được trao cho người về đích đầu tiên ở Sunset Canyon?,Điêu khắc ánh sao rực rỡ
Rise of Kingdoms,Which of these rivers flows through Africa?,The Nile
Rise of Kingdoms,Con sông nào sau đây chảy qua Châu Phi?,Sông Nile
Rise of Kingdoms,Which of these rivers is located in Asia?,The Euphrates
Rise of Kingdoms,Con sông nào sau đây nằm ở châu Á?,Sông Euphrates
Rise of Kingdoms,Which of these RoK commanders is from Ceroli?,Keira
Rise of Kingdoms,Chỉ huy Hàn Quốc nào đến từ Ceroli?,Keira
Rise of Kingdoms,Which of these sculptures was the work of the ancient Greek sculptor Pheidias?,Statue of Zeus at Olympia
Rise of Kingdoms,Tác phẩm điêu khắc nào trong số này là tác phẩm của nhà điêu khắc Hy Lạp cổ đại Pheidias?,Tượng thần Zeus ở Olympia
Rise of Kingdoms,Which of these skills belonging to Commander Sun Tzu is enhanced upon Awakening?,Art of War
Rise of Kingdoms,Kỹ năng nào trong số những kỹ năng này của Chỉ huy Tôn Tử được nâng cao khi Thức tỉnh?,Nghệ thuật chiến tranh
Rise of Kingdoms,Which of these species of shark is also known as the “Godzilla shark”?,Dracopristis hoffmanorum
Rise of Kingdoms,Loài cá mập nào sau đây còn được gọi là “cá mập Godzilla”?,Dracopriest Hoffmann
Rise of Kingdoms,Which of these stars did not take part in the 2022 World Cup opening ceremony?,Shakira
Rise of Kingdoms,Những ngôi sao nào không tham dự lễ khai mạc World Cup 2022?,Shakira
Rise of Kingdoms,Which of these structures allows scouts and City Defenders to better keep an eye on their surroundings?,Watchtower
Rise of Kingdoms,Cấu trúc nào trong số này cho phép trinh sát và Người bảo vệ thành phố để mắt đến môi trường xung quanh tốt hơn?,Tháp Canh
Rise of Kingdoms,Which of these technologies can be researched in the Academy to accelerate food gathering on the map?,Scythe
Rise of Kingdoms,Học viện có thể nghiên cứu công nghệ nào trong số này để tăng tốc độ thu thập lương thực trên bản đồ?,Lưỡi hái
Rise of Kingdoms,Which of these terms was also used by the ancient Egyptians to refer to themselves?,The cattle of Ra
Rise of Kingdoms,Thuật ngữ nào sau đây cũng được người Ai Cập cổ đại sử dụng để chỉ chính họ?,Gia súc của Ra
Rise of Kingdoms,Which of these terrain types exerts a slight penalty on troop Defense on the Treasure Hill map in “Champions of Olympia”?,Whirlwind
Rise of Kingdoms,Loại địa hình nào sau đây gây ảnh hưởng nhẹ đến Phòng thủ của quân trên bản đồ Đồi Kho Báu trong “Champions of Olympia”?,Cơn lốc
Rise of Kingdoms,Which of these two were created by Leonardo da Vinci?,"The Last Supper, Mona Lisa"
Rise of Kingdoms,Which of these unfortunate individuals was the only person ever recorded to suffer from both dwarfism and gigantism?,Adam Rainer
Rise of Kingdoms,Ai trong số những cá nhân bất hạnh này là người duy nhất từng được ghi nhận mắc cả chứng lùn và bệnh khổng lồ?,Adam Rainer
Rise of Kingdoms,Which of these was NOT a common type of garden in ancient Egypt?,Public gardens
Rise of Kingdoms,Loại vườn nào sau đây KHÔNG phải là loại vườn phổ biến ở Ai Cập cổ đại?,Vườn công cộng
Rise of Kingdoms,Which of these was NOT a Greek poet?,Adonis
Rise of Kingdoms,Ai trong số này KHÔNG phải là nhà thơ Hy Lạp?,Adonis
Rise of Kingdoms,Which of these was the only commander to defeat Cyrus the Great in battle?,Tomyris
Rise of Kingdoms,Ai trong số này là chỉ huy duy nhất đánh bại Cyrus Đại đế trong trận chiến?,Tomyris
Rise of Kingdoms,Which of these was the world’s first space station?,Salyut 1
Rise of Kingdoms,Trạm vũ trụ nào trong số này là trạm vũ trụ đầu tiên trên thế giới?,Salyut 1
Rise of Kingdoms,Which of these women is NOT considered one of the ‘Four Beauties’ of ancient China?,Bao Si
Rise of Kingdoms,Người phụ nữ nào trong số này KHÔNG được coi là một trong “Tứ đại mỹ nhân” của Trung Quốc cổ đại?,Bảo Sĩ
Rise of Kingdoms,Which of these works is not set during the Trojan War?,Antigone
Rise of Kingdoms,Tác phẩm nào trong số này không lấy bối cảnh trong Chiến tranh thành Troy?,Antigone
Rise of Kingdoms,Which of these works of Japanese Monogatari literature describes the legend of “Kaguya-hime”?,The Tale of The Bamboo Cutter
Rise of Kingdoms,Which of these works was NOT written by the philosopher Friedrich Nietzsche?,Commentaries on the Gallic War
Rise of Kingdoms,Tác phẩm nào KHÔNG được viết bởi triết gia Friedrich Nietzsche?,Bình luận về Chiến tranh Gallic
Rise of Kingdoms,Which of these WOULD NOT be a penalty for failing to fully extract all resources from a resource point?,Suffering a barbarian attack
Rise of Kingdoms,Điều nào trong số này KHÔNG phải là hình phạt nếu không trích xuất đầy đủ tất cả tài nguyên từ một điểm tài nguyên?,Chịu đựng sự tấn công man rợ
Rise of Kingdoms,Which of these writers is considered representative of absurdism?,Albert Camus
Rise of Kingdoms,Nhà văn nào trong số này được coi là đại diện của chủ nghĩa phi lý?,Albert Camus
Rise of Kingdoms,Which official measure made it a crime to give Martin Luther food or shelter?,Edict of Worms
Rise of Kingdoms,Biện pháp chính thức nào quy định việc cung cấp thức ăn hoặc chỗ ở cho Martin Luther là tội ác?,Sắc lệnh của sâu bọ
Rise of Kingdoms,Which organ of the potato plant do we commonly eat?,Stem
Rise of Kingdoms,Chúng ta thường ăn cơ quan nào của cây khoai tây?,Thân cây
Rise of Kingdoms,Which Paris Saint-Germain player plays Rise of Kingdoms?,Marquinhos
Rise of Kingdoms,Người chơi Paris Saint-Germain nào chơi Rise of Kingdoms?,Marquinhos
Rise of Kingdoms,"Which period of European history, lasting from 1300 to 1600, saw renewed interest in classical culture and led to far-reaching changes in art, learning, and views of the world?",The Renaissance
Rise of Kingdoms,Which Pharaoh constructed the Bent Pyramid?,Sneferu
Rise of Kingdoms,Pharaoh nào đã xây dựng Kim tự tháp Bent?,Sneferu
Rise of Kingdoms,Which Pharaoh issued the edict that appears on the Rosetta Stone?,Ptolemy V
Rise of Kingdoms,Pharaoh nào đã ban hành sắc lệnh ghi trên Đá Rosetta?,Ptolemy V
Rise of Kingdoms,Which Pharaoh ordered the construction of the Abu Simbel temples?,Ramesses II
Rise of Kingdoms,"Which philosopher said “whereof one cannot speak, thereof one must be silent”?",Wittgenstein
Rise of Kingdoms,Triết gia nào đã nói “việc gì không thể nói thì phải im lặng”?,Wittgenstein
Rise of Kingdoms,Which philosopher wrote “Utopia”?,Plato
Rise of Kingdoms,Which planet in our solar system is closest to the sun?,Mercury
Rise of Kingdoms,Hành tinh nào trong hệ mặt trời của chúng ta gần mặt trời nhất?,Thủy ngân
Rise of Kingdoms,Which planet in our solar system rotates the fastest?,Jupiter
Rise of Kingdoms,Which poet wrote “Germany. A Winter’s Tale”?,Heine
Rise of Kingdoms,"Nhà thơ nào đã viết bài “Nước Đức, câu chuyện mùa đông”?",Heine
Rise of Kingdoms,"Which poet wrote “Theogony”, which describes the origins and genealogy of the Greek gods?",Hesiod
Rise of Kingdoms,Nhà thơ nào đã viết cuốn “Theogony” mô tả nguồn gốc và phả hệ của các vị thần Hy Lạp?,Hesiod
Rise of Kingdoms,Which Portuguese explorer sailed from the Cape of Good Hope to India?,Vasco da Gama
Rise of Kingdoms,Which Portuguese explorer was the first European to sail to the southern tip of Africa?,Bartolomeu Dias
Rise of Kingdoms,Nhà thám hiểm người Bồ Đào Nha nào là người châu Âu đầu tiên đi thuyền đến cực nam châu Phi?,Bartolomeu Dias
Rise of Kingdoms,Which privilege is reserved for titled officers (not normal officers)?,The ability to check alliance members’ online status
Rise of Kingdoms,Đặc quyền nào được dành riêng cho các sĩ quan có chức danh (không phải sĩ quan bình thường)?,Khả năng kiểm tra trạng thái trực tuyến của các thành viên liên minh
Rise of Kingdoms,Which prominent statesman served as the first general of the Edo shogunate at the end of Japan’s Warring States period?,Tokugawa Ieyasu
Rise of Kingdoms,Which pyramid is widely considered the only surviving Wonder of the Ancient World still with us today?,The Pyramid of Khufu
Rise of Kingdoms,Kim tự tháp nào được nhiều người coi là Kỳ quan duy nhất còn sót lại của Thế giới Cổ đại còn tồn tại đến ngày nay?,Kim tự tháp Khufu
Rise of Kingdoms,Which rare animal does the WWF use as its logo?,Panda
Rise of Kingdoms,WWF sử dụng loài động vật quý hiếm nào làm biểu tượng của mình?,Gấu trúc
Rise of Kingdoms,Which Roman Emperor was named Augustus after ending a civil war?,Gaius Octavius
Rise of Kingdoms,Which school of painting would Georges Seurat be a representative of?,Pointillism
Rise of Kingdoms,Which school of thought was founded by the Chinese philosopher Lao Tzu?,Taoism
Rise of Kingdoms,Which scout attribute CANNOT be enhanced by upgrading a Lvl 11 Scout Camp?,Number of Scouts
Rise of Kingdoms,Thuộc tính trinh sát nào KHÔNG THỂ được tăng cường bằng cách nâng cấp Trại trinh sát cấp 11?,Số Hướng đạo sinh
Rise of Kingdoms,Which script was the Code of Hammurabi engraved onto stone in?,Cuneiform
Rise of Kingdoms,Which sculpture was once described by Mark Twain as the “the most mournful and moving piece of stone in the world”?,The Lion of Lucerne
Rise of Kingdoms,Tác phẩm điêu khắc nào từng được Mark Twain mô tả là “tác phẩm đá đau buồn và cảm động nhất trên thế giới”?,Sư tử Lucerne
Rise of Kingdoms,Which star played in both the 1994 and 2010 World Cup?,Rigobert Song
Rise of Kingdoms,Ngôi sao nào đã chơi ở cả World Cup 1994 và 2010?,Bài hát Rigobert
Rise of Kingdoms,Which star was the oldest player to score a goal in the World Cup?,Roger Milla
Rise of Kingdoms,Ngôi sao nào là cầu thủ lớn tuổi nhất ghi bàn ở World Cup?,Roger Milla
Rise of Kingdoms,Which state created the earliest form of paper money?,Ancient China
Rise of Kingdoms,Bang nào đã tạo ra hình thức tiền giấy sớm nhất?,Trung Quốc cổ đại
Rise of Kingdoms,Which state is home to the Walt Disney Company?,California
Rise of Kingdoms,Which state was the first to invent and use papyrus as a writing material?,Egypt
Rise of Kingdoms,Bang nào phát minh và sử dụng giấy cói đầu tiên làm vật liệu viết?,Ai Cập
Rise of Kingdoms,Which team has only played a single match in the World Cup?,Indonesia
Rise of Kingdoms,Đội nào chỉ chơi một trận duy nhất ở World Cup?,Indonesia
Rise of Kingdoms,Which team made their World Cup debut in 2022?,Qatar
Rise of Kingdoms,Đội nào ra mắt World Cup vào năm 2022?,Qatar
Rise of Kingdoms,Which team was the only former World Cup winner to fail to qualify for the 2022 World Cup?,Italy
Rise of Kingdoms,Đội nào là cựu vô địch World Cup duy nhất không đủ điều kiện tham dự World Cup 2022?,Ý
Rise of Kingdoms,Which team won 4th place in the 2018 World Cup?,England
Rise of Kingdoms,Đội nào giành vị trí thứ 4 tại World Cup 2018?,Nước Anh
Rise of Kingdoms,Which technology comes right before Heavy Cavalry?,Scale Armor
Rise of Kingdoms,Which technology comes right before Pavise?,Bodkin Arrows
Rise of Kingdoms,Which technology comes right before Swordsman?,Iron Working
Rise of Kingdoms,Công nghệ nào xuất hiện ngay trước Swordsman?,Gia công sắt
Rise of Kingdoms,Which three countries will host the 2026 World Cup?,"USA, Canada, and Mexico"
Rise of Kingdoms,Ba quốc gia nào sẽ đăng cai World Cup 2026?,"Hoa Kỳ, Canada và Mexico"
Rise of Kingdoms,"Which title did Pierre de Coubertin, founder of the International Olympic Committee, hold?",Baron
Rise of Kingdoms,"Pierre de Coubertin, người sáng lập Ủy ban Olympic quốc tế, đã giữ danh hiệu gì?",Nam tước
Rise of Kingdoms,"Which tribe claims ownership of the Takra Forest, which must be traversed to reach the Kingdom of Karaku?",The Bloodfury clan
Rise of Kingdoms,Bộ tộc nào tuyên bố quyền sở hữu Rừng Takra và phải đi qua để đến Vương quốc Karaku?,Gia tộc Bloodfury
Rise of Kingdoms,Which trio of strikers comes from 3 different countries?,"Messi, Suarez, Neymar"
Rise of Kingdoms,Bộ ba tiền đạo nào đến từ 3 quốc gia khác nhau?,"Messi, Suarez, Neymar"
Rise of Kingdoms,Which troop type receives a boost from the Hidden Lotus decoration?,Cavalry
Rise of Kingdoms,Loại quân nào nhận được sự tăng cường từ trang trí Hidden Lotus?,Kỵ binh
Rise of Kingdoms,Which troop types will receive a boost from the Easter Party city theme?,Archer
Rise of Kingdoms,Loại quân nào sẽ nhận được sự tăng cường từ chủ đề thành phố trong Bữa tiệc Phục sinh?,Cung thủ
Rise of Kingdoms,Which two animals symbolically decorated the pschent double crown worn by the Pharaohs?,The cobra and vulture
Rise of Kingdoms,Hai con vật nào được trang trí tượng trưng trên chiếc vương miện đôi pschent mà các Pharaoh đội?,Rắn hổ mang và kền kền
Rise of Kingdoms,Which two bodies of water does the Suez Canal connect?,"Mediterranean Sea, Red Sea"
Rise of Kingdoms,Kênh đào Suez nối hai vùng nước nào?,"Biển Địa Trung Hải, Biển Đỏ"
Rise of Kingdoms,Which two cities does Portugal’s Dom Luís I Bridge connect?,"Porto, Vila Nova de Gaia"
Rise of Kingdoms,Which two English players scored in the 1966 World Cup Final between England and Germany?,Martin Peters & Geoff Hurst
Rise of Kingdoms,Hai cầu thủ người Anh nào đã ghi bàn trong trận chung kết World Cup 1966 giữa Anh và Đức?,Martin Peters
Rise of Kingdoms,Which two oceans does the Panama Canal connect?,The Pacific and Atlantic Oceans
Rise of Kingdoms,Which two sides fought each other in the Battle of Mikatagahara?,Takeda Shingen and Tokugawa Ieyasu
Rise of Kingdoms,Hai bên nào đã giao chiến với nhau trong trận Mikatagahara?,Takeda Shingen và Tokugawa Ieyasu
Rise of Kingdoms,Which two teams made their World Cup debuts in 2018?,Iceland & Panama
Rise of Kingdoms,Hai đội nào đã ra mắt World Cup vào năm 2018?,Iceland
Rise of Kingdoms,Which type of holy sites grant troop attack bonuses?,Flame Altar
Rise of Kingdoms,Which type of natural disaster is measured using the Richter scale?,Earthquake
Rise of Kingdoms,Which type of stone did the ancient Egyptians extract mainly from the Nile delta?,Limestone
Rise of Kingdoms,Loại đá nào được người Ai Cập cổ đại khai thác chủ yếu từ đồng bằng sông Nile?,Đá vôi
Rise of Kingdoms,Which unit gains a strong benefit from Sun Tzu’s “Master Strategist” skill?,Infantry
Rise of Kingdoms,Đơn vị nào được hưởng lợi lớn từ kỹ năng “Chiến lược gia bậc thầy” của Tôn Tử?,Bộ binh
Rise of Kingdoms,Which unit type does Cao Cao excel in leading?,Cavalry
Rise of Kingdoms,Tào Tháo xuất sắc dẫn đầu loại đơn vị nào?,Kỵ binh
Rise of Kingdoms,Which unit type is strong against Archers?,Cavalry
Rise of Kingdoms,Which unit type is strong against Cavalry?,Infantry
Rise of Kingdoms,Which unit type is strong against Infantry?,Archers
Rise of Kingdoms,Loại đơn vị nào mạnh hơn Bộ binh?,Cung thủ
Rise of Kingdoms,Which vitamin deficiency can cause night blindness?,Vitamin A
Rise of Kingdoms,Thiếu vitamin nào có thể gây quáng gà?,Vitamin A
Rise of Kingdoms,Which war ended the rule of the House of Plantagenet and began the rule of the Tudors in England?,The Wars of the Roses
Rise of Kingdoms,Which war was fought between the British houses of Lancaster and York for the throne of England?,The Wars of the Roses
Rise of Kingdoms,Cuộc chiến nào đã diễn ra giữa nhà Lancaster và York của Anh để giành lấy ngai vàng nước Anh?,Cuộc chiến hoa hồng
Rise of Kingdoms,Which was a lighthouse built after Macedonia conquered Egypt and was one of the seven wonders of the ancient world?,The Lighthouse of Alexandria
Rise of Kingdoms,Ngọn hải đăng nào được xây dựng sau khi Macedonia chinh phục Ai Cập và là một trong bảy kỳ quan của thế giới cổ đại?,Ngọn Hải Đăng Alexandria
Rise of Kingdoms,Which was the actor Charlie Chaplin’s first ever film?,Making a Living
Rise of Kingdoms,Bộ phim đầu tiên của nam diễn viên Charlie Chaplin là gì?,Kiếm sống
Rise of Kingdoms,Which were the two construction materials most heavily favored by the ancient Egyptian building industry?,Mudbricks and stone
Rise of Kingdoms,Hai loại vật liệu xây dựng nào được ngành xây dựng Ai Cập cổ đại ưa chuộng nhất?,Gạch bùn và đá
Rise of Kingdoms,"While Gutenberg introduced the printing press in Europe, his invention was influenced by which country, the first to develop a moveable type?",China
Rise of Kingdoms,"Trong khi Gutenberg giới thiệu máy in ở châu Âu, phát minh của ông chịu ảnh hưởng của quốc gia nào, quốc gia đầu tiên phát triển máy in di động?",Trung Quốc
Rise of Kingdoms,Who “owns” Easter Island?,Chile
Rise of Kingdoms,Who authored the novel “No Longer Human”?,Osamu Dazai
Rise of Kingdoms,Who authored the tragedy “Medea”?,Euripides
Rise of Kingdoms,Ai là tác giả của bi kịch “Medea”?,Euripides
Rise of Kingdoms,Who came out the victor of the “Battle of Hastings”?,William the Conqueror
Rise of Kingdoms,Who came up with the Trojan Horse idea? Who won the Trojan War?,Odysseus; The Greeks
Rise of Kingdoms,Who commanded the New Model Army founded by Parliament during the English Civil War?,Cromwell
Rise of Kingdoms,Who compiled the fairytales that eventually featured in the “Grimms’ Fairy Tales”?,The Brothers Grimm
Rise of Kingdoms,Ai đã biên soạn những câu chuyện cổ tích mà cuối cùng được đưa vào “Truyện cổ Grimms”?,Anh em nhà Grimm
Rise of Kingdoms,Who conquered the “Kingdom of the Vandals and Alans” in the Vandalic War?,Belisarius
Rise of Kingdoms,Ai đã chinh phục “Vương quốc của những kẻ phá hoại và Alans” trong Chiến tranh phá hoại?,Belisarius
Rise of Kingdoms,Who created the famous sculpture “The Thinker”?,Auguste Rodin
Rise of Kingdoms,Ai đã tạo ra tác phẩm điêu khắc nổi tiếng “Người suy nghĩ”?,Auguste Rodin
Rise of Kingdoms,Who defeated the Sphinx according to Greek legend?,Oedipus
Rise of Kingdoms,Who designed the “Ottoman Cannon”?,Urban
Rise of Kingdoms,Who designed the current World Cup trophy?,Silvio Gazzaniga
Rise of Kingdoms,Ai đã thiết kế chiếc cúp World Cup hiện tại?,Silvio Gazzaniga
Rise of Kingdoms,"Who designed the Djoser, the first ancient pyramid featuring a stepped design?",Imhotep
Rise of Kingdoms,"Ai đã thiết kế Djoser, kim tự tháp cổ đại đầu tiên có thiết kế bậc thang?",Imhotep
Rise of Kingdoms,Who did Boudica lead the tribes of Britain in a revolt against?,The Roman Empire
Rise of Kingdoms,Who did France play in the quarterfinals of the 2006 World Cup in Germany?,Brazil
Rise of Kingdoms,Pháp đã gặp ai ở tứ kết World Cup 2006 ở Đức?,Brazil
Rise of Kingdoms,Who directed the film “Spring in a Small Town”?,Fei Mu
Rise of Kingdoms,Ai đạo diễn bộ phim “Mùa xuân ở phố nhỏ”?,Phí Mục
Rise of Kingdoms,Who first implemented the Julian Calendar in Rome?,Julius Caesar
Rise of Kingdoms,Who formed the First Triumvirate with Caesar and Pompey?,Crassus
Rise of Kingdoms,Ai đã thành lập chế độ Tam hùng đầu tiên cùng với Caesar và Pompey?,Crassus
Rise of Kingdoms,Who founded the “Malacca Sultanate”?,Parameswara
Rise of Kingdoms,Who founded the “Spanish Armada”?,Philip II
Rise of Kingdoms,Who founded the First Persian Empire?,Cyrus the Great
Rise of Kingdoms,Who founded the Joseon Dynasty?,Yi Seong-Gye
Rise of Kingdoms,Who founded the Kamakura shogunate?,Minamoto no Yoritomo
Rise of Kingdoms,Ai là người thành lập Mạc phủ Kamakura?,Minamoto no Yoritomo
Rise of Kingdoms,Who founded the Kingdom of Asturias?,Pelagius
Rise of Kingdoms,Who gave the famous “I Have a Dream” speech?,Martin Luther King Jr.
Rise of Kingdoms,"Who holds the record for most goals scored in a single World Cup, at 13 goals?",Just Fontaine
Rise of Kingdoms,"Ai giữ kỷ lục ghi nhiều bàn thắng nhất trong một kỳ World Cup, với 13 bàn?",Chỉ là Fontaine
Rise of Kingdoms,Who initiated the first Salt March?,Mahatma Gandhi
Rise of Kingdoms,Who invented the printing press?,Johann Gutenberg
Rise of Kingdoms,Who invented the world’s first full-sized automobile?,Nicolas-Joseph Cugnot
Rise of Kingdoms,Ai đã phát minh ra ô tô cỡ lớn đầu tiên trên thế giới?,Nicolas-Joseph Cugnot
Rise of Kingdoms,Who is considered the “Father of the Modern Olympic Games”?,Pierre de Coubertin
Rise of Kingdoms,Who is responsible for ushering valiant warriors into Valhalla upon death in Norse mythology?,Valkyrie
Rise of Kingdoms,Who is the ‘god of love’ in Norse mythology?,Freyja
Rise of Kingdoms,Who is the “god of death” in ancient Greek mythology?,Thanatos
Rise of Kingdoms,Ai là “thần chết” trong thần thoại Hy Lạp cổ đại?,Thanatos
Rise of Kingdoms,Who is the “God of War” in ancient Greek mythology?,Ares
Rise of Kingdoms,“Thần chiến tranh” trong thần thoại Hy Lạp cổ đại là ai?,Ares
Rise of Kingdoms,Who is the consort of the Hindu deity Vishnu?,Lakshmi
Rise of Kingdoms,Ai là phối ngẫu của vị thần Hindu Vishnu?,Lakshmi
Rise of Kingdoms,Who is the God of Sleep in ancient Greek mythology?,Hypnos
Rise of Kingdoms,Thần ngủ trong thần thoại Hy Lạp cổ đại là ai?,Thôi miên
Rise of Kingdoms,Who is the god of the sun in ancient Greek mythology?,Apollo
Rise of Kingdoms,Thần mặt trời trong thần thoại Hy Lạp cổ đại là ai?,Apollo
Rise of Kingdoms,Who is the god of thunder in Norse mythology?,Thor
Rise of Kingdoms,Thần sấm sét trong thần thoại Bắc Âu là ai?,Thor
Rise of Kingdoms,Who is the goddess of the earth in ancient Greek mythology?,Gaea
Rise of Kingdoms,Nữ thần trái đất trong thần thoại Hy Lạp cổ đại là ai?,Gaea
Rise of Kingdoms,Who is the Greek goddess of night?,Nyx
Rise of Kingdoms,Nữ thần bóng đêm của Hy Lạp là ai?,Nyx
Rise of Kingdoms,"Who is the Hindu god of destruction, also known as the “Cosmic Dancer”?",Shiva
Rise of Kingdoms,Vị thần hủy diệt của đạo Hindu hay còn được gọi là “Vũ công vũ trụ” là ai?,Shiva
Rise of Kingdoms,Who is the husband of Matilda of Flanders?,William I
Rise of Kingdoms,Chồng của Matilda xứ Flanders là ai?,William tôi
Rise of Kingdoms,Who is the king of the gods in Greek mythology?,Zeus
Rise of Kingdoms,Ai là vua của các vị thần trong thần thoại Hy Lạp?,Thần Zeus
Rise of Kingdoms,Who is the King of the Kingdom?,Leader of the Alliance that conquers the Lost Temple
Rise of Kingdoms,Who is the longest-serving manager in the history of Arsenal FC?,Arsène Wenger
Rise of Kingdoms,Ai là huấn luyện viên tại vị lâu nhất trong lịch sử Arsenal FC?,Arsène Wenger
Rise of Kingdoms,Who is the mortal enemy of the commander Saladin?,Richard I
Rise of Kingdoms,Kẻ thù truyền kiếp của chỉ huy Saladin là ai?,Richard I
Rise of Kingdoms,"Who is the mother of Cupid, the baby-faced god of love in Roman mythology?",Venus
Rise of Kingdoms,Who is the north stand at Old Trafford named after?,Sir Alex Ferguson
Rise of Kingdoms,Khán đài phía bắc Old Trafford được đặt theo tên của ai?,Ngài Alex Ferguson
Rise of Kingdoms,Who is the oldest player to have played in a World Cup match?,Essam El Hadary
Rise of Kingdoms,Cầu thủ lớn tuổi nhất từng thi đấu ở World Cup là ai?,Essam El Hadary
Rise of Kingdoms,Who is the only manager to win the World Cup twice as a manager?,Vittorio Pozzo
Rise of Kingdoms,Ai là huấn luyện viên duy nhất hai lần vô địch World Cup với tư cách là huấn luyện viên?,Vittorio Pozzo
Rise of Kingdoms,Who is the only player to have played in three consecutive World Cup Finals?,Cafu
Rise of Kingdoms,Cầu thủ duy nhất từng chơi 3 trận chung kết World Cup liên tiếp là ai?,Cafu
Rise of Kingdoms,Who is the patron and protector of Athens in ancient Greek mythology?,Athena
Rise of Kingdoms,Who is the south stand at Old Trafford named after?,Sir Bobby Charlton
Rise of Kingdoms,Khán đài phía nam Old Trafford được đặt theo tên của ai?,Ngài Bobby Charlton
Rise of Kingdoms,Who is the youngest player in the 2022 World Cup?,Youssoufa Moukoko
Rise of Kingdoms,Cầu thủ trẻ nhất World Cup 2022 là ai?,Youssoufa Moukoko
Rise of Kingdoms,Who is the youngest player to have played in a World Cup match?,Norman Whiteside
Rise of Kingdoms,Cầu thủ trẻ nhất từng thi đấu ở World Cup là ai?,Norman Whiteside
Rise of Kingdoms,Who killed Hector and how does Achilles die?,Achilles; Arrow though his heel
Rise of Kingdoms,"Who kills Odin, the king of the gods, during Ragnarok in Norse mythology?",Fenrir
Rise of Kingdoms,Who led the Kingdom of Prussia in the Seven Years’ War?,Frederick II
Rise of Kingdoms,Who ordered the production of the civil manuscript popularly known as the Domesday Book?,William I
Rise of Kingdoms,Ai đã ra lệnh sản xuất bản thảo dân sự thường được gọi là Sách Domesday?,William tôi
Rise of Kingdoms,Who owned everything in Ancient Egyptian kingdoms?,The Pharoah
Rise of Kingdoms,Who painted “The Last Supper”?,Leonardo da Vinci
Rise of Kingdoms,Who painted the Mona Lisa?,Leonardo da Vinci
Rise of Kingdoms,"Who proposed the philosophical idea of “I think, therefore I am”?",Descartes
Rise of Kingdoms,Who scored the famous goal known as the “hand of God”?,Diego Maradona
Rise of Kingdoms,Ai đã ghi bàn thắng nổi tiếng được mệnh danh là “bàn tay của Chúa”?,Diego Maradona
Rise of Kingdoms,Who was believed to be the prototype of King of Hearts in poker?,Charlemagne
Rise of Kingdoms,Ai được cho là nguyên mẫu của King of Hearts trong poker?,Charlemagne
Rise of Kingdoms,Who was called “Napoleon of crime” in some of the Sherlock Holmes stories?,Professor Moriarty
Rise of Kingdoms,Ai được mệnh danh là “Napoléon tội ác” trong một số câu chuyện của Sherlock Holmes?,Giáo sư Moriarty
Rise of Kingdoms,Who was Plato’s teacher?,Socrates
Rise of Kingdoms,Who was the author of the History of the Peloponnesian War?,Thucydides
Rise of Kingdoms,Ai là tác giả cuốn Lịch sử Chiến tranh Peloponnesian?,Thucydides
Rise of Kingdoms,Who was the Ceroli Chieftain that originally requested help from governors?,Torgny
Rise of Kingdoms,Thủ lĩnh Ceroli ban đầu yêu cầu sự giúp đỡ từ các thống đốc là ai?,Quảng trường
Rise of Kingdoms,Who was the director of the game that won Game of the Year at The Game Awards 2022?,Hidetaka Miyazaki
Rise of Kingdoms,Ai là đạo diễn của trò chơi đã giành giải Trò chơi của năm tại The Game Awards 2022?,Hidetaka Miyazaki
Rise of Kingdoms,Who was the Emperor of the First French Empire?,Napoleon Bonaparte
Rise of Kingdoms,Who was the father of Edward of Woodstock?,Edward III
Rise of Kingdoms,Cha của Edward xứ Woodstock là ai?,Edward III
Rise of Kingdoms,Who was the father of Hannibal?,Hamilcar Barca
Rise of Kingdoms,Cha của Hannibal là ai?,Hamilcar Barca
Rise of Kingdoms,Who was the father of the Frankish king Pepin the Short?,Charles Martel
Rise of Kingdoms,Cha của vua Frankish Pepin the Short là ai?,Charles Martel
Rise of Kingdoms,Who was the first astronaut to enter outer space?,Yuri Gagarin
Rise of Kingdoms,Ai là phi hành gia đầu tiên bước vào vũ trụ?,Yuri gagarin
Rise of Kingdoms,Who was the first astronomer to calculate the Roche limit?,Édouard Roche
Rise of Kingdoms,Nhà thiên văn học đầu tiên tính toán giới hạn Roche là ai?,Édouard Roche
Rise of Kingdoms,Who was the first consul of the Roman Republic?,Lucius Junius Brutus
Rise of Kingdoms,Who was the first Emperor of Rome?,Gaius Octavius Augustus
Rise of Kingdoms,Who was the first European to reach the Cape of Good Hope?,Bartolomeu Dias
Rise of Kingdoms,Ai là người châu Âu đầu tiên tới Mũi Hảo Vọng?,Bartolomeu Dias
Rise of Kingdoms,Who was the first human woman created by Hephaestus in Greek mythology?,Pandora
Rise of Kingdoms,Who was the first Italian to receive the “Pritzker Architecture Prize”?,Aldo Rossi
Rise of Kingdoms,Who was the first Japanese author to receive the Nobel Prize in Literature?,Yasunari Kawabata
Rise of Kingdoms,Nhà văn Nhật Bản đầu tiên nhận giải Nobel Văn học là ai?,Yasunari Kawabata
Rise of Kingdoms,Who was the first man to win the World Cup as both a captain and manager?,Franz Beckenbauer
Rise of Kingdoms,Ai là người đầu tiên vô địch World Cup với tư cách vừa là đội trưởng vừa là huấn luyện viên?,Franz Beckenbauer
Rise of Kingdoms,Who was the first of Henry VIII’s children to rule England?,Edward VI
Rise of Kingdoms,Who was the first sultan of the Ayyubid Dynasty?,Saladin
Rise of Kingdoms,Ai là vị vua đầu tiên của triều đại Ayyubid?,Saladin
Rise of Kingdoms,Who was the first woman to become a military pilot anywhere in the world?,Sabiha Gökçen
Rise of Kingdoms,Ai là người phụ nữ đầu tiên trở thành phi công quân sự trên thế giới?,Sabiha Gokcen
Rise of Kingdoms,Who was the first woman to win a Nobel Prize?,Marie Curie
Rise of Kingdoms,Who was the first World Cup mascot?,World Cup Willie
Rise of Kingdoms,Linh vật World Cup đầu tiên là ai?,World Cup Willie
Rise of Kingdoms,Who was the founder of the Achaemenid Empire?,Cyrus the Great
Rise of Kingdoms,Ai là người sáng lập Đế chế Achaemenid?,Cyrus Đại đế
Rise of Kingdoms,Who was the founder of the Edo Bakufu of Japan?,Tokugawa Ieyasu
Rise of Kingdoms,Who was the founder of the Mongolian Empire?,Genghis Khan
Rise of Kingdoms,Who was the Greek and Thracian god of wine?,Dionysus
Rise of Kingdoms,Thần rượu vang của người Hy Lạp và Thracian là ai?,Dionysus
Rise of Kingdoms,Who was the last Emperor of All Russia?,Nicholas II
Rise of Kingdoms,Ai là Hoàng đế cuối cùng của toàn nước Nga?,Nicholas II
Rise of Kingdoms,Who was the last emperor of the Holy Roman Empire?,Francis II
Rise of Kingdoms,Who was the last female Paraoh of the Ptolemy Dynasty?,Cleopatra VII
Rise of Kingdoms,Ai là nữ Paraoh cuối cùng của triều đại Ptolemy?,Cleopatra VII
Rise of Kingdoms,"Who was the leader of the Western Army during the Battle of Sekigahara, which took place during Japan’s Sengoku period?",Ishida Mitsunari
Rise of Kingdoms,Who was the manager that led the German team to the title in the 2014 Brazil World Cup?,Joachim Low
Rise of Kingdoms,Ai là người dẫn dắt đội tuyển Đức vô địch World Cup 2014 Brazil?,Joachim thấp
Rise of Kingdoms,Who was the manager that led the West German team to the title in the 1990 World Cup?,Franz Beckenbauer
Rise of Kingdoms,Ai là người dẫn dắt đội tuyển Tây Đức vô địch World Cup 1990?,Franz Beckenbauer
Rise of Kingdoms,Who was the only King of England to be executed?,Charles I
Rise of Kingdoms,Who was the only US President that served more than 2 terms?,Franklin D. Roosevelt
Rise of Kingdoms,Who was the top goalscorer at the 2002 World Cup held in Korea and Japan?,Ronaldo
Rise of Kingdoms,Ai là cầu thủ ghi nhiều bàn thắng nhất tại World Cup 2002 tổ chức ở Hàn Quốc và Nhật Bản?,Ronaldo
Rise of Kingdoms,Who was the victor in the Battle of Tours in 732 CE?,Charles Martel
Rise of Kingdoms,Ai là người chiến thắng trong Trận chiến Tours năm 732 CN?,Charles Martel
Rise of Kingdoms,Who were the first mountaineer(s) on record to reach the summit of Mt. Everest?,Tenzing Norgay and Edmund Hilary
Rise of Kingdoms,Ai là người leo núi đầu tiên được ghi nhận lên tới đỉnh Everest?,Tenzing Norgay và Edmund Hilary
Rise of Kingdoms,Who were the two belligerents at the Battle of Thermopylae?,The Greeks and Persians
Rise of Kingdoms,Hai kẻ hiếu chiến trong trận Thermopylae là ai?,Người Hy Lạp và người Ba Tư
Rise of Kingdoms,"Who won the 1998 FIFA World Cup, held in France?",France
Rise of Kingdoms,"Ai đã vô địch FIFA World Cup 1998, được tổ chức tại Pháp?",Pháp
Rise of Kingdoms,"Who won the 2019 Women’s World Cup, held in France?",The United States
Rise of Kingdoms,"Ai đã vô địch World Cup nữ 2019, được tổ chức tại Pháp?",Hoa Kỳ
Rise of Kingdoms,Who won the best young player award at the 2018 World Cup?,Kylian Mbappé
Rise of Kingdoms,Ai giành giải cầu thủ trẻ xuất sắc nhất World Cup 2018?,Kylian Mbappé
Rise of Kingdoms,Who won the first World Cup?,Uruguay
Rise of Kingdoms,Ai đã vô địch World Cup đầu tiên?,Uruguay
Rise of Kingdoms,"Who won the Golden Ball award in the 2018 World Cup, held in Russia?",Luka Modric
Rise of Kingdoms,Ai đoạt giải Quả bóng vàng ở World Cup 2018 tổ chức ở Nga?,Luka Modric
Rise of Kingdoms,Who wrote “History of Animals”?,Aristotle
Rise of Kingdoms,"Ai đã viết ""Lịch sử động vật""?",Aristote
Rise of Kingdoms,"Who wrote “Human, All Too Human”?",Nietzsche
Rise of Kingdoms,Who wrote “Les Miserables”?,Victor Hugo
Rise of Kingdoms,Ai đã viết “Những người khốn khổ”?,Victor Hugo
Rise of Kingdoms,"Who wrote “The Aeneid”, the first epic poem in Western literature?",Virgil
Rise of Kingdoms,"Ai đã viết “The Aeneid”, bài thơ sử thi đầu tiên trong văn học phương Tây?",Virgil
Rise of Kingdoms,Who wrote “The Symposium”?,Plato
Rise of Kingdoms,Who wrote Alice’s Adventures in Wonderland?,Lewis Carroll
Rise of Kingdoms,Ai đã viết Cuộc phiêu lưu của Alice ở xứ sở thần tiên?,Lewis Carroll
Rise of Kingdoms,"Who wrote the “History of the Peloponnesian War”, a historical account of the titular war?",Thucydides
Rise of Kingdoms,"Ai đã viết “Lịch sử Chiến tranh Peloponnesian”, một bản tường thuật lịch sử về cuộc chiến tranh danh nghĩa?",Thucydides
Rise of Kingdoms,Who wrote The Art of War?,Sun Tzu
Rise of Kingdoms,Who wrote the opera Carmen?,Georges Bizet
Rise of Kingdoms,Who wrote the well-known book “A Brief History of Time”?,Stephen Hawking
Rise of Kingdoms,Who wrote the well-known book “Sapiens: A Brief History of Humankind”?,Yuval Noah Harari
Rise of Kingdoms,Who wrote the well-known science fiction series “Dune”?,Frank Herbert
Rise of Kingdoms,Whose autobiography “Living to Tell the Tale” won them the Nobel Prize in Literature?,Gabriel García Márquez
Rise of Kingdoms,Whose beauty is said to have been the cause of the Trojan War?,Helen
Rise of Kingdoms,Whose poem The Waste Land won them the Nobel Prize in Literature?,T.S. Eliot
Rise of Kingdoms,Bài thơ Vùng đất hoang của ai đã đoạt giải Nobel Văn học?,T.S. Eliot
Rise of Kingdoms,Whose victory was the orchestral work “1812 Overture” composed to commemorate?,Russian Empire
Rise of Kingdoms,Why are advantageous traits more likely to be passed onto offspring?,Because they are more likely to survive and reproduce
Rise of Kingdoms,Why do frogs and other organism produce so many eggs/offspring?,The more offspring produced the more likely they will survive
Rise of Kingdoms,Why does drinking coffee make people feel more awake?,It contains caffeine
Rise of Kingdoms,Why was British nurse Florence Nightingale known as “The Lady with the Lamp”?,She would inspect patients at night
Rise of Kingdoms,Tại sao nữ y tá người Anh Florence Nightingale được biết đến với biệt danh “Quý bà cầm đèn”?,Cô ấy sẽ kiểm tra bệnh nhân vào ban đêm
Rise of Kingdoms,Why was scurvy once a common problem for sailors?,A lack of fresh fruit and vegetables on long voyages
Rise of Kingdoms,Tại sao bệnh scorbut từng là vấn đề phổ biến đối với các thủy thủ?,Thiếu trái cây và rau quả tươi trong những chuyến đi dài
Rise of Kingdoms,Why was the Dead Sea given this name?,The high-saline water prevents plants and animals from thriving near it
Rise of Kingdoms,Tại sao Biển Chết được đặt tên này?,Nước có độ mặn cao ngăn cản thực vật và động vật phát triển gần nó
Rise of Kingdoms,Why were the bow and stern of Viking longboats designed to be symmetrical?,To reverse direction quickly without a turn around
Rise of Kingdoms,With whom did Minamoto no Yoshitsune raise an army to fight Taira no Kiyomori?,Minamoto no Yoritomo
Rise of Kingdoms,"Without using buffs, how many Action Points can a Governor have?",1000.0
Rise of Kingdoms,Work on which of these cathedrals began in Copenhagen in 1877?,St. Paul’s Church
Rise of Kingdoms,Công việc xây dựng nhà thờ nào trong số này bắt đầu ở Copenhagen vào năm 1877?,Nhà thờ Thánh Phaolô
Rise of Kingdoms,"You can help your allies build/upgrade buildings, research technologies, and heal troops. But how much does each help action fill the progress bar?",0.01
Rise of Kingdoms,"Bạn có thể giúp đồng minh của mình xây dựng/nâng cấp các tòa nhà, nghiên cứu công nghệ và chữa lành quân đội. Nhưng mỗi hành động trợ giúp lấp đầy thanh tiến trình bao nhiêu?","0,01"
Rise of Kingdoms,Zhu Geliang had no involvement in which of the following incidents recounted in the Romance of the Three Kingdoms?,Yellow Turban Rebellion
Rise of Kingdoms,Chu Cát Lượng không liên quan đến sự việc nào sau đây được kể lại trong Tam Quốc Chí?,Cuộc nổi loạn khăn xếp màu vàng
Rise of Kingdoms,"When upgrading your Storehouse from Lvl 24 to Lvl 25, which resource gains the most resource protection capacity?",Gold
Rise of Kingdoms,"Khi nâng cấp Kho của bạn từ Cấp 24 lên Cấp 25, tài nguyên nào có khả năng bảo vệ tài nguyên nhiều nhất?",Vàng
Rise of Kingdoms,Who founded England's Order of the Garter?,Edward III
Rise of Kingdoms,Ai là người sáng lập Huân chương Garter của Anh?,Edward III
Rise of Kingdoms,"Which of these statements about the title ""tribune of the plebs"" is incorrect?",They were fully subservient to the Senate
Rise of Kingdoms,"Phát biểu nào sau đây về danh hiệu ""tòa án của người dân"" là không chính xác?",Họ hoàn toàn phục tùng Thượng viện
Rise of Kingdoms,Ở rok loại vũ khí nào sau đây có thể được sử dụng với đội hình vòm,Biểu tượng của miền Bắc
Rise of Kingdoms,Which of the following titles can only be used by an Islamic ruler ?,Sultan
Rise of Kingdoms,Danh hiệu nào sau đây chỉ có thể được sử dụng bởi người cai trị Hồi giáo?,Quốc vương
Rise of Kingdoms,Which of the following events occurred after the 19th century?,The release of Rise of Kingdoms
Rise of Kingdoms,Sự kiện nào sau đây xảy ra sau thế kỷ 19?,Sự ra mắt của Rise of Kingdoms
Rise of Kingdoms,Which ancient chinese dynasty followed the shang dynasty,Zhou Dynasty
Rise of Kingdoms,Triều đại Trung Hoa cổ đại nào tiếp nối triều đại nhà Thương,Nhà Chu
Rise of Kingdoms,"On average, which of the following animals is the largest?",Blue Whale
Rise of Kingdoms,"Trung bình, con vật nào sau đây lớn nhất?",Cá voi xanh
Rise of Kingdoms,Which of the following statements about Zhuge Liang in ROK is incorrect?,He excels at leading cavalry
Rise of Kingdoms,Câu nào sau đây về Gia Cát Lượng ở Hàn Quốc là sai?,Anh ấy xuất sắc trong việc dẫn đầu kỵ binh
Rise of Kingdoms,"In RoK, which commander has the nickname “Žižka of the Chalice”?",Jan Zizka
Rise of Kingdoms,"Ở Hàn Quốc, vị chỉ huy nào có biệt danh “Žižka of the Chalice”?",Ăn Zizka
Rise of Kingdoms,Which of the following is not a benefit of upgrading your tavern?,Improves the variety of rewards in Golden Chests
Rise of Kingdoms,Điều nào sau đây không phải là lợi ích của việc nâng cấp quán rượu của bạn?,Cải thiện sự đa dạng của phần thưởng trong Rương Vàng
Rise of Kingdoms,Which of the following commanders excelled at leading siege units?,Margaret
Rise of Kingdoms,Người chỉ huy nào sau đây đã xuất sắc chỉ huy các đơn vị vây hãm?,Margaret
Rise of Kingdoms,Which of the following courses are you most likely to take in law school?,Intro to Criminal Law
Rise of Kingdoms,Bạn có khả năng tham gia khóa học nào nhất ở trường luật?,Giới thiệu Luật Hình sự
Rise of Kingdoms,Which of these film awards is awarded by the Cannes Film Festival?,Palme d'Or
Rise of Kingdoms,Giải thưởng điện ảnh nào sau đây được trao bởi Liên hoan phim Cannes?,Cành cọ vàng
Rise of Kingdoms,Which of these birds lays its eggs in the nests of other birds?,Cuckoo
Rise of Kingdoms,Loài chim nào đẻ trứng vào tổ của loài chim khác?,Chim cu
Rise of Kingdoms,How many months are there in the Gregorian calendar?,12
Rise of Kingdoms,Có bao nhiêu tháng trong lịch Gregory?,12
Rise of Kingdoms,"In RoK, which of the following businesses is Esmeralda involved in?",Divination
Rise of Kingdoms,"Ở Hàn Quốc, Esmeralda tham gia vào lĩnh vực kinh doanh nào sau đây?",Bói toán
Rise of Kingdoms,Which of the following is NOT a part of a typical human respiratory system?,Impact wrench
Rise of Kingdoms,Bộ phận nào sau đây KHÔNG phải là bộ phận của hệ hô hấp điển hình của con người?,Cờ lê tác động
Rise of Kingdoms,"In RoK, which Kingdom Chronicales chapter requires all fog in your kingdom to be fully explored?",Ultimate Clarity
Rise of Kingdoms,"Ở Hàn Quốc, chương Kingdom Chroniclees nào yêu cầu phải khám phá toàn bộ sương mù trong vương quốc của bạn?",Sự rõ ràng tối đa
Rise of Kingdoms,Which of the following statements is a 6-month-old human baby most likely to make?,Mama
Rise of Kingdoms,Trẻ 6 tháng tuổi có khả năng sẽ đưa ra câu phát biểu nào sau đây nhất?,Mẹ
Rise of Kingdoms,What is the most abundant substance in the body of a healthy adult,Water
Rise of Kingdoms,Chất nào có nhiều nhất trong cơ thể người trưởng thành khỏe mạnh,Nước
Rise of Kingdoms,Ceroli Cheif Sundown Smash Skill?,Ak & Hok
Rise of Kingdoms,Kỹ năng đập nát mặt trời lặn của Ceroli Cheif?,Và
Rise of Kingdoms,"Which Ceroli Crisis chieftain has the ""Thawing Point"" key skill?",Frida
Rise of Kingdoms,"Thủ lĩnh Ceroli Crisis nào có kỹ năng chủ chốt ""Điểm tan băng""?",Frida
Rise of Kingdoms,"What effects does the ""Beggar"" kingdom title apply?",Production 10%
Rise of Kingdoms,"Danh hiệu vương quốc ""Người ăn xin"" có tác dụng gì?",Sản xuất 10%
Rise of Kingdoms,"What effects does the ""Slugard"" kingdom title apply?",March Speed -5%
Rise of Kingdoms,"Danh hiệu vương quốc ""Slugard"" có tác dụng gì?",Tốc độ tháng 3 -5%
Rise of Kingdoms,"Which Ceroli Chieftain has the ""Thawing Point"" key skill?",Frida
Rise of Kingdoms,"Thủ lĩnh Ceroli nào có kỹ năng chủ chốt ""Điểm tan băng""?",Frida
Rise of Kingdoms,What's the name of the parrot portrait in RoK?,Fogsworth
Rise of Kingdoms,Bức chân dung con vẹt ở Hàn Quốc tên là gì?,Fogsworth
Rise of Kingdoms,What is the nickname of Eleanor of Aquitaine in ROK?,Wildflower dutchess.
Rise of Kingdoms,Biệt danh của Eleanor xứ Aquitaine ở ROK là gì?,Hoa dại Hà Lan.
Rise of Kingdoms,"What does the ""From the Ground Up"" kingdom buff increase",Building Speed
Rise of Kingdoms,"Buff của vương quốc ""From the Ground Up"" tăng thêm gì",Tốc độ xây dựng
Rise of Kingdoms,"Who was the author of the novel ""Lord of Rings""?",J. R. R. Tolkien
Rise of Kingdoms,Tác giả cuốn tiểu thuyết “Chúa tể những chiếc nhẫn” là ai?,J. R. R. Tolkien
Rise of Kingdoms,What are the poles of a magnet?,North and south
Rise of Kingdoms,Các cực của nam châm là gì?,Bắc và Nam
Rise of Kingdoms,Which of these building can you use to participate in the World Wanderer game mode?,Lyceum of Wisdom
Rise of Kingdoms,Bạn có thể sử dụng tòa nhà nào trong số này để tham gia chế độ trò chơi World Wanderer?,Lyceum của trí tuệ
Rise of Kingdoms,What is the nickname of K'inich Janaab' Pakal in RoK?,Sun of Eternal Glory
Rise of Kingdoms,Biệt danh của K'inich Janaab' Pakal ở Hàn Quốc là gì?,Mặt trời vinh quang vĩnh cửu
Rise of Kingdoms,Which of the following commanders excels at leading siege units?,Margaret I
Rise of Kingdoms,Người chỉ huy nào sau đây xuất sắc trong việc dẫn đầu các đơn vị vây hãm?,Margaret I
Rise of Kingdoms,Which of these city themes looks like a vehicle?,On the wings of sailcloth
Rise of Kingdoms,Chủ đề thành phố nào trong số này trông giống một chiếc xe?,Trên đôi cánh buồm
Rise of Kingdoms,"What does the ""Mobilize for War"" kingdom buff increase?",Training Speed
Rise of Kingdoms,"Buff của vương quốc ""Huy động cho chiến tranh"" tăng thêm gì?",Tốc độ luyện tập
Rise of Kingdoms,What is the nickname of Jan Žižka in RoK?,Žižka of the Chalice
Rise of Kingdoms,Biệt danh của Jan Žižka ở Hàn Quốc là gì?,Žižka của chiếc cốc
Rise of Kingdoms,Which of these equipment is of Legendary quality?,The Milky Way
Rise of Kingdoms,Trang bị nào trong số này có chất lượng Huyền thoại?,Dải ngân hà
Rise of Kingdoms,Which of the following civilization can increase their healing speed?,FRANCE
Rise of Kingdoms,Which Chieftain in the Ceroli Crisis event mounted a succesful coup?,– Torgny
Rise of Kingdoms,In what year did the Late Show with David Letterman first premier?,1993
Rise of Kingdoms,Combat tactics is an important military technology,What effect does it have? -Increases Attack of all units
Rise of Kingdoms,Chiến thuật tác chiến là một công nghệ quân sự quan trọng,Nó có tác dụng gì? -Tăng sức tấn công của tất cả các đơn vị
Rise of Kingdoms,In which country were the “War Of The Roses” fought?,England
Rise of Kingdoms,Thủ đô nước Đức ở đâu?,Berlin đáp lại
Rise of Kingdoms,Bạn có thể lấy được Khung Avatar nào sau Sự kiện Khủng hoảng Ceroli?,Vương quốc dưới đáy biển
Rise of Kingdoms,The 24 “solar terms” of the Chinese traditional calendar are used for what purpose?,Agriculture
Rise of Kingdoms,24 “tiết khí” trong lịch truyền thống của Trung Quốc được sử dụng vào mục đích gì?,Nông nghiệp
Rise of Kingdoms,Tháng 10 còn được biết đến theo lịch cũ của Nhật Bản với tên gọi nào khác?,-Kannazuki
Rise of Kingdoms,Which of the following is considered one of Confucious’ disciples?,X – Yan Hui
Rise of Kingdoms,"Trước khi lãnh đạo cuộc nổi dậy nô lệ lớn nhất ở La Mã cổ đại, Spartacus là gì?",Một đấu sĩ
Rise of Kingdoms,Cuộc chiến nào đã diễn ra giữa nhà Lancaster và nhà York của Anh để giành lấy ngai vàng nước Anh?,Cuộc chiến hoa hồng
Rise of Kingdoms,Một cuộc chạy marathon dài bao nhiêu km?,40 km
Rise of Kingdoms,Vậy những đặc điểm thuận lợi nào có nhiều khả năng được truyền lại cho con cháu nhất?,Vì chúng có nhiều khả năng sống sót và sinh sản hơn
Rise of Kingdoms,Ai đã nghĩ ra ý tưởng về con ngựa thành Troy? Ai đã thắng trong cuộc chiến thành Troy?,Odysseus; người Hy Lạp
Rise of Kingdoms,"Kính được cấu tạo từ thạch anh, cát và những gì?",Dầu
Rise of Kingdoms,Điều nào sau đây được đồng hương của bạn ca ngợi là đại diện dân chủ tốt nhất và trung thực nhất của Hy Lạp cổ đại?,Pericles
Rise of Kingdoms,"Trong lịch sử nước Nga, vị Sa hoàng đầu tiên nhận được biệt danh nào cho sự chuyên chế của mình?",Ivan khủng khiếp
Rise of Kingdoms,Điều nào sau đây là thuật ngữ chỉ một vật liệu có giá trị có nguồn gốc địa chất có thể được khai thác từ lòng đất?,Tài nguyên thiên nhiên
Rise of Kingdoms,Truyện nào được Sách Kỷ lục Guinness công nhận là truyện tranh có số lượng phát hành tích lũy của một tác giả cao nhất?,Một miếng
Rise of Kingdoms,Điều nào sau đây KHÔNG cung cấp Tín dụng Cá nhân?,Cung cấp tài nguyên cho đồng minh
Rise of Kingdoms,Điều nào sau đây KHÔNG phải là một trong những khả năng của El Cid?,Kỵ binh
Rise of Kingdoms,Một quần thể càng có nhiều biến thể di truyền thì càng có nhiều khả năng một số cá thể sẽ làm gì?,Tồn tại
Rise of Kingdoms,Người chỉ huy nào sau đây là một phần của Trận chiến hẻm núi đỏ?,Cao Cao
Rise of Kingdoms,Đặc điểm nào sau đây không thể tìm thấy ở quần jean của bạn?,Chỉ huy
Rise of Kingdoms,Chỉ huy nào có biệt danh là Mead of Death?,Gót chân
Rise of Kingdoms,Nhà vật lý Hy Lạp cổ đại nào đã phát hiện ra khái niệm nổi tiếng về sức nổi khi đang tắm?,Archimedes
Rise of Kingdoms,"Khi Achilles dùng đến chiến đấu, Patroclus mặc áo giáp của Achilles, chiến đấu với quân Troy và chết. Ai đã giết Patroclus?",Hector
Rise of Kingdoms,Chỉ huy nào được gọi là Râu Tím?,Frederick I
Rise of Kingdoms,Điều nào sau đây KHÔNG phải là một trong những khả năng bị động của Pelagius?,Trọng tải
Rise of Kingdoms,Tên của hiện tượng mà những sinh vật thích nghi tốt nhất với môi trường sống sót để truyền lại những đặc điểm cho con cháu là gì?,Chọn lọc tự nhiên
Rise of Kingdoms,Loại đơn vị nào mạnh hơn so với bộ binh?,Bắn cung
Rise of Kingdoms,Thành phố nào đăng cai Thế vận hội 2000?,Sydney
Rise of Kingdoms,Đơn vị nào mạnh hơn kỵ binh?,Bộ binh
Rise of Kingdoms,Thí nghiệm Tháp nghiêng Pisa của Galileo đã vạch trần một giả thuyết cho rằng nhà khoa học Hy Lạp cổ đại?,Aristote
Rise of Kingdoms,Thành bang Hy Lạp cổ đại nào được biết đến với sự dũng cảm và huấn luyện quân sự tàn bạo?,Sparta
Rise of Kingdoms,Thời kỳ Phục hưng là sự 'tái sinh' của cái gì?,Văn hóa cổ điển
Rise of Kingdoms,Dược sĩ người Mỹ John Pemberton đã phát minh ra loại đồ uống nào?,Than cốc
Rise of Kingdoms,Mũi tên kháng cự dùng để làm gì?,Để nâng cấp Tháp Canh
Rise of Kingdoms,Kỳ quan nào trong bảy kỳ quan thế giới được tạo ra để xoa dịu nỗi khao khát Nữ hoàng Babylon?,Vườn treo
Rise of Kingdoms,Oda Nobunaga đã tiếp nối câu nói 4 từ nào?,Thống trị bằng sức mạnh tuyệt đối
Rise of Kingdoms,Đột biến là sự thay đổi của cái gì?,ADN
Rise of Kingdoms,Đế chế Mughal đã đưa đạo Hồi đi đâu?,Hầu hết Ấn Độ
Rise of Kingdoms,Bộ phận nào của cơ thể con người chứa nhiều nước nhất?,Nhãn cầu
Rise of Kingdoms,Nhà khảo cổ học nổi tiếng người Đan Mạch Christian Jurgensen Thomsen đã đề xuất hệ thống 'Ba thời đại' để phân loại lịch sử cổ đại. Bước đầu tiên là gì?,Thời kỳ đồ đá
Rise of Kingdoms,Pháp và Đức đều thuộc vương quốc phong kiến ​​nào?,Pháp
Rise of Kingdoms,Hình nào sau đây tượng trưng cho Vòng tròn Olympic màu xanh lá cây?,Châu Đại Dương
Rise of Kingdoms,Điều gì đã mang lại sự hỗ trợ kinh tế lớn nhất cho thời Phục hưng?,Những người bảo trợ giàu có
Rise of Kingdoms,"Ba vị vua của Hàn Quốc là Baeke, Silla và... ?",Goguryeo
Rise of Kingdoms,Đâu là sân khấu trong sự kiện 'Thống đốc quyền lực nhất'?,Loại bỏ kẻ thù
Rise of Kingdoms,Vị chỉ huy nào đã thể hiện thiên tài quân sự của mình trong trận Tours vào thế kỷ thứ 8? hoặc Vị chỉ huy nào đã thể hiện thiên tài quân sự của mình trong Trận Poitiers vào thế kỷ thứ tám?,Carlos Martell
Rise of Kingdoms,Người Ai Cập làm giấy từ chất liệu gì?,Giấy cói
Rise of Kingdoms,Tòa thị chính cấp cao nhất ở Hàn Quốc là bao nhiêu?,25
Rise of Kingdoms,Nơi thời kỳ Phục hưng bắt đầu,Ý
Rise of Kingdoms,"Từ thế kỷ 13 đến thế kỷ 11 CN, người châu Âu thường gọi những kẻ xâm lược Scandinavia thường xuyên tấn công vùng đất của họ là gì?",Người Viking
Rise of Kingdoms,Chất nào sau đây là nhiên liệu hóa thạch lỏng được hình thành từ các sinh vật biển được đốt để lấy năng lượng và dùng để sản xuất nhựa?,Dầu
Rise of Kingdoms,Nguồn năng lượng nào sau đây là nguồn năng lượng vô tận dựa trên magma nóng hoặc đá khô nóng dưới bề mặt?,Năng lượng địa nhiệt
Rise of Kingdoms,Vị chỉ huy nào ngay từ khi còn nhỏ đã bị coi là kẻ thù của La Mã (lần đầu)?,Hannibal Barca
Rise of Kingdoms,"Trong thần thoại Hy Lạp, con chó 3 đầu của thần Hades canh giữ cổng Địa ngục tên là gì?",Cerberus
Rise of Kingdoms,Bộ luật nào của Babylon là bộ luật thành văn hoàn chỉnh đầu tiên trong lịch sử được ghi lại?,Bộ luật Hammurabi
Rise of Kingdoms,"Trong Ark of Osiris, bạn nên lấy Ark ở đâu?",Một tòa nhà KHÔNG phải của kẻ thù
Rise of Kingdoms,Tài nguyên nào sau đây không phải là tài nguyên có thể tái tạo?,Nước
Rise of Kingdoms,Chính khách nổi tiếng nào từng là vị tướng đầu tiên của Mạc phủ Edo vào cuối thời Chiến Quốc Nhật Bản?,Tokugawa leyasu
Rise of Kingdoms,Quá trình phân tách nguyên tử được gọi là gì?,Phân hạch (tách) (hãy cẩn thận khi dùng từ chia tách là phân hạch và kết hợp là hợp nhất)
Rise of Kingdoms,Loại đơn vị nào mạnh hơn so với kỵ binh?,Bộ binh
Rise of Kingdoms,Đâu là điểm gặp gỡ của cuộc Thập tự chinh đầu tiên?,Constantinople
Rise of Kingdoms,Con sông dài nhất thế giới là gì?,Sông Nile
Rise of Kingdoms,"Trong thần thoại Hy Lạp, Paris, Hoàng tử thành Troy, tặng ai một quả táo vàng có khắc dòng chữ 'Dành cho nữ thần xinh đẹp nhất'?",Aphrodite
Rise of Kingdoms,Lịch sử Ai Cập cổ đại bao gồm bao nhiêu vương quốc?,3
Rise of Kingdoms,Chỉ huy nào có biệt danh là Người bảo vệ Carthage?,Hannibal Barca
Rise of Kingdoms,Tại sao ếch và các loài động vật khác lại đẻ nhiều trứng/con cái như vậy?,"Càng sinh ra nhiều con, chúng càng có nhiều khả năng sống sót."
Rise of Kingdoms,Quốc gia nào ở châu Á trùng lặp với Đế quốc Parthia cổ đại?,Iran
Rise of Kingdoms,Vua Louis XIV của Pháp đã chuyển triều đình đi đâu vào năm 1682?,Cung điện Versailles
Rise of Kingdoms,Ai sở hữu mọi thứ trong vương quốc Ai Cập cổ đại?,Các pharaoh
Rise of Kingdoms,Người sáng lập Kentucky Fried Chicken (KFC) đã nhận được cấp bậc danh dự nào?,Đại tá
Rise of Kingdoms,Người chỉ huy nào được mệnh danh là Mistress of Mercians?,Æthelflaed
Rise of Kingdoms,Loại đơn vị nào mạnh nhất khi chống lại bắn cung?,Kỵ binh
Rise of Kingdoms,"Trong thần thoại Hy Lạp, điểm yếu của Achilles là gì?",Gót chân của bạn
Rise of Kingdoms,Lông của gấu bắc cực có màu gì?,Đen
Rise of Kingdoms,“Mục đích biện minh cho phương tiện” là niềm tin cốt lõi của tác giả “Hoàng tử”. Tên anh ấy là gì?,Machiavelli
Rise of Kingdoms,"Bốn vở nhạc kịch hay nhất thế giới là Cats, Les Miserables, Miss Sài Gòn và... ?",Bóng ma của nhà hát Opera
Rise of Kingdoms,Người chỉ huy nào sau đây giỏi bắn cung hàng đầu?,Yi Seong Gye
Rise of Kingdoms,Tên của dòng điện được tạo ra bởi lực nước sử dụng các đập lớn trên sông là gì?,Thủy điện
Rise of Kingdoms,Vị pharaoh cuối cùng của triều đại Ptolemy là ai?,Cleopatra VII
Rise of Kingdoms,Cuộc cách mạng năm 1688 thiết lập chế độ quân chủ lập hiến ở Anh có tên là gì?,Cách mạng vẻ vang
Rise of Kingdoms,"Bốn loại đàn tranh chính ở Trung Quốc cổ đại là Hạo Trung, Lục Kỳ, Giao Vi và... ?",Nhiêu Lương
Rise of Kingdoms,"Định dạng xuyên âm hài kịch của Trung Quốc bắt nguồn từ ba địa điểm: Thiên Kiều ở Bắc Kinh, Chợ Quanye ở Thiên Tân và ở đâu ở Nam Kinh?",Fuzimiao
Rise of Kingdoms,Làm thế nào để bạn kiếm được tín dụng công nghệ liên minh?,Đóng góp cho Liên minh nghiên cứu công nghệ
Rise of Kingdoms,"Ưu điểm của máy in của Johannes Gutenberg bao gồm tất cả những điều sau, ngoại trừ điều nào?",Tăng cường quyền lực của nhà thờ
Rise of Kingdoms,Ký tự '1' được sử dụng bao nhiêu lần khi bạn viết từ số 1 đến 99?,20
Rise of Kingdoms,Ai đã thực hiện Lịch Julian ở Rome?,Julius Caesar
Rise of Kingdoms,Tỷ lệ chuyển đổi từ ampe (A) sang miliampe (mA) là bao nhiêu?,1:1000
Rise of Kingdoms,Cuộc chiến Carlist diễn ra ở quốc gia nào vào thế kỷ 19?,Tây ban nha
Rise of Kingdoms,In what year did Ricardo Coração de Leão and Saladin sign a truce?,1192
Rise of Kingdoms,Tòa nhà nào ban đầu được xây dựng ở Luân Đôn để làm nơi tổ chức Triển lãm lớn về công trình công nghiệp của tất cả các quốc gia diễn ra vào năm 1851?,Cung điện pha lê
Rise of Kingdoms,Chỉ huy nào có biệt danh là Barbarian Roar?,Lohar
Rise of Kingdoms,Khám phá nào đã giúp giải mã được chữ tượng hình?,Đá Rosetta
Rise of Kingdoms,Chất nào sau đây là nhiên liệu hóa thạch được hình thành từ các sinh vật biển thường được tìm thấy ở các tầng xếp chồng lên nhau hoặc nghiêng và được sử dụng để sưởi ấm và nấu ăn?,Khí tự nhiên
Rise of Kingdoms,"Ở Hy Lạp cổ đại, triết gia nào thích thảo luận về các ý tưởng trên một con phố mà sau này được mệnh danh là 'Trường phái Peripatetic'?",Aristote
Rise of Kingdoms,Nền văn minh nào sau đây cung cấp phần thưởng 5% cho các đơn vị kỵ binh?,Nước Đức
Rise of Kingdoms,"Trên Ark of Osiris, bạn có thể sử dụng Haste gì?",Tăng tốc chữa bệnh
Rise of Kingdoms,Thánh địa nào cấp tiền thưởng tấn công quân đội?,Bàn thờ lửa
Rise of Kingdoms,Nhà thám hiểm người Bồ Đào Nha nào là người châu Âu đầu tiên đi thuyền tới miền nam châu Phi?,Bartolomeu Dias
Rise of Kingdoms,Nhân vật nào sau đây là anh trai của thần Zeus trong thần thoại Hy Lạp?,Poseidon
Rise of Kingdoms,Học giả Hy Lạp cổ đại nào đã đặt nền móng cho các nhà toán học châu Âu trong tương lai và là tác giả cuốn 'Các yếu tố' của Hình học?,Euclid
Rise of Kingdoms,Có bao nhiêu giai đoạn trong sự kiện Chính phủ hùng mạnh nhất?,5
Rise of Kingdoms,Ai đã đề xuất tư tưởng triết học “Tôi tư duy nên tôi tồn tại”?,Descartes
Rise of Kingdoms,"Khi đánh bắt và thả cá ở biển khơi, tại sao việc chọc thủng bong bóng của chúng lại quan trọng?",Để ngăn chúng chết vì bong bóng căng phồng
Rise of Kingdoms,Công dụng khác của rượu gin ngoài việc là một thức uống phổ biến ở thế kỷ 18 là gì?,Thuốc
Rise of Kingdoms,"Trong Chiến tranh Punic lần thứ hai, Hannibal với quân đội nhỏ hơn nhiều đã đánh bại quân La Mã trong trận chiến nào?",Trận chiến Cannae
Rise of Kingdoms,Sử thi 'The Iliad' của Homer tập trung vào những sự kiện diễn ra trong cuộc chiến hay trận chiến nào?,Cuộc chiến thành Troy
Rise of Kingdoms,Cái nào trong số này là một trong những 'kỹ năng chủ động' của Minamoto no Yoshitsune? Kỹ năng chủ động của Minamoto no Yoshitsune là gì?,Kyohachiryuu
Rise of Kingdoms,Ngọn hải đăng được xây dựng sau khi Macedonia chinh phục Ai Cập là gì và nó có phải là một trong bảy kỳ quan của thế giới cổ đại không?,Ngọn Hải Đăng Alexandria
Rise of Kingdoms,Cái nào sau đây là tên gọi khác của 'Cái chết đen' tấn công châu Âu vào cuối thời Trung cổ?,Yersinia pestis
Rise of Kingdoms,Không khí thường có cảm giác trong lành hơn sau cơn bão vì đã được bổ sung khí gì?,Ôzôn
Rise of Kingdoms,Chỉ huy nào được giao nhiệm vụ chiếm Constantinople ở tuổi 21?,Mehmed II
Rise of Kingdoms,Tự truyện 'Sống để kể' của ai đoạt giải Nobel Văn học?,Gabriel Garcia Marquez
Rise of Kingdoms,Danh hiệu 'Nữ hoàng' của vương quốc tăng thêm điều nào sau đây?,Tốc độ thu thập
Rise of Kingdoms,Keira từng thách thức sự kỳ vọng của thế giới dành cho cô trong một trận chiến vẻ vang. Trận chiến này diễn ra ở đâu?,Hẻm núi hoàng hôn
Rise of Kingdoms,Con trai đầu tiên của Henry VIII cai trị nước Anh là ai?,Edward VI
Rise of Kingdoms,Vị vua nào của một quốc gia châu Âu đã thành lập đoàn thám hiểm nổi tiếng của Christopher Columbus?,Tây ban nha
Rise of Kingdoms,Điều nào sau đây KHÔNG phải là một trong những khả năng của Osman I?,Chiến thuật xiên
Rise of Kingdoms,Tên của năng lượng tái tạo có nguồn gốc từ việc đốt chất hữu cơ như gỗ và rượu là gì?,Sinh khối
Rise of Kingdoms,"Khi tòa thị chính của thống đốc đạt cấp 25, ông ta có thể xây dựng bao nhiêu trang trại?",4
Rise of Kingdoms,"Loại quả nào sau đây, được gọi là 'lê sói', bị cho là có độc?",Cà chua
Rise of Kingdoms,"Trên trang XEM CHỈ HUY, những người chỉ huy đóng vai trò là 'Bậc thầy khoan' nhận được phần thưởng gì?",Quân tấn công 1%
Rise of Kingdoms,Có thể nhận được buff gì khi chiếm giữ Đền thờ Dũng cảm?,Tăng EXP mà chỉ huy nhận được
Rise of Kingdoms,Điều nào sau đây KHÔNG phải là một trong những khả năng của Lohar?,Tổng số hủy diệt
Rise of Kingdoms,Điều nào sau đây KHÔNG phải là một trong những khả năng của Belisarius?,Lực Sấm Sét
Rise of Kingdoms,"Trong số các chỉ huy dưới đây, ai là người phù hợp nhất để dẫn quân CHỐNG địch bộ binh?",Hermann
Rise of Kingdoms,"Trên trang XEM CHỈ HUY, người chỉ huy đóng vai trò 'Người bảo vệ' nhận được phần thưởng gì?",Không có câu trả lời nào trong số này là đúng.
Rise of Kingdoms,Điều nào sau đây KHÔNG phải là một trong những khả năng của Keira?,Máu Vô Kỷ Luật
Rise of Kingdoms,"Trong số các chỉ huy dưới đây, ai là người phù hợp nhất để dẫn quân CHỐNG kẻ thù bắn cung?",Cao Cao
Rise of Kingdoms,Điều nào sau đây KHÔNG phải là một trong những khả năng của Hermann?,Không thể cưỡng lại được
Rise of Kingdoms,"Trong số các tướng dưới đây, tướng nào phù hợp nhất để dẫn quân CHỐNG kỵ binh địch?",Tôn Tử
Rise of Kingdoms,"Trên trang XEM CHỈ HUY, những người chỉ huy đóng vai trò 'Tài chính' nhận được phần thưởng gì?",Tốc độ thu thập 5%
Rise of Kingdoms,Chỉ huy Hannibal Barca giỏi cái gì?,Tấn công thành phố
Rise of Kingdoms,Kinh tuyến gốc đi qua nước nào sau đây?,"Mali -\u003e (Tây Ban Nha, Pháp, Anh, Ghana, Burkina Faso, Mali Algeria)"
Rise of Kingdoms,Điều nào sau đây KHÔNG phải là một trong những khả năng của Matilda of Flanders?,Dòng máu Celtic
Rise of Kingdoms,Điều nào sau đây KHÔNG phải là một trong những khả năng của Mulan?,Đội quân bất khuất
Rise of Kingdoms,"Ngoài 'Số lượng Hướng đạo sinh' và 'Sức mạnh', thông số nào sau đây của Trại Hướng đạo cũng có thể được cập nhật?",Tốc độ hành quân trinh sát và phạm vi thám hiểm
Rise of Kingdoms,Mối quan hệ giữa danh tướng Tolui và Thành Cát Tư Hãn là gì?,Cha và con trai
Rise of Kingdoms,Đơn vị nào được hưởng lợi từ kỹ năng 'Chiến lược gia bậc thầy' của Tôn Tử?,Bộ binh
Rise of Kingdoms,Công nghệ nào có trước Pavis?,Mũi tên Bodkin
Rise of Kingdoms,"Ngoài 'Số lần bạn có thể được giúp đỡ' và 'Sức mạnh', thông số nào sau đây của Trung tâm Liên minh cũng có thể được cập nhật?",Năng lực tiếp viện của thành phố
Rise of Kingdoms,Điều nào sau đây mô tả một con cá hề?,Cá biển nhiệt đới
Rise of Kingdoms,Tam Quốc Diễn Nghĩa bắt đầu vào gần cuối triều đại nào của Trung Quốc?,Anh ta
Rise of Kingdoms,Nguyên nhân chính của cảnh quan karst là gì?,Sự hòa tan của đá hòa tan
Rise of Kingdoms,Bộ luật Hammurabi được khắc trên đá bằng văn bản nào?,Chữ hình nêm
Rise of Kingdoms,Vật phẩm Thu thập Cải tiến có thể tăng tốc độ thu thập của nó lên bao nhiêu không?,50%
Rise of Kingdoms,Ở cấp VIP nào bạn có thể mở khóa vĩnh viễn hàng đợi xây dựng thứ hai?,Cấp độ. 6
Rise of Kingdoms,Vật phẩm Tấn công Cải tiến (Nâng cao) có thể tăng sức tấn công của bạn lên bao nhiêu không?,10%
Rise of Kingdoms,Những người đàn ông và phụ nữ đang ẩn náu ở ngoại ô Florence trong tuyển tập tiểu thuyết 'The Decameron' là gì?,Cái chết đen
Rise of Kingdoms,Điều nào sau đây cấp điểm hoạt động hàng ngày?,Đánh bại quân Barbarian trên bản đồ
Rise of Kingdoms,Những đại dương nào được kết nối bởi kênh đào Panama?,Thái Bình Dương và Đại Tây Dương
Rise of Kingdoms,"Theo câu chuyện về Sói trong thần thoại La Mã, chuyện gì đã xảy ra với cặp song sinh mà cô cho ăn: Romulus và Remus?",Romulus trở thành người sáng lập và vị vua đầu tiên của Rome
Rise of Kingdoms,Which cities are connected by the Dom Luís I Bridge?,Porto and Vila Nova de Gaia
Rise of Kingdoms,"Kể từ khi thành lập vào năm 1863, Ủy ban Chữ Thập Đỏ Quốc tế đã bao nhiêu lần đoạt giải Nobel Hòa bình?",3
Rise of Kingdoms,Shakespeare's Globe được xây dựng ở thành phố hiện đại nào?,Luân Đôn
Rise of Kingdoms,Tên thật của vị hoàng đế cuối cùng của nhà Thanh Trung Quốc là gì?,Huyền Thông
Rise of Kingdoms,Giang Tử Nha đã giúp thành lập triều đại nào của Trung Quốc?,Nhà Chu
Rise of Kingdoms,"Ở Hàn Quốc, Axe Spear là đơn vị đặc biệt của nền văn minh nào?",Pháp
Rise of Kingdoms,"Trong Ark of Osiris, liên minh đầu tiên kiếm được bao nhiêu dịch chuyển tức thời để chiếm được một đài tưởng niệm?",8
Rise of Kingdoms,"Giai đoạn lịch sử châu Âu nào, kéo dài từ năm 1300 đến năm 1600, đã chứng kiến ​​sự tái sinh của mối quan tâm đến văn hóa cổ điển và dẫn đến những thay đổi sâu rộng trong nghệ thuật, học tập và thế giới quan?",Thời Phục hưng
Rise of Kingdoms,Hoàng đế La Mã Thần thánh cuối cùng là ai?,Francis II
Rise of Kingdoms,"Từ thế kỷ 17 đến thế kỷ 19, Vương quốc Phổ phần lớn là quốc gia hiện đại nào?",Nước Đức
Rise of Kingdoms,Lễ Quốc khánh Pháp diễn ra vào ngày 14/7 trùng với sự kiện lịch sử nào?,Tấn công Bastille
Rise of Kingdoms,Vị pharaoh nào đã ra lệnh xây dựng đền thờ Abu Simbel?,Ramses II
Rise of Kingdoms,Bản giao hưởng số 5 cung C thứ của Beethoven được công chiếu tại nhà hát nào vào năm 1808?,Nhà hát ở Viên
Rise of Kingdoms,Tác phẩm nào sau đây dựa trên Trận Roncesvales do Charlemagne và các hiệp sĩ của ông ta chiến đấu?,'Bài hát của Roland'
Rise of Kingdoms,Ai là người sáng lập Edo Bakufu của Nhật Bản?,Tokugawa leyasu
Rise of Kingdoms,Einstein xuất bản bốn bài báo Annus Mirabilis ('Những bài báo kỳ diệu') vào năm nào?,1905
Rise of Kingdoms,Lợi ích của việc nghiên cứu 'Toán học' trong Học viện là gì?,Tăng tốc độ tìm kiếm
Rise of Kingdoms,Vận động viên người Mỹ gốc Phi Jesse Owens giành được bao nhiêu huy chương vàng Olympic năm 1936?,4
Rise of Kingdoms,"Người chỉ huy nào sau đây là người cai trị trên thực tế của vương quốc của bạn, nhưng chưa bao giờ chính thức là nguyên thủ quốc gia?",Carlos Martell
Rise of Kingdoms,Ngày Elbe là cuộc gặp gỡ của quân đội nào trong Thế chiến thứ hai?,Mỹ và Liên Xô
Rise of Kingdoms,Tại sao y tá người Anh Florence Nightingale được biết đến với biệt danh 'Quý bà cầm đèn'?,Bởi vì tôi cần khám bệnh nhân vào ban đêm
Rise of Kingdoms,"Trong thần thoại Bắc Âu, Cây Thế giới là gì?",Tro
Rise of Kingdoms,Cuốn sách cuối cùng của Darwin chủ yếu thảo luận về ảnh hưởng của loài nào trên đất?,Giun
Rise of Kingdoms,"Chức danh Pierre de Coubertin, người sáng lập Ủy ban Olympic quốc tế là gì?",Nam tước
Rise of Kingdoms,Đế chế Mông Cổ được chia thành bao nhiêu hãn quốc hoặc đế chế vào thời điểm Hốt Tất Liệt qua đời năm 1294?,4
Rise of Kingdoms,"Vào thời nhà Hán của Trung Quốc, ai đã mở ra Con đường tơ lụa dưới thời Hoàng đế Ngô?",Trương Khiên
Rise of Kingdoms,"Trong thần thoại Hy Lạp, Nữ thần Eos được biết đến như thế nào?",Nữ thần bình minh
Rise of Kingdoms,Giải quần vợt Wimbledon đầu tiên diễn ra vào năm nào?,1877
Rise of Kingdoms,Từ 'Công thức' có nghĩa là gì trong 'Cuộc đua Công thức 1'?,Nội quy xe tham gia phải tuân theo
Rise of Kingdoms,'Nút thắt cà vạt Windsor' được phổ biến bởi vị vua nước Anh nào?,Edward VIII
Rise of Kingdoms,Những mặt hàng nào KHÔNG THỂ mua được trong Cửa hàng Thương nhân Bí ẩn?,Trang hộ chiếu
Rise of Kingdoms,Đóng góp phi thường nào cho khoa học đã mang lại cho nhà sinh vật học Carl Landsteiner giải thưởng Nobel?,Khám phá nhóm máu con người
Rise of Kingdoms,Nền văn minh nào sau đây có thể tăng công suất bệnh viện?,Byzantium
Rise of Kingdoms,Người chỉ huy nào thường được coi là tấm gương lý tưởng của 'Tinh thần võ sĩ đạo'?,Kusunoki Masashige
Rise of Kingdoms,Tôi nên trang bị bao nhiêu vật phẩm có cùng chất lượng để hoàn thành 'Sẵn sàng chiến đấu'?,6
Rise of Kingdoms,'Trận Navas de Tolosa' là bước ngoặt lớn trong cuộc xung đột nào?,Cuộc chinh phục lại
Rise of Kingdoms,Ngôi mộ nào của pharaoh Ai Cập cổ đại đã được nhà khảo cổ học người Anh Howard Carter phát hiện vào năm 1922?,Tutankhamun (Tutankhamun)
Rise of Kingdoms,Charles Macintosh đã tạo ra phiên bản đầu tiên của áo mưa từ chất liệu gì?,Cao su
Rise of Kingdoms,Nước Anh đã chiến đấu ở nước nào trong trận Agincourt?,Pháp
Rise of Kingdoms,Vị hoàng đế nào được nhiều người du mục Thổ Nhĩ Kỳ mệnh danh là 'Khan của Thiên đường' trong các triều đại nhà Tùy và nhà Đường?,Hoàng đế Thái Tông nhà Đường
Rise of Kingdoms,Thành phố nào sau đây là thành phố đầu tiên có hệ thống tàu điện ngầm tốc hành?,Luân Đôn
Rise of Kingdoms,Sao chổi chu kỳ ngắn duy nhất có thể được nhìn thấy thường xuyên bằng mắt thường từ Trái đất là gì?,Sao chổi Halley
Rise of Kingdoms,"Trên trang XEM CHỈ TIÊU, những người chỉ huy đóng vai trò 'Người bảo vệ Bloodfist' nhận được phần thưởng gì?",Sức khỏe quân đội 1%
Rise of Kingdoms,Việc giảm số liệu nào sau đây có thể cho thấy mức độ gần với trạng thái chân không ngày càng tăng?,Áp suất không khí
Rise of Kingdoms,"'Trận chiến sông Phi' diễn ra vào thời đại nào trong lịch sử Trung Quốc, khi một nhóm nhỏ binh lính áp đảo một lực lượng vượt trội hơn rất nhiều?",Vào thời nhà Tấn
Rise of Kingdoms,Cần bao nhiêu Điểm hoạt động hàng ngày để nhận phần thưởng manh mối Quà tặng hàng ngày trong 'Cuộn giấy Lucerne'?,50
Rise of Kingdoms,Quốc gia nào sau đây KHÔNG tham gia Chiến tranh Bảy năm Bắc Âu (1563-1570)?,Vương quốc Anh
Rise of Kingdoms,Reggae đến từ đâu?,Jamaica
Rise of Kingdoms,Tại sao Biển Chết có tên như vậy?,Nước có độ mặn cao ngăn cản thực vật và động vật phát triển gần nó
Rise of Kingdoms,Ai là người hoặc cặp người leo núi đầu tiên lên tới đỉnh Everest theo hồ sơ?,Tenzing Norgay và Edmund Hilary
Rise of Kingdoms,Nhà soạn nhạc nào đã viết vở opera 'The Ring of the Nibelungs'?,Wagner
Rise of Kingdoms,FIFA World Cup diễn ra bao lâu một lần?,Cứ sau 4 năm
Rise of Kingdoms,Chữ tượng hình là một phần của hệ thống chữ viết chính thức của nước nào?,Ai Cập cổ đại
Rise of Kingdoms,Những vật phẩm nào KHÔNG THỂ có được bằng cách đánh bại những kẻ man rợ?,Điểm VIP
Rise of Kingdoms,"Chủng tộc sinh vật nào, thần thoại hay nói cách khác, sống ở Asgard theo thần thoại Bắc Âu?",Aesir
Rise of Kingdoms,Xe đạp được giới thiệu ở châu Âu khi nào?,Thế kỷ 19
Rise of Kingdoms,Có bao nhiêu chữ cái được sử dụng trong phiên bản tiếng Anh hiện tại?,26
Rise of Kingdoms,Nền văn minh nào sau đây không thể tăng cường kỵ binh của mình?,Người Ottoman
Rise of Kingdoms,Trang bị có phần thưởng tài năng đặc biệt sẽ tăng chỉ số của nó lên bao nhiêu phần trăm khi được người chỉ huy trang bị tài năng tương ứng?,30%
Rise of Kingdoms,"Tôi cho biết chuyến đi bi thảm của bạn, điểm đến dự kiến ​​của tàu Titanic là gì?",New York
Rise of Kingdoms,Công ty Walt Disney nằm ở tiểu bang nào?,California
Rise of Kingdoms,"Trong thần thoại cổ đại, cha của Hermes là ai?",Thần Zeus
Rise of Kingdoms,Đơn vị nào sau đây được đo bằng 'năm ánh sáng'?,Khoảng cách
Rise of Kingdoms,Người phụ nữ đầu tiên được Hephaestus tạo ra trong thần thoại Hy Lạp là ai?,Pandora
Rise of Kingdoms,Kỹ năng liên minh 'Món quà của thiên nhiên' có tác dụng gì khi sử dụng?,Triệu hồi điểm tài nguyên trong khu vực đã chọn
Rise of Kingdoms,Tác phẩm nào trong văn học Monogatari của Nhật Bản mô tả truyền thuyết 'Kaguya-hime'?,Truyền thuyết về người chặt tre
Rise of Kingdoms,Lãnh đạo quân sự Carlos Martel KHÔNG được biết đến với chiến công nào sau đây?,Lãnh đạo các đơn vị kỵ binh
Rise of Kingdoms,Công nghệ nào sau đây có trước 'Cưỡi ngựa'?,Kỷ luật quân đội
Rise of Kingdoms,Công cụ hữu ích nào được phát minh bởi người thợ mộc nổi tiếng Lỗ Ban?,Cái cưa
Rise of Kingdoms,Loài rắn nhỏ nhất được biết đến là gì?,Leptotyphlops carlae
Rise of Kingdoms,Yi Seong-Gye chuyên về lĩnh vực nào sau đây?,Cắt tỉa
Rise of Kingdoms,Con vật nào đã truyền cảm hứng cho cái tên 'Sông Hổ' trong tiếng Hy Lạp cổ đại?,Con hổ
Rise of Kingdoms,Công nghệ 'Hội Tam điểm' có thể giúp cải thiện điều gì?,Tốc độ xây dựng các tòa nhà trong thành phố của bạn
Rise of Kingdoms,Ai đã bắt đầu cuộc hành quân muối đầu tiên?,Mahatma Gandhi
Rise of Kingdoms,'Dao cắt chuồn chuồn' là vũ khí được lựa chọn của người anh hùng huyền thoại nào?,Honda Tadakatsu
Rise of Kingdoms,Sự kiện nào sau đây KHÔNG phải là một phần của cuộc thi ba môn phối hợp?,Bay lượn
Rise of Kingdoms,"Trong mã Morse, khoảng thời gian tính bằng dấu chấm giữa hai từ là bao nhiêu?",7 điểm
Rise of Kingdoms,Mô tả nào sau đây không chính xác về 'Mare Imbrium' trên mặt trăng?,Nó chứa một lượng nước trầm tích nhất định
Rise of Kingdoms,Khả năng chủ động nào của Chỉ huy có thể gây ra Im lặng?,Hermann
Rise of Kingdoms,Điều nào sau đây KHÔNG làm tăng giới hạn thành viên Liên minh?,Bổ nhiệm cán bộ
Rise of Kingdoms,Gấu trúc có 5 ngón chân có móng vuốt và ngón chân thứ sáu. Gấu trúc sử dụng chữ số thứ sáu để làm gì?,Để cầm tre khi ăn
Rise of Kingdoms,Công nghệ Liên minh 'Người bảo vệ Lãnh thổ' tăng chỉ số quân đội nào khi chiến đấu trong lãnh thổ Liên minh?,Tấn công
Rise of Kingdoms,Tháp Jin Mao Thượng Hải có bao nhiêu tầng?,88
Rise of Kingdoms,Tòa thị chính của bạn cần ở cấp độ nào để bước vào Thời đại thép (Sắt)?,Cấp 10
Rise of Kingdoms,Biệt danh của Cleopatra VII trong game là gì?,Nữ hoàng Ai Cập
Rise of Kingdoms,Nền văn minh nào sau đây có thể tăng tốc độ hồi phục của bạn?,Pháp
Rise of Kingdoms,Hiệu ứng nào KHÔNG phải do khả năng của Aethelflaed gây ra?,Chữa lành các đơn vị bị thương nhẹ
Rise of Kingdoms,Vật phẩm Đội quân lừa dối làm sai lệch thông tin gì cho Trinh sát đối phương?,Số đơn vị trong thành phố của bạn
Rise of Kingdoms,Thành phố lớn nhất ở Anh là gì?,Luân Đôn
Rise of Kingdoms,Tác phẩm hòa tấu 'Overture 1812' được sáng tác để tưởng nhớ chiến thắng của ai?,Đế quốc Nga
Rise of Kingdoms,Người chỉ huy nào trong số này có khả năng biến một số đơn vị chết thành đơn vị bị thương nặng khi tấn công một thành phố?,Charlemagne
Rise of Kingdoms,Làm cách nào để bạn kiếm được Điểm công nghệ của Liên minh?,Đóng góp cho Liên minh nghiên cứu công nghệ
Rise of Kingdoms,Câu nào trong số này là của Tomoe Gozen?,Sức mạnh của tôi có thể khiến cả ma sợ hãi
Rise of Kingdoms,Cái nào KHÔNG phải là một trong những khả năng của Tào Tháo?,Trận chiến nỗi buồn
Rise of Kingdoms,Người bảo trợ nghệ thuật Duque Lorenzo thuộc về gia đình thời Phục hưng nổi tiếng và có ảnh hưởng nào?,Nhà Medici
Rise of Kingdoms,Câu chuyện nào sau đây không thuộc truyện cổ tích anh em nhà Grimm?,Nàng tiên cá nhỏ
Rise of Kingdoms,Cuộc chiến tranh trăm năm giữa Anh và Pháp kéo dài bao lâu?,116 năm
Rise of Kingdoms,Bộ phim hoạt hình nào KHÔNG do Hayao Miyazaki đạo diễn?,Ớt bột
Rise of Kingdoms,"Nữ hoàng Geneva đã yêu Hiệp sĩ Bàn tròn nào, theo truyền thuyết Arthurian?",Lancelot
Rise of Kingdoms,Điều nào sau đây KHÔNG phải là điều kiện tiên quyết cho Lập bản đồ công nghệ quân sự?,Đạn đạo
Rise of Kingdoms,'Căn phòng đầy sao' ở cung điện nước Anh nào?,Cung điện Westminster
Rise of Kingdoms,Có bao nhiêu năm giữa mỗi kỳ Thế vận hội Mùa đông?,4 năm
Rise of Kingdoms,Boss nào trong sự kiện Khủng hoảng Ceroli đã lên kế hoạch uống một ngụm thành công?,Quảng trường
Rise of Kingdoms,"Vị á thần nào bắt được Cerberus, 'con chó ba đầu của Hades' theo thần thoại Hy Lạp?",Hercules
Rise of Kingdoms,Sử thi 'Poema de El Cid' bắt nguồn từ nước nào?,Tây ban nha
Rise of Kingdoms,Cầu thủ bóng đá Lionel Messi chơi cho câu lạc bộ nào lâu nhất?,Barcelona
Rise of Kingdoms,Bang nào đã tạo ra hình thức tiền giấy đầu tiên?,Trung Quốc cổ đại
Rise of Kingdoms,Tác phẩm điêu khắc nào đã được Mark Twain mô tả là 'tảng đá kỳ lạ và cảm động nhất trên thế giới'?,Sư tử Lucerne
Rise of Kingdoms,Có bao nhiêu người lính tuần tra lang thang trên tường của thống đốc?,7
Rise of Kingdoms,Những tính năng tăng cường nào sau đây có tác dụng với Expeditions trong Rise of Kingdoms?,Tất cả
Rise of Kingdoms,Thể loại văn học hư cấu “cứng rắn” hay “noir” xuất hiện từ khi nào?,Thập niên 1920
Rise of Kingdoms,In which of these campaigns did Tutemés III participate?,The Battle of Megiddo
Rise of Kingdoms,Có bao nhiêu bông hồng xuất hiện trong bảng avatar Cánh Hoa Hồng?,4
Rise of Kingdoms,Quốc gia nào đầu tiên phát minh và sử dụng giấy cói làm vật liệu viết?,Ai Cập
Rise of Kingdoms,Vật phẩm nào triệu hồi Fearless Lohar?,Khiên thợ rèn
Rise of Kingdoms,Vật phẩm nào sau đây chứa đựng ghi chép hữu ích về cách người Ai Cập cổ đại có thể sang thế giới bên kia sau khi chết?,Cuốn sách của người chết
Rise of Kingdoms,In which city are the Obelisks of Tutemés III located?,Istanbul
Rise of Kingdoms,Chỉ huy nào trong số này có nhánh Tấn công trong cây Tài năng của họ?,Đội trưởng
Rise of Kingdoms,Hai loại vật liệu xây dựng được sử dụng nhiều nhất trong ngành xây dựng Ai Cập cổ đại là gì?,Gạch đất sét và đá
Rise of Kingdoms,"Phần thưởng nào có thể được trao cho các thống đốc KHÔNG đủ điều kiện tham gia Ark of Osiris, nhưng có thành viên liên minh đủ điều kiện và bị đánh bại?",Đá quý
Rise of Kingdoms,Thành phố nào của Ai Cập đánh dấu biên giới giữa Thượng Ai Cập và Hạ Ai Cập trong thời kỳ tiền triều đại?,Memphis
Rise of Kingdoms,Bộ phim đầu tiên của Charlie Chaplin là gì?,Carlitos Repórter
Rise of Kingdoms,Các tù trưởng Ceroli Ak và Hok còn được biết đến với cái tên nào khác?,Cặp song sinh Astral
Rise of Kingdoms,Pharaoh nào đã ban hành sắc lệnh xuất hiện trên Đá Rosetta?,Ptolemy V
Rise of Kingdoms,Điều nào sau đây KHÔNG phải là hình phạt cho việc không trích xuất đầy đủ tất cả tài nguyên từ một điểm tài nguyên?,Chịu một cuộc tấn công man rợ
Rise of Kingdoms,Vị thần Ai Cập cổ đại nào được miêu tả có đầu sư tử?,Tephnis
Rise of Kingdoms,Kỵ binh nhận được những phước lành chiến đấu nào trong Champions of Olympia?,Phước lành của Hades
Rise of Kingdoms,Tàn tích La Mã cổ đại nào nằm ở Algeria chính thức được công nhận là Di sản Thế giới vào năm 1982?,The ruins of Djémila
Rise of Kingdoms,"In which city did Henry I of Bourbon, Prince of Condé, die?",Saint-Jean-d'Angély
Rise of Kingdoms,Nhân vật nào trong lịch sử đã cải trang thành thuyền trưởng Phổ và kiếm được hơn 4.000 đồng vàng để sau này được coi là anh hùng dân gian và được gọi là 'Thuyền trưởng của Köpenick'?,Wilhelm Voight
Rise of Kingdoms,"Người chỉ huy nói gì, 'Hãy chắc chắn rằng không ai trong số họ trốn thoát!'",Charlemagne
Rise of Kingdoms,Ông chủ Ceroli nào đến từ Horn Bay?,Keira
Rise of Kingdoms,Bạn có thể nhìn thấy bao nhiêu lều nhỏ trong Barbarian Hold cấp 3?,6
Rise of Kingdoms,Chỉ huy nào có một con tàu trong nền của mình?,Pelagius
Rise of Kingdoms,Có bao nhiêu cơn bão được ghi nhận ở khu vực Thái Bình Dương vào năm 1977?,4
Rise of Kingdoms,Bộ binh nhận được những phước lành chiến đấu nào trong Champions of Olympia?,Lời chúc phúc của Athena
Rise of Kingdoms,Thủ lĩnh Ceroli nào đã dành hơn 20 năm để quản lý vùng Viễn Bắc?,Quảng trường
Rise of Kingdoms,Vị thần nào sau đây KHÔNG nên nhận lễ vật tại Đền Abu Simbel?,Anubis
Rise of Kingdoms,Có bao nhiêu sinh viên tham dự các bài giảng của các học giả tại Lyceum of Wisdom?,6
Rise of Kingdoms,"Sau khi cây ăn thịt bắt được côn trùng, nó tiêu hóa và hấp thụ con mồi như thế nào?",Mặt trong của lá tiết ra dịch tiêu hóa
Rise of Kingdoms,Tên của ngôi đền cổ Luxor của Ai Cập còn có ý nghĩa gì?,Ngôi đền phía nam
Rise of Kingdoms,Boss Ceroli nào sử dụng hai vũ khí cùng một lúc?,Astrid
Rise of Kingdoms,Thành tích nào được mở khóa khi chi hơn 200 Chìa khóa Quán rượu Vàng trong một giao dịch?,Bao gồm tất cả
Rise of Kingdoms,Kẻ thù truyền kiếp của Tư lệnh Saladin là ai?,Ricardo tôi
Rise of Kingdoms,Huy chương nào sau đây là huy chương cao cấp nhất của Đế quốc Hàn Quốc?,Huân chương Cheok vàng
Rise of Kingdoms,Tù trưởng Ceroli Wafura còn được biết đến với cái tên nào khác?,Cái bóng của sói
Rise of Kingdoms,Kim tự tháp đầu tiên ở Ai Cập cổ đại được xây dựng khi nào?,Vương triều thứ ba của Ai Cập
Rise of Kingdoms,Boss Ceroli nào đến từ Thung lũng Sabretooth?,Ak và Hok
Rise of Kingdoms,Bạn cần làm gì để đạt được thành tích Bảo vệ Nhân chứng?,Thay đổi biệt danh của bạn 10 lần
Rise of Kingdoms,Người Ai Cập cổ đại chủ yếu khai thác loại đá nào ở đồng bằng sông Nile?,Đá vôi
Rise of Kingdoms,"Ngôn ngữ mẹ đẻ của Cleopatra VII, còn được gọi là Cleopatra, Nữ hoàng Ai Cập là gì?",Tiếng Hy Lạp
Rise of Kingdoms,Người chỉ huy nào nói: 'Số phận của tôi được quyết định bởi niềm tin và cơ hội'?,Matilda xứ Flanders
Rise of Kingdoms,Năng lực của quân tiếp viện mà một thành phố nhận được ở Trung tâm Liên minh cấp 20 là bao nhiêu?,575.000
Rise of Kingdoms,Người chỉ huy nào KHÔNG được mặc áo choàng?,Mehmed II
Rise of Kingdoms,What color is the floral headdress worn by Commander Sárka in Rise of Kingdoms?,Red
Rise of Kingdoms,Khả năng hoạt động hình quạt của Chỉ huy Yi Seong-Gye sẽ diễn ra như thế nào sau khi có được Kỹ năng?,Một vòng tròn
Rise of Kingdoms,Bạn cần đứng ở vị trí nào trong bảng xếp hạng hàng ngày của Sunset Canyon để nhận được phần thưởng Chìa khóa vàng hàng ngày?,Trong top 5
Rise of Kingdoms,Buff chiếm chỗ nào được cung cấp bởi Altar of Flame?,Quân tấn công 3%
Rise of Kingdoms,Charles V đã giải cứu Bertrand du Guesclin với giá bao nhiêu franc trong cuộc xung đột ở Brittany?,100.000
Rise of Kingdoms,Nhà côn trùng học và nhà thiên văn học người New Zealand nào lần đầu tiên đề xuất áp dụng phương pháp tiết kiệm thời gian ban ngày?,George Hudson
Rise of Kingdoms,Có bao nhiêu cung thủ được thể hiện đang luyện tập tại Trung tâm Pháo binh khi huấn luyện cung thủ kết hợp?,3
Rise of Kingdoms,Bạn mong đợi có bao nhiêu quái thú sẽ chiến đấu bên cạnh đội quân man rợ cấp 20 trong Rise of Kingdoms?,1 con gấu và 2 con sói
Rise of Kingdoms,Nhân vật ankh tượng trưng cho điều gì trong chữ tượng hình Ai Cập cổ đại?,Mạng sống
Rise of Kingdoms,Các nghệ nhân Ai Cập cổ đại đã sử dụng chất liệu gì để chạm khắc tượng và tranh tường?,Cục đá
Rise of Kingdoms,Trong bối cảnh của người chỉ huy nào bạn có thể nhìn thấy một con chó?,Ricardo tôi
Rise of Kingdoms,Chỉ huy nào KHÔNG được tăng cấp độ kỹ năng từ Tác phẩm điêu khắc chỉ huy huyền thoại?,Hannibal Barca
Rise of Kingdoms,Tào Tháo giỏi lãnh đạo đơn vị nào?,Kỵ binh
Rise of Kingdoms,Đế chế của Srivijaya nằm ở khu vực nào?,Đông Nam Á
Rise of Kingdoms,Cao nguyên cao nhất thế giới là gì?,Cao nguyên Tây Tạng
Rise of Kingdoms,Động vật nào sau đây KHÔNG phải là động vật có vú?,Con rùa
Rise of Kingdoms,Vật phẩm Tấn công cải tiến 12 giờ tăng sức tấn công của quân bạn lên bao nhiêu?,5%
Rise of Kingdoms,Ông chủ sự kiện Ceroli Crisis nào thành thạo ma thuật độc?,Mẫu Anh
Rise of Kingdoms,"Zarathustra đến từ đất nước nào, từ bài thơ giao hưởng 'Zarathustra đã nói như vậy'?",Ba Tư
Rise of Kingdoms,Móng tay của con người được làm bằng chất liệu gì?,Alpha-keratin
Rise of Kingdoms,Biên giới của quốc gia nào sau đây trải dài qua hai châu lục?,Ai Cập
Rise of Kingdoms,Late Show with David Letterman ra mắt vào năm nào?,1993
Rise of Kingdoms,"Ai đã viết 'Con người, tất cả đều quá con người'?",Nietzsche
Rise of Kingdoms,'Người cuối cùng của người La Mã' là một tính từ dùng để mô tả ai đó có lối suy nghĩ cổ điển của người La Mã. Ai sẽ KHÔNG là một ví dụ về điều này?,Attila
Rise of Kingdoms,Kỹ năng đặc biệt nào của người chỉ huy này là phiên bản nâng cao của kỹ năng đã có từ trước?,Bjorn Ironside
Rise of Kingdoms,Tháng 10 còn được gọi bằng tên nào khác trong lịch cổ của Nhật Bản?,Kannazuki
Rise of Kingdoms,"Nghề nghiệp của Theodorus Van Gosh, em trai của họa sĩ nổi tiếng người Hà Lan Vincent Van Gosh là gì?",Đại lý nghệ thuật
Rise of Kingdoms,'Trận Marengo' diễn ra ở quốc gia nào?,Ý
Rise of Kingdoms,Trữ lượng dầu lớn nhất thế giới đã được chứng minh nằm ở đâu?,Cánh đồng Ghawar
Rise of Kingdoms,Có bao nhiêu lều được hiển thị trong biểu tượng Công nghệ quân sự?,3
Rise of Kingdoms,Chỉ huy Boudica đã ở vương quốc nào?,Icena
Rise of Kingdoms,Điều nào sau đây KHÔNG ngăn cản bạn bước vào chiến trường Ark of Osiris?,Kích hoạt nâng cấp tấn công
Rise of Kingdoms,Tòa thị chính chiếm bao nhiêu không gian trong thành phố?,9x9
Rise of Kingdoms,Các mảnh bản thiết kế của phụ kiện nào sau đây KHÔNG THỂ đổi được trong Cửa hàng Mùa Chinh Phục?,Mặt dây chuyền đêm vĩnh cửu
Rise of Kingdoms,"Trà Assam, nổi tiếng với hương thơm đậm đà, có nguồn gốc từ nước nào?",Ấn Độ
Rise of Kingdoms,"Phô mai mozzarella, loại phô mai gắn liền với pizza và ẩm thực Ý, được sản xuất lần đầu tiên ở quốc gia nào?",Ý
Rise of Kingdoms,Hình phạt nào sau đây có thể được áp dụng khi sử dụng phần mềm của bên thứ ba?,Hạn chế chiến đấu
Rise of Kingdoms,Tay phải của tác phẩm điêu khắc nổi tiếng có tên 'Người suy nghĩ' ở đâu?,Dưới cằm
Rise of Kingdoms,Ông chủ Ceroli nào đã bao vây Thành dũng cảm bằng lực lượng của mình?,Quảng trường
Rise of Kingdoms,Chỉ huy Người bảo vệ Thành phố sử dụng vũ khí gì?,Một cái rìu và một cái khiên
Rise of Kingdoms,Khả năng nào trong số những khả năng này của Chỉ huy Tôn Tử được tăng cường nhờ Thức tỉnh?,Nghệ thuật chiến tranh
Rise of Kingdoms,Khả năng chủ động của Chỉ huy Joan of Arc mang lại sức mạnh gì cho lực lượng đồng minh?,Sự tức giận
Rise of Kingdoms,Cái nào KHÔNG THỂ lấy được từ Rương Thiết Bị Quán Rượu?,Tăng tốc luyện tập 60 phút
Rise of Kingdoms,Cá và khoai tây chiên có nguồn gốc từ nước nào?,Nước Anh
Rise of Kingdoms,Tổng cộng có bao nhiêu lá bài được hiển thị trên tay Nhà giao dịch bí ẩn?,5
Rise of Kingdoms,Loại chỉ huy nào trở thành Chỉ huy đồn trú tạm thời nếu Thống đốc chưa bổ nhiệm chỉ huy hoặc chỉ huy được chỉ định không có mặt?,Người chỉ huy cấp cao nhất hiện nay
Rise of Kingdoms,Thành phần nào sau đây KHÔNG phải là thành phần được sử dụng để rèn vũ khí Sử thi 'Thời kỳ Hoàng kim'?,Xương động vật
Rise of Kingdoms,Kim tự tháp lớn nhất thế giới là gì?,Kim tự tháp vĩ đại Cholula
Rise of Kingdoms,Nhà thờ Santa Maria del Fiore nằm ở vùng nào của Ý?,Tuscany
Rise of Kingdoms,'Tongwan Cheng' là thủ đô của dân tộc nào ở Trung Quốc cổ đại?,Hung Nô
Rise of Kingdoms,"Được tổ chức vào năm 1929, giải Oscar đầu tiên kéo dài bao lâu?",15 phút
Rise of Kingdoms,"Trong sự kiện Mong Muốn Chiến Thắng, người chơi có thể kiếm được phần thưởng như thế nào?",Huấn luyện quân đội
Rise of Kingdoms,"Súng lục Luger, được sản xuất cho quân đội Đức trong Thế chiến thứ hai, sử dụng loại đạn nào?",Parabellum 9mm
Rise of Kingdoms,Các trang hộ chiếu được sử dụng để nhập cư vào các vương quốc khác. Số trang hộ chiếu được sử dụng là bao nhiêu?,Quyền lực quản lý cá nhân
Rise of Kingdoms,Dân tộc nào đã sáng lập nên nền văn minh đầu tiên của Lưỡng Hà?,Người Sumer
Rise of Kingdoms,"Ở vương quốc vàng, bạn cần giải phóng bao nhiêu lối đi để nhận được rương vàng?",4 vé
Rise of Kingdoms,"Trong thời kỳ Ai Cập cao và thấp, Pharaoh của Ai Cập Alto có màu sắc như thế nào?",Trắng
Rise of Kingdoms,Khả năng liên minh 'được nạp hoàn toàn' khi sử dụng là gì?,Tăng tốc độ họp của các thành viên liên minh thành một loại kháng cáo
Rise of Kingdoms,Serval sống ở lục địa nào đầu tiên?,Châu phi
Rise of Kingdoms,Trạm nghiên cứu nào trong số này nằm ở vĩ độ cao nhất?,TRẠM POLO SOUTH AUNDSEN-SCOTT
Rise of Kingdoms,Nền văn minh nào sau đây cung cấp 20% phần thưởng tốc độ chữa bệnh cho các bệnh viện?,PHÁP
Rise of Kingdoms,Cần kết hợp bao nhiêu mảnh quặng sắt thông thường để tạo ra một mảnh quặng sắt cao cấp?,R: 4
Rise of Kingdoms,Khả năng liên minh của 'nghệ nhân lành nghề' làm gì khi sử dụng?,Tốc độ xây dựng cờ liên minh tăng lên rất nhiều
Rise of Kingdoms,Vị chỉ huy nào được mệnh danh là 'vòng cung cách mạng'?,R: YI 'S'EONG-GYE
Rise of Kingdoms,Con đường hẹp nào sau đây nằm giữa Âu Á và Bắc Mỹ?,Eo biển Bering
Rise of Kingdoms,"Cái nào trong số này không phải là một trong những mưu kế thắng lợi được liệt kê trong cuốn sách quân sự cổ của Trung Quốc, “ba mươi sáu mưu kế”?",Chiến lược 'sự trống rỗng mạnh mẽ'
Rise of Kingdoms,Khung Avatar nào có thể nhận được tại sự kiện Crisis Ceroli?,Vương quốc tàu ngầm
Rise of Kingdoms,Đỉnh cao nhất trên thế giới là gì?,MONTE EVEREST
Rise of Kingdoms,24 “thuật ngữ mặt trời” có phải là hệ thống lịch truyền thống của Trung Quốc được sử dụng vào mục đích gì?,Nông nghiệp
Rise of Kingdoms,Seondeok là nữ hoàng của Silla (một phần của Hàn Quốc ngày nay). Tên khai sinh của bà là gì?,Kim Deokman
Rise of Kingdoms,Chỉ huy nào sau đây thu thập tài nguyên kém?,Nữ xạ thủ
Rise of Kingdoms,Vitamin nào có thể gây quáng gà?,Vitamin A
Rise of Kingdoms,Chu Cát Lượng không liên quan đến sự việc nào sau đây được kể trong tiểu thuyết Tam Quốc?,Cuộc nổi dậy của khăn xếp màu vàng
Rise of Kingdoms,"Bastille, một nhà tù vốn nằm ở trung tâm Paris, Pháp, ban đầu được dùng với mục đích gì?",Phòng thủ Fortaleza
Rise of Kingdoms,"Trong thần thoại Hy Lạp, ai đã cướp cỗ xe của mặt trời và đốt cháy trái đất?",Faeton
Rise of Kingdoms,Vị vua nào đã xây dựng Santa Sofia?,Justinian I
Rise of Kingdoms,Feijoada có được coi là món ăn quốc gia của quốc gia nào không?,Brazil
Rise of Kingdoms,'Khoan vết thương' là khả năng của nhân vật nào trong cuộc khủng hoảng Ceroli?,ASTRID
Rise of Kingdoms,"Johannes Vermeer, họa sĩ làm khuyên tai ngọc trai, là nước nào?",Hà Lan
Rise of Kingdoms,Năng lực vận chuyển tiêu chuẩn là bao nhiêu nếu phù hợp với một trạm thương mại cấp 25?,R: 5 triệu
Rise of Kingdoms,Cướp biển râu đen khét tiếng đã đến nước nào?,Nước Anh
Rise of Kingdoms,Ai đã thành lập chế độ tam hùng đầu tiên với Caesar và Pompey?,CRASSUS
Rise of Kingdoms,Chiến thuật chiến đấu là một công nghệ quân sự quan trọng - chúng có tác dụng gì?,Tăng sức tấn công của tất cả các đơn vị
Rise of Kingdoms,Loài chim sống lớn nhất trên thế giới là gì?,Đà điểu
Rise of Kingdoms,Tỉnh là nước nào?,PHÁP
Rise of Kingdoms,Loại trái cây nào sau đây xuất hiện trong bối cảnh của Chỉ huy IMHOTEP?,Chuối
Rise of Kingdoms,Sự thống nhất đặc biệt của nền văn minh Trung Quốc là gì?,CHA-KO-NU
Rise of Kingdoms,Loại giày nào trong số này phù hợp với các chuyến thám hiểm của Rise of Kingdoms?,Tất cả
Rise of Kingdoms,Tên của thành tích đạt được khi mua lại 3 chủ đề cố định của thành phố là gì?,Chủ đề màu sắc kỹ thuật
Rise of Kingdoms,Loại kho báu pha lê nào được tìm thấy trong liên minh cấp 26 hiện tại?,Kho báu pha lê xanh
Rise of Kingdoms,Tăng bao nhiêu điểm cho 1 điểm sức mạnh trong phân đoạn 'Giai đoạn 4: Cải thiện sức mạnh' của sự kiện 'Thống đốc quyền lực nhất'?,2
Rise of Kingdoms,Tác phẩm nào trong số này Sherlock Holmes xuất hiện lần đầu tiên?,Một nghiên cứu màu đỏ
Rise of Kingdoms,Loại địa hình nào sau đây gây ra ảnh hưởng nhỏ trong việc bảo vệ quân trên bản đồ đồi Kho bạc trong 'Nhà vô địch Olympic'?,Bão
Rise of Kingdoms,Vật phẩm nào sau đây không thể lấy được từ Rương đá Aliança?,Chìa khóa bạc
Rise of Kingdoms,Điều gì đã gây ra cái chết của cha mẹ cảnh sát trưởng Ceroli Dekar?,Việc khám phá các nghiên cứu về phép thuật
Rise of Kingdoms,Có bao nhiêu viên ngọc lục bảo xuất hiện trên quần áo của Chỉ huy Matilda de Flanders?,R: 5
Rise of Kingdoms,Khả năng tăng tốc nào sau đây không có trong Rise of Kingdoms?,Tăng tốc 6 giờ
Rise of Kingdoms,Một ấn bản duy nhất của Jornal do Reino có giá bao nhiêu?,R: 1.000
Rise of Kingdoms,Có thể nhận được bao nhiêu tín dụng cá nhân bằng cách bán các nhà máy thiết bị thông thường thông qua tính năng khôi phục cửa hàng liên minh?,R: 400
Rise of Kingdoms,"Khi không bị ảnh hưởng bởi buff, sức chứa tài nguyên của kho cấp 25 đối với từng loại tài nguyên là bao nhiêu?",Đ: 2.500.000
Rise of Kingdoms,Nguyên liệu nào sau đây được dùng để làm nước tương?,Đậu nành
Rise of Kingdoms,Nhân vật nào trong số những nhân vật của Đế chế Seleucid này đã bị La Mã bắt làm con tin để sau đó chạy trốn khỏi La Mã và quay trở lại giành lấy ngai vàng của quê hương mình?,DEMETRIO tôi
Rise of Kingdoms,Màu gì được sử dụng trên mái các tòa nhà của nền văn minh Nhật Bản?,Đen
Rise of Kingdoms,Phần thưởng nào trong số này sẽ không được nhận bởi người đầu tiên dán mắt vào mùa hẻm núi hoàng hôn?,Hướng đạo Starlighted Starlighted Light
Rise of Kingdoms,Phong cách nào sau đây không được coi là một trong 8 phong cách chính của ẩm thực Trung Quốc đương đại?,Bếp Hoài Dương
Rise of Kingdoms,Điều kiện để mở khóa độ khó ác mộng trong sự kiện 'Ballads de Ian' là gì?,Đạt NV.23 của Tòa thị chính và 20 triệu điện
Rise of Kingdoms,Có bao nhiêu 'Bộ sưu tập Trang bị Vương quốc Vàng' tồn tại trong Rương Vàng ở giai đoạn 16 của sự kiện 'Vương quốc Vàng'?,R: 3
Rise of Kingdoms,Mánh lới quảng cáo nổi tiếng nào cho thấy một đứa trẻ đang đi tiểu?,Manneken Pis
Rise of Kingdoms,Ở cấp độ VIP nào bạn có thể mua rương VIP đặc biệt chứa đủ tác phẩm điêu khắc Hannibal Barca để đánh thức nó?,14
Rise of Kingdoms,Những khung hình avatar nào có giá cả phải chăng để mua?,Cánh hoa hồng
Rise of Kingdoms,Tên của kẻ lừa đảo cũng có thể xuất hiện cùng lúc với thủ lĩnh Ceroli Bargha Blood Fist là gì?,R:DHALUK
Rise of Kingdoms,"Một liên minh có thể có bao nhiêu sĩ quan, chưa kể người đứng đầu liên minh?",R: 8
Rise of Kingdoms,Tạp chí Nước Trời có bao nhiêu phần được trình bày ngoài các sự kiện theo lịch?,R: 5
Rise of Kingdoms,Tên của chìa khóa thứ tư của sự kiện 'Nhà vô địch Olympia' là gì?,Bạc sáng
Rise of Kingdoms,Màu sắc của cánh trang trí pegasus là gì?,VÀNG
Rise of Kingdoms,Hai con vật nào được trang trí một cách tượng trưng trên chiếc vương miện pschent đôi được các pharaoh sử dụng?,Rắn và Bạo lực
Rise of Kingdoms,Có bao nhiêu bản cập nhật có sẵn khi truy cập vào thương gia bí ẩn?,R: 5
Rise of Kingdoms,Những viên đá quý đính trên vương miện của Chỉ huy El Cid có màu gì?,Màu đỏ
Rise of Kingdoms,Một trong những lợi ích của thực phẩm đóng hộp là thời hạn sử dụng lâu dài của nó. Những món bánh mì đóng hộp đầu tiên được sản xuất ở đâu?,Bắc Âu
Rise of Kingdoms,"Đất nước nào nổi tiếng với món gà Tandoori, đĩa gà ướp với sữa chua và gia vị?",Ấn Độ
Rise of Kingdoms,Cấu trúc nào trong số này cho phép các trinh sát và người ủng hộ thành phố để mắt đến xung quanh?,Tháp Canh
Rise of Kingdoms,Ai trong số những thủ lĩnh Ceroli này còn được gọi là người mang đến cơn bão?,R: VUÔNG
Rise of Kingdoms,Đồ trang trí nào trong số này không tốn đá quý?,Cây hoa anh đào
Rise of Kingdoms,"Which of the scientific bird names was also used to honor the wife of Napoleon III, the empress of France, Eugénie de Montijo?",R: PTINILOPUS EUGENIAE
Rise of Kingdoms,Số lượng quân tối đa bạn có thể hình thành tại sự kiện Olympia Champions là bao nhiêu?,9
Rise of Kingdoms,Số lượng sư tử bảo vệ tối đa có thể được xây dựng trong một thành phố là bao nhiêu?,R: 6
Rise of Kingdoms,Tù trưởng Ceroli nào sử dụng vòng cung làm vũ khí?,Keira
Rise of Kingdoms,Bạn có thể nhận được tác phẩm điêu khắc nào trong số những tác phẩm điêu khắc về chỉ huy này bằng cách mở rương trong quán rượu trong Rise of Kingdoms?,A: CARLOS MARTEL
Rise of Kingdoms,Người phụ nữ đầu tiên trở thành phi công quân sự trên thế giới là ai?,Sabiha Gokcen
Rise of Kingdoms,"Quốc gia xuất xứ của kiến ​​trúc sư đã thiết kế Bảo tàng Cổ vật Ai Cập, tọa lạc tại Cairo là gì?",PHÁP
Rise of Kingdoms,Khả năng của liên minh được cung cấp bởi pháo đài NV.15 là gì?,R: 775.000
Rise of Kingdoms,Thuộc tính trinh sát nào không thể tăng lên bằng cách cải thiện trại của trinh sát NV.11?,Số lượng trinh sát
Rise of Kingdoms,Dragon lancer mang gì ở tay trái?,Một cái ống
Rise of Kingdoms,Có bao nhiêu lá cờ được trình bày trước trung tâm liên minh văn minh Pháp?,R: 6
Rise of Kingdoms,Mỏ đá NV.17 sản xuất bao nhiêu viên đá mỗi giờ (không tăng)?,R: 2.775
Rise of Kingdoms,Trong bối cảnh của người chỉ huy nào bạn có thể nhìn thấy cây Sakura?,Minamoto trên Yoshitsune
Rise of Kingdoms,"Bạn có thể nhận được bao nhiêu phút tăng tốc khi mua 'nguồn cung cấp tăng tốc 7 ngày', ngoài phần thưởng ngay lập tức là 1.050 viên đá quý?",R: 3.150 phút
Rise of Kingdoms,Tổng công suất bệnh viện của NV.25 Dành cho quân bị thương nặng (không tăng sức) là bao nhiêu?,Đ: 300.000
Rise of Kingdoms,Có bao nhiêu bánh xe trong một chiếc acete?,R: 6
Rise of Kingdoms,Chủ đề thành phố nào sau đây cung cấp phần thưởng thuộc tính đặc biệt là 5% cho cuộc tấn công của kỵ binh và -5% cho sức khỏe bắn cung?,Bài hát soning
Rise of Kingdoms,"Cây húng quế, được mệnh danh là 'Vua thảo dược' ở châu Âu, phát triển rộng rãi ở vùng khí hậu nào?",Vùng nhiệt đới
Rise of Kingdoms,Nền văn minh nào sau đây có thể tăng cường khả năng phòng thủ của môn bắn cung?,Hàn Quốc
Rise of Kingdoms,"Ai trong số những người chỉ huy này có cung và mũi tên, ngoài thanh kiếm?",AETHELLFLAED
Rise of Kingdoms,Phần thưởng nào sau đây không thể nhận được từ kẻ mạnh man rợ trong Rise of Kingdoms?,Tác phẩm điêu khắc của chỉ huy
Rise of Kingdoms,Thủ lĩnh Ceroli nào chịu trách nhiệm bảo vệ Iraven Paradeiros?,ASTRID
Rise of Kingdoms,Có bao nhiêu chìa khóa được bao gồm trong giao ước hiện tại khi bị kẻ mạnh man rợ cấp 5 tiêu diệt?,60
Rise of Kingdoms,Ai trong số những cá nhân bất hạnh này là người duy nhất từng được ghi nhận mắc cả bệnh lùn và bệnh khổng lồ?,Adam Rainer
Rise of Kingdoms,Ai trong số những vị chỉ huy này còn được gọi là 'Thánh vương'?,El Cid
Rise of Kingdoms,"Quốc gia nào chịu trách nhiệm phát minh ra loại phô mai gorgonzola, nổi tiếng với hương vị đậm đà?",PHÁP
Rise of Kingdoms,Tùy chọn nào trong số này không phải là danh mục báo cáo được gửi qua tin nhắn?,Bộ sưu tập
Rise of Kingdoms,Loại cây nào sau đây xuất hiện trên nền Hoa Mộc Lan và Tào Tháo trên màn hình của chỉ huy?,R: Tre
Rise of Kingdoms,Tăng cường nào trong số này hoạt động ở hẻm núi hoàng hôn?,Sức chứa quân cấp VIP
Rise of Kingdoms,Bánh rừng đen là món tráng miệng nổi tiếng của châu Âu. Rừng đen có tên gọi bắt nguồn từ quốc gia nào?,Nước Đức
Rise of Kingdoms,Thủ lĩnh Ceroli nào có quyền lực trên băng?,Frida
Rise of Kingdoms,"Trong hẻm núi hoàng hôn, bạn có thể gửi bao nhiêu quân cùng một lúc?",R: 5
Rise of Kingdoms,Lựa chọn nào sau đây không phải là một trong những kỹ năng của tù trưởng Ceroli Astrid?,Nụ hôn của lưỡi lửa
Rise of Kingdoms,"Điều kiện nào sau đây không cần thiết đối với một vizier, công chức quan trọng nhất của Pharaoh ở Ai Cập cổ đại?",Có máu thật
Rise of Kingdoms,Các thống đốc có thể xây dựng sinh vật trang trí nào trong thần thoại Hy Lạp trong thành phố của họ?,Pégaso
Rise of Kingdoms,Thủ lĩnh liên minh trong Rise of Kingdoms không thể thực hiện hành động nào sau đây?,Rời khỏi liên minh
Rise of Kingdoms,Tù trưởng Ceroli Torgny sinh ra ở đâu?,Trích dẫn từ Người dũng cảm
Rise of Kingdoms,"Kim tự tháp nào được nhiều người coi là kỳ quan duy nhất còn sót lại của thế giới cổ đại, được bảo tồn cho đến ngày nay?",Kim tự tháp Queops
Rise of Kingdoms,Cần bao nhiêu quân để tiêu diệt một NV mạnh mẽ dã man.3?,480.000 đơn vị NV.3
Rise of Kingdoms,Pháp sư lửa Karaku được gọi là gì?,Denko
Rise of Kingdoms,Người chỉ huy kiếm được bao nhiêu kinh nghiệm với kiến ​​thức cấp 7?,Đ: 50.000
Rise of Kingdoms,Quà tặng của liên minh rương gỗ bao gồm bao nhiêu chiếc chìa khóa?,10
Rise of Kingdoms,Chỉ huy nào có kỹ năng sắc đẹp và trí tuệ?,Cleopatra VII
Rise of Kingdoms,Loại quân nào nhận được tăng cường trang trí hoa sen ẩn?,Kỵ binh
Rise of Kingdoms,Hình ảnh nào được ghi lại trong Sol and Moon Hammer Weapon?,Mặt Trời
Rise of Kingdoms,Sĩ quan liên minh nào nhận được 1% tăng cường chăm sóc sức khỏe cho quân đội?,Đã gửi
Rise of Kingdoms,Ai trong số những người chỉ huy này không có ria mép hoặc những người khác để chăm sóc da mặt?,"Alexandre, Người vĩ đại"
Rise of Kingdoms,Món bánh pudding tráng miệng cổ điển của Anh ra đời từ khi nào?,Giữa thế kỷ 20
Rise of Kingdoms,"In Rok, Janízaro is a special unity of which civilization?",Ottoman Empire
Rise of Kingdoms,Kỹ năng nào sau đây không phải là kỹ năng bị động của chỉ huy Minamoto trên Yoshitsune?,Người đàn ông xứng đáng
Rise of Kingdoms,Bộ tộc nào tuyên bố sở hữu Rừng Takra và cần phải vượt qua để đến vương quốc Karaku?,Gia tộc cuồng nộ máu
Rise of Kingdoms,Có bao nhiêu chìa khóa vàng được trao để cai trị với sự phân loại tốt nhất trong mỗi mùa của hẻm núi hoàng hôn?,R: 5
Rise of Kingdoms,Hoa tươi của trường trung học trí tuệ của nền văn minh Pháp có màu gì?,Màu đỏ
Rise of Kingdoms,Tượng nhân sư nằm ở vùng nào của Ai Cập?,Cao nguyên Giza
Rise of Kingdoms,"Trong hệ thống cấp bậc nhu cầu đơn giản hóa của Maslow, nhu cầu nào đứng đầu kim tự tháp?",Tự thực hiện
Rise of Kingdoms,Tù trưởng Ceroli nào sống ở một nơi được gọi là Rừng Chết?,Mẫu Anh
Rise of Kingdoms,Ớt đã được trồng hàng thiên niên kỷ. Lục địa nào xuất hiện?,Châu Mỹ
Rise of Kingdoms,Số lượng chìa khóa bạc tối thiểu có thể nhận được trong gói 'Kho bạc trí tuệ' là bao nhiêu?,2
Rise of Kingdoms,Bộ tộc nào của tộc trưởng Ceroli đã sống ở miền Tây băng giá trong nhiều thế hệ?,WAFURA
Rise of Kingdoms,Mỗi đơn vị NV.3 bị thương nặng/tử trận được bao nhiêu điểm trong 'Giai đoạn 5 phân đoạn 5: loại bỏ kẻ thù' khỏi sự kiện 'Thống đốc quyền lực nhất'?,R: 4
Rise of Kingdoms,Vị thần nào trong số các vị thần Ai Cập cổ đại này cũng là biểu tượng của quyền lực hoàng gia?,Horus
Rise of Kingdoms,Người chỉ huy nào có vương miện đính đá quý có màu sắc khác với những người khác?,Nữ hoàng Tamar của Georgia
Rise of Kingdoms,Ông chủ nào Ceroli làm việc cạnh một con rắn?,Mẫu Anh
Rise of Kingdoms,Những loại địa hình nào trên bản đồ mà quân ta có thể tự do vượt qua?,Rừng
Rise of Kingdoms,Pharaoh nào đã xây dựng kim tự tháp cong?,SENFERU
Rise of Kingdoms,Công việc xây dựng thánh đường nào trong số này bắt đầu ở Copenhagen vào năm 1877?,São Paulo Church
Rise of Kingdoms,Đạt được thành tựu gì khi cải tiến 2 bệnh viện cho NV.25?,Sắp xếp và ấm áp
Rise of Kingdoms,Chữ gì được thể hiện trên trang trí đồng tiền may mắn của Scolas?,R: L
Rise of Kingdoms,Loại nào sau đây không phải là loại bò Wagyu của Nhật Bản?,R: RONGUHON WAGYU
Rise of Kingdoms,Các bữa ăn làm sẵn như mì ăn liền rất được ưa chuộng. Mì ăn liền đầu tiên xuất hiện ở đâu?,Nhật Bản
Rise of Kingdoms,Đặc quyền nào được dành cho các sĩ quan có chức danh (không phải sĩ quan bình thường)?,Khả năng xác minh trạng thái trực tuyến của các thành viên trong liên minh
Rise of Kingdoms,Những tòa nhà nào sau đây của thành phố có thể được cập nhật?,Bưu điện thương mại
Rise of Kingdoms,Phần thưởng nào trong số này sẽ không được nhận đầu tiên trong mùa hẻm núi hoàng hôn?,Tác phẩm điêu khắc ánh sáng sao tuyệt đẹp
Rise of Kingdoms,Tù trưởng Ceroli nào bảo vệ tòa tháp...?,WAFURA
Rise of Kingdoms,Ông chủ nào Ceroli cầm dao găm và vòng cung?,WAFURA
Rise of Kingdoms,Những loại quân nào bạn sẽ nhận được sự tăng cường từ chủ đề Thành phố Tiệc Phục Sinh?,Bắn cung
Rise of Kingdoms,Vị thần nào trong thần thoại sử thi cổ đại được đại diện bởi đài tưởng niệm?,R: RA
Rise of Kingdoms,"Thang đo scoville thường được sử dụng để đánh giá cường độ của ớt, trong đó giá trị cao hơn biểu thị độ cháy nhiều hơn. Loại ớt nào trong số này được đánh giá trên 1 triệu trên thang đo scoville?",Tiêu Hồn
Rise of Kingdoms,Which of these is a passive ability of Commander Temés III?,MITANI conquest
Rise of Kingdoms,Chức năng chỉ huy nào giúp tăng tải cho quân đội?,CUNG CẤP THUYỀN TRƯỞNG
Rise of Kingdoms,Chiến lược gia quân sự Belisario từng là vệ sĩ riêng của vị hoàng đế nào khi còn trẻ?,Justinian I
Rise of Kingdoms,Cấp độ VIP cần thiết để mua tác phẩm điêu khắc chỉ huy huyền thoại với mức giảm giá hàng tuần tại cửa hàng VIP là bao nhiêu?,NV.13
Rise of Kingdoms,Màu sơn nào được các gia đình Ai Cập cổ ưa chuộng cho các bức tường trong nhà của họ?,Trắng
Rise of Kingdoms,Có bao nhiêu chú gấu Bắc Cực xuất hiện trong avatar trái tim phía Bắc?,R: 3
Rise of Kingdoms,Công suất của bệnh viện NV là bao nhiêu.15 (không tăng cường)?,Đ: 29.000
Rise of Kingdoms,Vật phẩm nào sau đây có thể được chọn từ rương tính năng cấp 3 'chọn một'?,150.000 đồ ăn
Rise of Kingdoms,Những loại cây nào trong số này không có sẵn như một công trình trang trí?,Cây đào
Rise of Kingdoms,Công trình trang trí nào sau đây cũng được coi là điềm may mắn trong văn hóa Trung Hoa?,Rồng trung quốc
Rise of Kingdoms,Chỉ huy mua hàng Guilherme I mở khóa những thành tựu nào trong số này?,Con đường vinh quang
Rise of Kingdoms,Tổng số đóng góp hàng ngày cần thiết để được phân loại đóng góp liên minh hàng ngày là bao nhiêu?,Đ: 10.000
Rise of Kingdoms,"Những nguyên liệu nào được sử dụng để làm món 'Zongzi', một món ăn truyền thống được tiêu thụ ở Trung Quốc trong Lễ hội Thuyền Rồng?",Nếp
Rise of Kingdoms,Quốc gia cấu thành lớn thứ hai của Vương quốc Anh là gì?,Scotland
Rise of Kingdoms,"Sau khi mở vương quốc đã mất, bạn cần bỏ ra vật phẩm gì để dịch chuyển từ và đến vương quốc đã mất?",Dịch chuyển ngẫu nhiên
Rise of Kingdoms,Loại phần thưởng nào sau đây không có tác dụng với hòm Osiris?,Người yêu thích Runa
Rise of Kingdoms,Câu nói 'Đế quốc nơi mặt trời không bao giờ lặn' ban đầu được dùng để chỉ đế quốc của nước nào?,Tây ban nha
Rise of Kingdoms,Nhân vật nào sau đây sinh cùng năm với ca sĩ Luciano Pavarotti?,Elvis Presley
Rise of Kingdoms,Quốc đảo nhỏ nhất trên thế giới là gì?,Nauru
Rise of Kingdoms,Phát biểu nào sau đây về trận Bạch Đằng là sai?,Đó là trận chiến giữa nhà Đường và Hung Nô
Rise of Kingdoms,"Ở Rok, bạn có thể sử dụng công trình xây dựng nào để xem lịch sử vương quốc của mình?",Đài kỷ niệm
Rise of Kingdoms,"Trong Rok, vật phẩm nào sau đây được coi là vật phẩm Tăng cường?",Lá chắn hòa bình
Rise of Kingdoms,"Ở Rok, người chỉ huy nào không giỏi chỉ huy các đơn vị cung thủ?",Saladin
Rise of Kingdoms,"Trận chiến đầu tiên trong ba trận chiến lớn giữa Alexander, Đại đế và Đế chế Aquenid là gì?",Trận Granico
Rise of Kingdoms,"Sau khi các học sinh của Trường Trung học Trí tuệ kết thúc lớp học, họ sẽ quay trở lại tòa nhà nào trong thành phố của bạn?",Học viện
Rise of Kingdoms,"Hiện tại, phòng trưng bày nào là Mona Lisa?",Bảo tàng Louvre
Rise of Kingdoms,Điều nào sau đây không phải là mô tả chính xác về vương quốc Kush cũ?,Nó không có ngôn ngữ hoặc chữ viết
Rise of Kingdoms,Vị thần nào sau đây là người bảo trợ và bảo vệ thành Athens trong thần thoại Hy Lạp cổ đại?,Athens
Rise of Kingdoms,Thủ đô của nước nào là thủ đô của nước nào?,Thái Lan
Rise of Kingdoms,Những buff nào sau đây được nhận khi phát triển cấu trúc cần thiết lên cấp 25?,Tiền thưởng tốc độ vận chuyển tháng 3
Rise of Kingdoms,"Trong kỳ thực tập 'Thu thập tài nguyên' của thống đốc quyền lực nhất, bạn kiếm được bao nhiêu điểm khi thu thập 1 viên ngọc?",R: 150
Rise of Kingdoms,Lựa chọn nào sau đây thường bị tranh cãi là trái cây hoặc rau quả?,Cà chua
Rise of Kingdoms,Biện pháp chính thức nào khiến tội ác cung cấp thức ăn và chỗ ở cho Martin Luther?,WORMS ÉCITO
Rise of Kingdoms,Giống mèo nào sau đây được biết là không có bệnh này?,R: SPHYNX
Rise of Kingdoms,Napoléon Bonaparte được tuyên bố ở đâu sau thất bại ở Waterloo?,Thánh Helena
Rise of Kingdoms,"Ở Rok, người chỉ huy nào không mang theo cung tên?",Kusunoki Masashige
Rise of Kingdoms,"Trong 'Tội ác và trừng phạt', nhân vật đầu tiên bị Raskolnikov sát hại là gì?",Linh mục
Rise of Kingdoms,Leonardo da Vinci là người học việc trong xưởng của ai?,Andrea del Verrocchio
Rise of Kingdoms,Có bao nhiêu điểm trong một bảng GO tiêu chuẩn?,R: 19x19
Rise of Kingdoms,"Cùng với Henri Matisse, nghệ sĩ nào trong số này được coi là một trong những người sáng lập phong trào Dã thú?",André Derain
Rise of Kingdoms,Số áo của Luka Modric ở Real Madrid là bao nhiêu?,10
Rise of Kingdoms,Nơi được cho là ra đời của múa bụng là gì?,Ai Cập
Rise of Kingdoms,Trong thời trị vì của Hoàng đế đó đã hoàn thành Đấu trường La Mã?,TITO
Rise of Kingdoms,Albert Einstein nhận giải Nobel Vật lý năm 1921 nhờ khám phá nào?,Hiệu ứng quang điện
Rise of Kingdoms,'Hành trình của những viên gạch' được một số nhà sử học coi là cột mốc đánh dấu sự khởi đầu của Cách mạng Pháp. Điều này xảy ra ở thành phố nào?,Grenoble
Rise of Kingdoms,Ai là người sáng lập Kamakura Xogunato?,Minamoto trên Yoritomo
Rise of Kingdoms,Ở mức nào thuế suất thuế vận tải sau thương mại trở thành 10%?,24
Rise of Kingdoms,Nhân vật nào trong số này là 'hai vạn tàu ngầm'?,Thuyền trưởng Nê-mô
Rise of Kingdoms,Biệt danh của Julius Caesar tại Rise of Kingdoms là gì?,Hoàng đế không vương miện
Rise of Kingdoms,Ai là nhà thiên văn đầu tiên tính được giới hạn Roche?,Édouard Roche
Rise of Kingdoms,Bạn cần kết luận bao nhiêu chuyến hàng trong Diễn đàn Nhà nước để mở cuộc khen thưởng vận chuyển?,15
Rise of Kingdoms,"In RoK, what is Commander Constânça's nickname?",Queen of Sicily
Rise of Kingdoms,Cha của Hannibal là ai? hoặc Ai là cha của Hannibal?,Hamilcar Barca
Rise of Kingdoms,Çatalhöyük ở nước nào?,Thổ Nhĩ Kỳ
Rise of Kingdoms,"Trong sự kiện Học thuật vô song, bạn cần trả lời đúng bao nhiêu câu ở Vòng sơ loại để đủ điều kiện lên Trung cấp?",6
Rise of Kingdoms,Phần thưởng nào được cấp cho liên minh chiếm được Thánh địa cấp 2 'Bàn thờ lửa'?,Quân tấn công 3%
Rise of Kingdoms,Môn cưỡi ngựa lần đầu tiên được đưa vào danh sách môn thể thao Olympic vào năm nào?,"Thế vận hội Olympic Paris, 1900"
Rise of Kingdoms,Trường phái hội họa nào được đại diện bởi Georges Seurat?,Chủ nghĩa chấm điểm
Rise of Kingdoms,"Hành động nào trong số này có thể được thực hiện bởi các nhà lãnh đạo liên minh và các sĩ quan có chức danh, nhưng KHÔNG được thực hiện bởi các sĩ quan không có chức danh?",Đăng ký Ark of Osiris
Rise of Kingdoms,Alexandre Fleming phát hiện ra penicillin vào năm nào?,1928
Rise of Kingdoms,Nhân vật nào sau đây KHÔNG có mặt trong truyện Tây Du Ký?,Chị ba Hồ
Rise of Kingdoms,"Tập đoàn Carlsberg, một nhà sản xuất bia, được thành lập vào năm 1847 ở quốc gia nào?",Đan Mạch
Rise of Kingdoms,Kích thước của sương mù được loại bỏ bởi một vật phẩm trên Bản đồ Vương quốc là bao nhiêu?,10x10
Rise of Kingdoms,Mary Shelley liên tưởng đến nhân vật nào trong thần thoại Hy Lạp với quái vật của Frankenstein?,Prometheus
Rise of Kingdoms,"Nhà thơ Fernando Pessoa được biết đến vì đã viết những bài thơ của mình dưới dạng những 'nhân vật' khác nhau, mà ông gọi là 'những từ dị nghĩa'. Cái nào trong số này KHÔNG phải là một trong những từ đồng nghĩa mà Pessoa đã sử dụng?",Francisco Norman
Rise of Kingdoms,"Năm 1970, một sứ mệnh Apollo đã cố gắng hạ cánh trên mặt trăng. Do sự cố kỹ thuật nên nó chỉ có thể quay quanh mặt trăng và quay trở lại Trái đất. Tên của nhiệm vụ là gì?",Apollo 13
Rise of Kingdoms,"Sử dụng đội quân do Julius Caesar và Cleopatra VII chỉ huy, hành động nào sau đây sẽ mở khóa thành tích 'Khát vọng bất tử'?",Tấn công một thành phố
Rise of Kingdoms,Bức tượng khổng lồ của Rhodes tượng trưng cho thần mặt trời nào? Bức tượng khổng lồ của Rhodes tượng trưng cho vị thần Hy Lạp nào?,Helio
Rise of Kingdoms,"Diego Velázquez, the painter of the realistic work Portrait of Pope Innocent X, was from which country?",Spain
Rise of Kingdoms,Hồ General Carrera bắt nguồn từ sông băng của dãy Andes. Hai quốc gia nào giáp hồ?,Argentina và Chilê
Rise of Kingdoms,Châu lục nào là cái nôi của nền văn minh Maya?,Châu Mỹ
Rise of Kingdoms,Bức tranh 'Sao Kim và Sao Hỏa' của Sandro Botticelli nổi tiếng với màu sắc tươi sáng và hình dáng đẹp mắt. Bức tranh này hiện đang được lưu giữ ở phòng trưng bày nào?,Tại Phòng trưng bày Quốc gia ở Luân Đôn (Quảng trường Trafalgar)
Rise of Kingdoms,Trang trí 'Cổng Ishtar' của thành phố thể hiện sự tôn kính đối với nền văn minh nào sau đây?,Babylon
Rise of Kingdoms,"Ở Hàn Quốc, vị chỉ huy nào có biệt danh 'Nữ hoàng Sicily'?",Constance
Rise of Kingdoms,Tác dụng của phụ kiện “Trả thù” là gì?,Sát thương phản công 8%
Rise of Kingdoms,"Trên trang XEM CHỈ HUY, các chỉ huy đóng vai 'Người bảo vệ sắt' nhận được những buff nào?",Sức khỏe quân đội 1%
Rise of Kingdoms,"Đồi cát biết hát ở Đôn Hoàng, Trung Quốc nổi tiếng với việc tạo ra âm thanh trống lớn mỗi khi có gió thổi. Họ là một phần của sa mạc nào?",Sa mạc Kumtag
Rise of Kingdoms,Dãy núi lục địa dài nhất trên Trái đất là gì?,Dãy Andes
Rise of Kingdoms,Phim nào đoạt giải Phim hay nhất tại giải Oscar đầu tiên?,Cánh
Rise of Kingdoms,Nhà đấu giá Sotheby's được thành lập năm 1744 tại thành phố nào của nước Anh?,Luân Đôn
Rise of Kingdoms,Tác phẩm điêu khắc nào sau đây là tác phẩm của nhà điêu khắc Hy Lạp cổ đại Phidias?,Tượng thần Zeus ở Olympia
Rise of Kingdoms,Vị thần nào KHÔNG phải là con trai của thần Zeus trong thần thoại Hy Lạp?,Hera
Rise of Kingdoms,Sức chứa quân tiêu chuẩn khi lâu đài của bạn ở cấp 25 là bao nhiêu?,2 triệu
Rise of Kingdoms,Cổng Lions là tác phẩm điêu khắc thời tiền sử lớn nhất còn sót lại ở Biển Aegean. Nó nằm ở đâu?,Mycenae
Rise of Kingdoms,Kỹ năng chủ động nào sau đây thuộc về Carlos Martel?,Lá chắn của Francia
Rise of Kingdoms,Tòa thị chính của bạn ở cấp độ nào để sử dụng War Frenzy?,10
Rise of Kingdoms,Sự kiện nào sau đây đánh dấu sự khởi đầu của sự cai trị của La Mã đối với Hy Lạp?,Trận Cô-rinh-tô
Rise of Kingdoms,Triết gia Hy Lạp cổ đại nào đã đưa ra những ý tưởng đầu tiên về thuyết nguyên tử?,Democritus
Rise of Kingdoms,"Thế vận hội Olympic cổ đại được tổ chức 4 năm một lần tại Olympia, phía tây nam Hy Lạp. Người ta tin rằng họ đã bắt đầu vào năm nào?",776 TCN
Rise of Kingdoms,"Ai đã viết 'Lịch sử Chiến tranh Peloponnesian', một bản tường thuật lịch sử về cuộc chiến tranh danh nghĩa? Ai là tác giả cuốn Lịch sử Chiến tranh Peloponnesian?",Thucydides
Rise of Kingdoms,Vở kịch nào KHÔNG được viết bởi nhà văn bi kịch Hy Lạp cổ đại Euripides?,Antigone
Rise of Kingdoms,Tên của khu bảo tồn trong cùng của một ngôi đền Hy Lạp cổ đại mà chỉ các thành viên của giới tư tế mới được vào là gì?,Adito
Rise of Kingdoms,Cái nào trong số này không phải là một trong ba Gorgons của thần thoại Hy Lạp?,Tiếp tục
Rise of Kingdoms,"Trong thần thoại Hy Lạp, ai là người anh hùng nổi tiếng với việc đánh cắp lửa từ các vị thần và trao nó cho nhân loại?",Prometheus
Rise of Kingdoms,Trường phái triết học nào sau đây KHÔNG nhằm mục đích đạt được chứng 'ataraxia'?,Peripatetic
Rise of Kingdoms,Thành phố nào trong số này thường được coi là cái nôi của nền văn minh phương Tây và là nơi sản sinh ra nền dân chủ?,Athens
Rise of Kingdoms,"Theo thần thoại Hy Lạp, hai vị thần nào hóa thành “con cá” cung Song Ngư?",Aphrodite và Eros
Rise of Kingdoms,Điều nào sau đây KHÔNG phải là một trong những số phận trong thần thoại Hy Lạp?,Urd
Rise of Kingdoms,"Trong sử thi Homeric 'The Iliad', nữ thần nào sau đây KHÔNG tham gia cuộc tranh giành Quả táo bất hòa?",Artemis
Rise of Kingdoms,Hỗ trợ của liên minh KHÔNG thể đẩy nhanh hoạt động nào sau đây?,Huấn luyện quân đội
Rise of Kingdoms,Nhà viết kịch Hy Lạp cổ đại nào đã viết vở bi kịch nổi tiếng 'Oedipus the King'?,Sophocles
Rise of Kingdoms,Triết gia nào đã tạo ra 'nghịch lý mũi tên'?,Zeno của Eleia
Rise of Kingdoms,"Theo nhiều nhà triết học Hy Lạp cổ đại, lựa chọn nào đại diện cho một trong bốn yếu tố cơ bản của tự nhiên?",Gió
Rise of Kingdoms,Parthenon dành riêng cho ai?,Athena
Rise of Kingdoms,'Biết mình' là câu cách ngôn được biết đến rộng rãi của nước nào?,Hy Lạp cổ đại
Rise of Kingdoms,"Theseus đã sử dụng cánh buồm màu gì trên con tàu của mình để cho cha mình, Aegeus, biết rằng ông đã giết thành công Minotaur?",Trắng
Rise of Kingdoms,Tên của sinh vật thu hút các thủy thủ bằng giọng nói tuyệt vời trong thần thoại Hy Lạp là gì?,Nàng tiên cá
Rise of Kingdoms,Nội dung nào sau đây KHÔNG được đưa vào Thế vận hội Mùa hè tổ chức tại Athens năm 1896?,Bóng rổ
Rise of Kingdoms,Nữ thần bóng đêm Hy Lạp là ai?,Nix
Rise of Kingdoms,Chương nào của Biên niên sử Vương quốc cBạn có nhận được thành tích 'Nhà thám hiểm vĩnh cửu' nếu khám phá hết sương mù trước khi kết thúc chương không?,Hòa bình lâu dài
Rise of Kingdoms,Thời kỳ sau khi nền văn minh Mycenaean sụp đổ và trước khi các thành bang Hy Lạp ra đời được gọi là Thời kỳ Đen tối của Hy Lạp. Tác phẩm nào trong số này được viết vào thời điểm này?,Cuộc phiêu lưu
Rise of Kingdoms,"Nhà thơ nào đã viết 'Theogony', mô tả nguồn gốc và phả hệ của các vị thần Hy Lạp?",Hesiod
Rise of Kingdoms,Sử thi Hy Lạp 'The Odyssey' ghi lại sự trở lại của người anh hùng Ulysses sau chiến tranh. Quê hương của anh ấy ở đâu?,Ithaca
Rise of Kingdoms,Ai đã thắng trong 'Trận chiến Hastings'?,William kẻ chinh phục
Rise of Kingdoms,"Trong Tấm bảng Ngọc lục bảo, Hermes Trismegistus tuyên bố sở hữu 'ba phần trí tuệ của toàn thế giới'. Phần nào KHÔNG phải là một trong ba phần?",Biến hình
Rise of Kingdoms,"Nhờ trữ lượng lớn borax và chất màu từ tảo địa phương, Laguna Colorada là một cảnh quan tuyệt vời với màu đỏ và trắng. Nó nằm ở quốc gia nào?",Bôlivia
Rise of Kingdoms,"Nhà biên kịch Marguerite Duras được biết đến với việc viết kịch bản cho bộ phim 'Hiroshima mon amour', Cô ấy sinh ra ở đâu?",Việt Nam
Rise of Kingdoms,"Trong Macbeth của Shakespeare, nhân vật chính giết vua Duncan của Scotland. Tên con trai lớn của Duncan là gì?",Malcolm
Rise of Kingdoms,"Miguel de Cervantes, tác giả cuốn 'Don Quixote' là người nước nào?",Tiếng Tây Ban Nha
Rise of Kingdoms,"'Ru' là một trong những loại gốm sứ nổi tiếng nhất của Trung Quốc, được biết đến với lớp men màu xanh nhạt tinh tế. Nó có nguồn gốc từ triều đại nào?",Bài hát
Rise of Kingdoms,Điều nào sau đây có thể được sử dụng để nâng cao kỹ năng của Chỉ huy?,Tác phẩm điêu khắc chỉ huy
Rise of Kingdoms,"Ở Nhật Bản, cổng 'torii' thường được đặt ở lối vào tòa nhà nào?",Khu bảo tồn
Rise of Kingdoms,Điệu nhảy nào sau đây KHÔNG phải là điệu nhảy điển hình?,Sumo
Rise of Kingdoms,Hành tinh nào trong hệ mặt trời gần Mặt trời nhất?,Thủy ngân
Rise of Kingdoms,"Ở Hàn Quốc, chương nào của Biên niên sử vương quốc yêu cầu phải khám phá toàn bộ khối sương mù trong vương quốc?",Hòa bình lâu dài
Rise of Kingdoms,"Nhiều nhân vật lịch sử đã chiến đấu trong cuộc thập tự chinh lần thứ ba, vị lãnh đạo nào dưới đây đã chết trong phong trào quân sự này?",Frederico Barba Ruiva
Rise of Kingdoms,Phương pháp nào sau đây KHÔNG làm tăng tốc độ nghiên cứu của phòng tập thể dục của bạn?,Trở thành Công lý của vương quốc của bạn
Rise of Kingdoms,"Ở Rok, công nghệ nào là điều kiện tiên quyết cho Phytotherapy công nghệ quân sự?",Ngụy trang
Rise of Kingdoms,Cần những nguồn lực nào để tham gia Diễn đàn Nhà nước?,Điểm hành động
Rise of Kingdoms,"Ở Hàn Quốc, vị chỉ huy nào có danh hiệu 'Người yêu dấu của Thoth'?",Thutmose III
Rise of Kingdoms,Ai là đạo diễn của trò chơi được trao giải Trò chơi của năm tại Game Awards 2022?,Hidetaka Miyazaki
Rise of Kingdoms,"Ở Hàn Quốc, đồ trang trí nào sau đây cần phải mua bằng Đá quý?",Lọ cắm hoa
Rise of Kingdoms,Vị thần hủy diệt của đạo Hindu hay còn được mệnh danh là “vũ công vũ trụ” là ai?,Shiva
Rise of Kingdoms,Quốc kỳ nào giữ kỷ lục thế giới là quốc kỳ được sử dụng lâu đời nhất?,Đan Mạch
Rise of Kingdoms,Đế quốc nào sau đây KHÔNG tham gia Trận chiến ba hoàng đế (còn gọi là Trận Austerlitz)?,Đế quốc Ba Tư
Rise of Kingdoms,In which country was the famous revolutionary and military strategist Simón Bolívar born?,Venezuela
Rise of Kingdoms,Thủ đô của Scotland là gì?,Edinburgh
Rise of Kingdoms,"Trong sự kiện 'Thống đốc quyền lực nhất', thứ hạng tối thiểu bạn cần đạt được để nhận được 10 tác phẩm điêu khắc chỉ huy từ sự kiện là gì?",Ngày 15
Rise of Kingdoms,"Trong số những điều sau đây, điều nào có nhiều khả năng nhất đã dẫn trực tiếp đến Thời đại đồ đồng?",Đồng cứng hơn và bền hơn các kim loại khác vào thời điểm đó.
Rise of Kingdoms,Nhiệt độ lý tưởng để nướng gà trong thùng nóng của khẩu pháo Ottoman là bao nhiêu?,200oC
Rise of Kingdoms,"Trong nhật thực, thiên thể nằm giữa Mặt Trời và Trái Đất là:",Mặt trăng
Rise of Kingdoms,Kim tự tháp của người Maya được làm bằng gì?,Cục đá
Rise of Kingdoms,Ai đã viết cuốn tiểu thuyết 'Sự suy tàn của một người đàn ông'?,Osamu Dazai
Rise of Kingdoms,Điều nào sau đây không phải là một trong những số phận trong thần thoại Bắc Âu?,Nghiệp chướng
Rise of Kingdoms,Lựa chọn nào sau đây là bảo tàng nghệ thuật được ghé thăm nhiều nhất trên thế giới trong những năm gần đây?,Bảo tàng Louvre
Rise of Kingdoms,Bệnh dịch hạch Justinian năm 541-549 là đợt bùng phát đầu tiên của đại dịch hạch đầu tiên. Điều quan trọng nào khác đang xảy ra ở Đế chế Đông La Mã vào thời điểm đó?,Chiến tranh Gothic
Rise of Kingdoms,'Tuyên bố giải phóng' được đưa ra trong cuộc chiến tranh nào của Mỹ?,Nội chiến
Rise of Kingdoms,"Ở Hàn Quốc, năng lực nào của Tôn Tử được cải thiện nhờ năng lực đặc biệt?",Nghệ thuật chiến tranh
Rise of Kingdoms,"Ở Hàn Quốc, có một con đường lát gạch vàng có thể mua được với giá 100 viên Đá quý. Tên cô ấy là gì?",Đường Vua
Rise of Kingdoms,"Trong thần thoại Bắc Âu, ai sở hữu chiếc búa Mjölnir?",Thor
Rise of Kingdoms,"Nhóm dân tộc Trung Quốc nào sau đây nổi tiếng với việc uống kumis, một loại đồ uống làm từ sữa ngựa lên men?",Người Mông Cổ
Rise of Kingdoms,"Ở Hàn Quốc, người chơi có thể xây dựng tối đa bao nhiêu mỏ vàng?",4
Rise of Kingdoms,Ai chịu trách nhiệm dẫn dắt những chiến binh dũng cảm từ Valhalla sau khi chết trong thần thoại Bắc Âu?,Valkyrie
Rise of Kingdoms,Điều nào sau đây KHÔNG phải là bước điển hình trong xử lý nước thải?,Tải xuống
Rise of Kingdoms,Khi có người đang mang giày dẫm lên vỏ chuối thì hệ số ma sát giữa giày và vỏ chuối là:,"0,07"
Rise of Kingdoms,"Ở Hàn Quốc, điều nào sau đây KHÔNG phải là một trong những khả năng của Mulan?",Trái tim thông minh
Rise of Kingdoms,"Trong số các rãnh đại dương đã biết, rãnh nào sâu nhất thế giới?",Rãnh Mariana
Rise of Kingdoms,Tổng thống Hoa Kỳ duy nhất phục vụ hơn hai nhiệm kỳ là ai?,Franklin D. Roosevelt
Rise of Kingdoms,"Theo niên đại của người Maya, Thời kỳ Tiền cổ điển muộn rơi vào:",1 TCN đến năm 159 sau Công Nguyên
Rise of Kingdoms,"Trong truyện ngụ ngôn 'Những nhạc sĩ Bremen' của Anh em nhà Grimm, một nhóm động vật du hành đến Bremen để tìm kiếm sự nghiệp âm nhạc. Những động vật nào sau đây KHÔNG thuộc nhóm?",Con lợn
Rise of Kingdoms,Thác Iguaçu nằm ở biên giới giữa những quốc gia nào?,Brazil và Argentina
Rise of Kingdoms,Nhân vật lịch sử nào sau đây chưa từng liên quan đến y học?,Justinian
Rise of Kingdoms,Quốc gia hiện đại nào KHÔNG nằm trong lãnh thổ của nền văn minh Maya?,Cộng hòa Dominica
Rise of Kingdoms,"Ở Hàn Quốc, bạn phải làm gì để hoàn thành nhiệm vụ 'King's Sword'?",Tuyển 200 đơn vị bộ binh
Rise of Kingdoms,"Chữ rune Futhark nào đại diện cho Tyr, vị thần chiến tranh và công lý trong thần thoại Đức?",Tiwaz
Rise of Kingdoms,Cây nào sau đây phổ biến trong hệ sinh thái phương bắc?,Cây thông
Rise of Kingdoms,Sự kiện nào sau đây xảy ra ở Bắc Mỹ trong những năm hai mươi bùng nổ?,Bắt đầu xuất bản tạp chí 'Chuyện lạ'
Rise of Kingdoms,Ai đạo diễn bộ phim Mùa xuân ở thị trấn nhỏ?,Phí Mục
Rise of Kingdoms,"Vào thế kỷ 16-17, các 'bác sĩ bệnh dịch' nổi tiếng giả dạng chim chữa bệnh gì?",Bệnh dịch hạch
Rise of Kingdoms,"Ở Hàn Quốc, loại vũ khí nào sau đây có thể được sử dụng với đội hình cung tên?",Biểu tượng của miền Bắc
Rise of Kingdoms,"Ở Hàn Quốc, chỉ huy nào có thể chống đỡ các đòn tấn công của kẻ thù?",Amanitore
Rise of Kingdoms,Ai đã ra lệnh sản xuất bản thảo dân sự thường được gọi là Sách Phán xét?,William tôi
Rise of Kingdoms,Kỹ năng chuyên môn của Tư lệnh Tào Tháo được gọi là gì?,Hoàng đế nhà Ngụy
Rise of Kingdoms,Stonehenge nằm ở quốc gia bí ẩn nào?,Vương quốc Anh
Rise of Kingdoms,"Ở Hàn Quốc, viền áo của Matilda xứ Flanders có màu gì?",Màu xanh da trời
Rise of Kingdoms,Con vật nào sau đây xuất hiện trên lá cờ đế quốc Inca?,Rắn
Rise of Kingdoms,Bộ phim đầu tiên của đạo diễn Satoshi Kon là gì?,Màu xanh hoàn hảo
Rise of Kingdoms,Người quản lý nào sau đây đã dẫn dắt đội bóng của mình giành được 13 chức vô địch Giải bóng đá Anh?,Alex Ferguson
Rise of Kingdoms,Những sinh vật nào sau đây là động vật ăn thịt?,Chuồn chuồn
Rise of Kingdoms,Biển Aral từng là hồ lớn thứ tư trên thế giới nhưng phần lớn đã cạn kiệt kể từ đó. Nó nằm ở đâu?,Trung Á
Rise of Kingdoms,"Trong thần thoại Hy Lạp, vị thẩm phán nào của người chết chịu trách nhiệm bỏ phiếu quyết định cho tất cả các linh hồn?",Minos
Rise of Kingdoms,Khẩu hiệu của nhà sản xuất súng Heckler \u0026 Koch là gì?,'Không nhượng bộ!'
Rise of Kingdoms,Câu lạc bộ nào giành được nhiều chức vô địch Liên đoàn bóng đá Anh nhất?,Manchester United
Rise of Kingdoms,Ai là huấn luyện viên phục vụ lâu nhất trong lịch sử Arsenal FC?,Arsène Wenger
Rise of Kingdoms,"Khi chèo thuyền trong cơn bão, đôi khi có thể thấy hiệu ứng “sét” ở đầu cột buồm. Tên của hiện tượng này là gì?",Ngọn lửa Thánh Elmo
Rise of Kingdoms,Độ sâu tại điểm sâu nhất ở biển Baltic là:,459m
Rise of Kingdoms,Cái nào sau đây KHÔNG phải là 'vũ khí trống'?,Súng lục
Rise of Kingdoms,"Trong cờ vua quốc tế, bên nào đi trước?",Trắng
Rise of Kingdoms,"Trong truyện tranh 'Batman' của DC Comics, phiên bản Robin nào đã chết do phiếu bầu của độc giả?",Jason Todd (Mũ trùm đầu đỏ)
Rise of Kingdoms,"Trong cuộc đối thoại trong trò chơi của mình, Cleopatra VII đề cập đến ai đã bị chính các thượng nghị sĩ của mình sát hại?",Julius Caesar
Rise of Kingdoms,"Sigmund Freud, cha đẻ của phân tâm học, là người nước nào?",Áo
Rise of Kingdoms,Triều đại nào sau đây của các hoàng đế Trung Quốc được gọi là 'Triều đại Trấn Quán'?,Hoàng đế Thái Tông nhà Đường
Rise of Kingdoms,Ai đã đoạt giải Nobel ở hai lĩnh vực khác nhau?,Marie Curie
Rise of Kingdoms,Đội nào sau đây là đội đầu tiên ghi được 100 điểm trong một mùa giải ở Giải bóng đá Anh?,Thành phố Manchester
Rise of Kingdoms,Tốc độ Thu thập tăng lên như thế nào khi các thành viên liên minh thu thập tài nguyên trong lãnh thổ liên minh?,25%
Rise of Kingdoms,Biệt danh của Belisario là gì?,Người La Mã cuối cùng
Rise of Kingdoms,Quả nào KHÔNG mọc trên cây?,Quả dâu
Rise of Kingdoms,Cuộc chinh phục Constantinople của Ottoman năm 1453 đánh dấu sự kết thúc của Đế chế Đông La Mã. Hoàng đế La Mã lúc bấy giờ là ai?,Constantine XI Palaiologos
Rise of Kingdoms,Mục Tuyển dụng Thợ xây tồn tại trong bao lâu?,2 ngày
Rise of Kingdoms,Hồ lớn nhất ở châu Âu là gì?,Hồ Ladoga
Rise of Kingdoms,Điều nào sau đây không phải là lợi ích của việc nâng cấp Tavern của bạn?,Cải thiện sự đa dạng của phần thưởng trong Rương vàng
Rise of Kingdoms,"Khi nâng cấp Kho của bạn từ Lv. 24 cho Lv. 25, Tài nguyên nào có được nhiều khả năng bảo vệ tài nguyên hơn?",Vàng
Rise of Kingdoms,"Ở Hàn Quốc, vị chỉ huy nào sau đây xuất sắc trong việc chỉ huy các đơn vị vây hãm?",Margaret I
Rise of Kingdoms,"Ở Trung Quốc, bánh bao (niangao) là món ngon thường được ăn trong dịp Tết Nguyên Đán. Câu nào sau đây về niangao là KHÔNG ĐÚNG?",Chúng thường chỉ được tiêu thụ trong dịp Tết Nguyên Đán.
Rise of Kingdoms,"Theo truyền thuyết Trung Quốc, điểm nào sau đây không phải là một trong những điểm yếu của con quái vật khủng khiếp được gọi là 'Nian'?",Nước
Rise of Kingdoms,Siku Quanshu được biên soạn vào triều đại nào của Trung Quốc?,Thanh
Rise of Kingdoms,Đêm giao thừa của Trung Quốc rơi vào ngày nào theo âm lịch?,Một ngày trước Tết Nguyên đán
Rise of Kingdoms,Con giáp nào sau đây của Trung Quốc thường được coi là hư cấu?,Rồng
Rise of Kingdoms,Bài thơ Lý Sao do nhà thơ Trung Quốc nào sáng tác?,Khuất Nguyên
Rise of Kingdoms,"Trong đoạn hội thoại trong trò chơi, Tôn Tử cảnh báo thống đốc nên để mắt tới vị tướng nào?",Cao Cao
Rise of Kingdoms,Tử Cấm Thành được xây dựng dưới thời triều đại nào của Trung Quốc?,Minh
Rise of Kingdoms,Ai đã đốt Cung điện Epang được xây dựng từ thời nhà Tần ở Trung Quốc?,Hạng vũ
Rise of Kingdoms,Điều nào sau đây không phải là phong tục đón Tết phổ biến của người Trung Quốc?,Ăn bánh trung thu
Rise of Kingdoms,Hình thức nào sau đây KHÔNG được 'Bạch Cốt Thần' sử dụng trong trận chiến huyền thoại chống lại Tôn Ngộ Không trong Tây Du Ký'.,Một cậu bé
Rise of Kingdoms,"'Một trăm bốn mươi nghìn, tất cả đều không có vũ khí! Trong số này không có một người đàn ông nào'? Nhà thơ nhà Đường nào đã viết câu đối này?",Hoa Thụy phu nhân
Rise of Kingdoms,Triều đại nào của Trung Quốc cổ đại tiếp nối triều đại nhà Thương?,Nhà Chu
Rise of Kingdoms,Ai đã vẽ Nữ thần sông Lạc?,Cố Khai Chi
Rise of Kingdoms,Ai trong số này KHÔNG phải là một trong những người được gọi là '24 anh hùng' của Lingyan Pavilion?,Lý Mịch
Rise of Kingdoms,Hoài Nam Tử được biên soạn thành sách ở triều đình nào?,Lưu An
Rise of Kingdoms,'Chạy bản thảo' là một phong cách thư pháp Trung Quốc. Tác phẩm nào sau đây KHÔNG được viết dưới dạng này?,Bia chùa Duobao
Rise of Kingdoms,Nhân vật nào KHÔNG được đề cập đến trong tựa đề của bài thơ cổ Trung Quốc: 'Tám vị tiên trong chén rượu'?,Đỗ Phủ
Rise of Kingdoms,"Trong câu chuyện dân gian Trung Quốc “Cao bồi và thợ dệt”, chàng cao bồi tượng trưng cho chòm sao nào?",Aquila
Rise of Kingdoms,Ai đã viết cuốn tiểu thuyết 'Học giả'?,Ngô Kinh Tử
Rise of Kingdoms,"Ở Hàn Quốc, Tôn Tử nhắc đến nhân vật nào sau đây trong lời thoại Niềm Tin?",Hoa Mộc Lan
Rise of Kingdoms,Bản đồ Thanh Minh ghi lại cuộc sống và cảnh quan đời thường của triều đại Trung Quốc cổ đại nào?,Bài hát
Rise of Kingdoms,Trận Trường Bình diễn ra giữa hai thế lực nào?,Vương quốc Tần và Triệu
Rise of Kingdoms,Vị hoàng đế cuối cùng của Trung Quốc là ai?,Hoàng đế Huyền Thông (Puyi)
Rise of Kingdoms,Mỗi con vật trong cung hoàng đạo Trung Quốc đều gắn liền với một trong năm yếu tố cổ điển Trung Quốc. Yếu tố nào có nhiều động vật hoàng đạo nhất liên quan đến nó?,Trái đất
Rise of Kingdoms,Lăng mộ Tần Thủy Hoàng nằm ở đâu ở Trung Quốc?,Thiểm Tây
Rise of Kingdoms,Phát minh nào sau đây không được coi là một trong Tứ đại phát minh của Trung Quốc cổ đại?,Máy đo địa chấn
Rise of Kingdoms,Thiên Đàn ở Trung Quốc được xây dựng dưới thời vị hoàng đế nào?,Hoàng đế Vĩnh Lạc (Shy Di)
Rise of Kingdoms,Thạch anh tím được đánh giá cao vì màu tím sáng của nó. Nó có nhiều loại khoáng chất gì?,Thạch anh
Rise of Kingdoms,Ai đã thành lập Order of the Garter ở Anh?,Edward III
Rise of Kingdoms,Khí nào sau đây không phải là khí hiếm?,Ôxy
Rise of Kingdoms,Vật liệu nào sau đây được sử dụng để rèn các thiết bị thu thập và gìn giữ hòa bình?,Xương động vật
Rise of Kingdoms,Ilhamas có nguồn gốc từ lục địa nào?,Nam Mỹ
Rise of Kingdoms,Hòn đảo nào cao nhất thế giới?,Puncak Jaya
Rise of Kingdoms,"Trong Diễn đàn Nhà nước về 'The Twilight Woods', khu rừng tiêu biểu nằm ở hướng nào từ thành phố?",Tây
Rise of Kingdoms,"Năm 1689, hai nhà cai trị nào đã chấp thuận Tuyên ngôn Nhân quyền của Anh?",William III và Mary II
Rise of Kingdoms,Vở kịch nào sau đây của Shakespeare là một vở hài kịch lãng mạn được viết vào khoảng giữa năm 1590 và 1596?,Giấc mộng đêm hè
Rise of Kingdoms,"Trong cơ thể con người, xương nào sau đây gần tim nhất?",Xương ức
Rise of Kingdoms,Đơn vị đo nào sau đây KHÔNG dùng để đo bức xạ ion hóa?,Lumens
Rise of Kingdoms,Nữ hoàng Tamar của Georgia đã lập một hiệp ước không xâm lược với những người cai trị nào trong số này?,Saladin
Rise of Kingdoms,"Vào thời đại nào trong lịch sử Trung Quốc, 'trận chiến sông Phi' diễn ra với một số ít binh sĩ đã chinh phục được một lực lượng vượt trội hơn rất nhiều?",Triều đại Đông Tấn
Rise of Kingdoms,"Bertrand, con trai nhà Laegar, giữ chức vụ gì?",Thủ quỹ cấp cao của Aurion
Rise of Kingdoms,"Pan, “Dream Herald”, phải chịu đựng điều gì?",Mất ngủ
Rise of Kingdoms,Anh hùng nào được mệnh danh là Phù thủy lửa?,hoa huệ
Rise of Kingdoms,"Sweetdew có hương vị tươi mát, ngọt ngào và là một món quà hoàn hảo. Nó được sản xuất ở đâu?",Một ngọn núi thiêng
Rise of Kingdoms,Bản tóm tắt về những con thú huyền thoại kể về một sinh vật bị mất một mắt khi chiến đấu vì Thần ánh sáng. Nó là gì?,Phượng hoàng
Rise of Kingdoms,Cyclopes là cỗ máy giết người mạnh mẽ. War Shaman điều khiển họ thuộc tộc Orcish nào?,Gia tộc phù thủy
Rise of Kingdoms,Nhân vật nào sau đây từng là Thủ lĩnh của Wilderburg?,Một tỏi tây
Rise of Kingdoms,Tổ chức lính đánh thuê nào được thành lập bởi các pháp sư xa lánh ma thuật chính thống?,Reavers
